{"type":"FeatureCollection","name":"places","attribution":"Made with Natural Earth","features":[{"type":"Feature","id":1159113923,"properties":{"name":"Bombo","name:zh":"邦博","name:en":"Bombo","wikidata":"Q4940747","country_code":"UG","population":75000,"class":"city","rank":11,"minzoom":7,"capital":false,"region_capital":true,"source_class":"Admin-1 region capital"},"geometry":{"type":"Point","coordinates":[32.533299,0.583299]}},{"type":"Feature","id":1159113959,"properties":{"name":"Fort Portal","name:zh":"波特爾堡","name:en":"Fort Portal","wikidata":"Q500107","country_code":"UG","population":42670,"class":"city","rank":11,"minzoom":7,"capital":false,"region_capital":true,"source_class":"Admin-1 region capital"},"geometry":{"type":"Point","coordinates":[30.275002,0.671004]}},{"type":"Feature","id":1159117259,"properties":{"name":"Potenza","name:zh":"波坦察","name:en":"Potenza","wikidata":"Q3543","country_code":"IT","population":69060,"class":"city","rank":11,"minzoom":7,"capital":false,"region_capital":true,"source_class":"Admin-1 region capital"},"geometry":{"type":"Point","coordinates":[15.798996,40.642002]}},{"type":"Feature","id":1159117283,"properties":{"name":"Campobasso","name:zh":"坎波巴索","name:en":"Campobasso","wikidata":"Q3497","country_code":"IT","population":50762,"class":"city","rank":11,"minzoom":7,"capital":false,"region_capital":true,"source_class":"Admin-1 region capital"},"geometry":{"type":"Point","coordinates":[14.655997,41.562999]}},{"type":"Feature","id":1159117361,"properties":{"name":"Aosta","name:zh":"奥斯塔","name:en":"Aosta","wikidata":"Q3367","country_code":"IT","population":34062,"class":"city","rank":11,"minzoom":7,"capital":false,"region_capital":true,"source_class":"Admin-1 region capital"},"geometry":{"type":"Point","coordinates":[7.315003,45.737001]}},{"type":"Feature","id":1159119239,"properties":{"name":"Mariehamn","name:zh":"玛丽港","name:en":"Mariehamn","wikidata":"Q48329","country_code":"AX","population":10682,"class":"city","rank":11,"minzoom":7,"capital":false,"region_capital":false,"source_class":"Admin-0 region capital"},"geometry":{"type":"Point","coordinates":[19.949005,60.096996]}},{"type":"Feature","id":1159121947,"properties":{"name":"Ramallah","name:zh":"拉姆安拉","name:en":"Ramallah","wikidata":"Q158119","country_code":"PS","population":24599,"class":"city","rank":11,"minzoom":9,"capital":false,"region_capital":false,"source_class":"Admin-0 region capital"},"geometry":{"type":"Point","coordinates":[35.206209,31.902945]}},{"type":"Feature","id":1159127243,"properties":{"name":"Vatican City","name:zh":"梵蒂冈","name:en":"Vatican City","wikidata":"Q237","country_code":"VA","population":832,"class":"city","rank":9,"minzoom":7,"capital":true,"region_capital":false,"source_class":"Admin-0 capital"},"geometry":{"type":"Point","coordinates":[12.453387,41.903282]}},{"type":"Feature","id":1159130485,"properties":{"name":"Poitier","name:zh":"普瓦捷","name:en":"Poitiers","wikidata":"Q6616","country_code":"FR","population":85960,"class":"city","rank":9,"minzoom":6.7,"capital":false,"region_capital":true,"source_class":"Admin-1 region capital"},"geometry":{"type":"Point","coordinates":[0.333276,46.583292]}},{"type":"Feature","id":1159130517,"properties":{"name":"Clermont-Ferrand","name:zh":"克莱蒙费朗","name:en":"Clermont-Ferrand","wikidata":"Q42168","country_code":"FR","population":233050,"class":"city","rank":9,"minzoom":6,"capital":false,"region_capital":true,"source_class":"Admin-1 region capital"},"geometry":{"type":"Point","coordinates":[3.080008,45.779982]}},{"type":"Feature","id":1159130531,"properties":{"name":"Besançon","name:zh":"贝桑松","name:en":"Besançon","wikidata":"Q37776","country_code":"FR","population":128426,"class":"city","rank":9,"minzoom":7,"capital":false,"region_capital":true,"source_class":"Admin-1 region capital"},"geometry":{"type":"Point","coordinates":[6.030009,47.229997]}},{"type":"Feature","id":1159132379,"properties":{"name":"Artigas Base","name:zh":"阿蒂加斯站","name:en":"Artigas Base","wikidata":"Q809827","country_code":"AQ","population":60,"class":"city","rank":9,"minzoom":7,"capital":false,"region_capital":false,"source_class":"Scientific station"},"geometry":{"type":"Point","coordinates":[-58.863864,-62.173887]}},{"type":"Feature","id":1159134745,"properties":{"name":"Chipata","name:zh":"奇帕塔","name:en":"Chipata","wikidata":"Q856151","country_code":"ZM","population":85963,"class":"city","rank":8,"minzoom":6.7,"capital":false,"region_capital":true,"source_class":"Admin-1 region capital"},"geometry":{"type":"Point","coordinates":[32.640013,-13.62957]}},{"type":"Feature","id":1159135379,"properties":{"name":"Jinja","name:zh":"金贾","name:en":"Jinja","wikidata":"Q501709","country_code":"UG","population":301619,"class":"city","rank":8,"minzoom":6.7,"capital":false,"region_capital":true,"source_class":"Admin-1 region capital"},"geometry":{"type":"Point","coordinates":[33.199927,0.440424]}},{"type":"Feature","id":1159135385,"properties":{"name":"Arua","name:zh":"阿鲁阿","name:en":"Arua","wikidata":"Q500111","country_code":"UG","population":250000,"class":"city","rank":8,"minzoom":6.7,"capital":false,"region_capital":true,"source_class":"Admin-1 region capital"},"geometry":{"type":"Point","coordinates":[30.900015,3.02037]}},{"type":"Feature","id":1159135427,"properties":{"name":"Mbale","name:zh":"姆巴莱","name:en":"Mbale","wikidata":"Q1015727","country_code":"UG","population":402368,"class":"city","rank":8,"minzoom":6.7,"capital":false,"region_capital":true,"source_class":"Admin-1 region capital"},"geometry":{"type":"Point","coordinates":[34.169997,1.09041]}},{"type":"Feature","id":1159135439,"properties":{"name":"Moroto","name:zh":"莫罗托","name:en":"Moroto Town","wikidata":"Q2193389","country_code":"UG","population":371,"class":"city","rank":8,"minzoom":6.7,"capital":false,"region_capital":true,"source_class":"Admin-1 region capital"},"geometry":{"type":"Point","coordinates":[34.639994,2.540348]}},{"type":"Feature","id":1159135547,"properties":{"name":"Masaka","name:zh":"马萨卡","name:en":"Masaka","wikidata":"Q956659","country_code":"UG","population":65373,"class":"city","rank":8,"minzoom":6.7,"capital":false,"region_capital":true,"source_class":"Admin-1 region capital"},"geometry":{"type":"Point","coordinates":[31.729991,-0.329607]}},{"type":"Feature","id":1159135579,"properties":{"name":"Mbarara","name:zh":"姆巴拉拉","name:en":"Mbarara","wikidata":"Q731039","country_code":"UG","population":83700,"class":"city","rank":8,"minzoom":6.7,"capital":false,"region_capital":true,"source_class":"Admin-1 region capital"},"geometry":{"type":"Point","coordinates":[30.650005,-0.599616]}},{"type":"Feature","id":1159139257,"properties":{"name":"Otjiwarongo","name:zh":"奥奇瓦龙戈","name:en":"Otjiwarongo","wikidata":"Q993149","country_code":"NA","population":24815,"class":"city","rank":8,"minzoom":6.7,"capital":false,"region_capital":true,"source_class":"Admin-1 region capital"},"geometry":{"type":"Point","coordinates":[16.640007,-20.459541]}},{"type":"Feature","id":1159139461,"properties":{"name":"Bologna","name:zh":"波隆那","name:en":"Bologna","wikidata":"Q1891","country_code":"IT","population":488172,"class":"city","rank":8,"minzoom":6.1,"capital":false,"region_capital":true,"source_class":"Admin-1 region capital"},"geometry":{"type":"Point","coordinates":[11.340021,44.500422]}},{"type":"Feature","id":1159139469,"properties":{"name":"Cagliari","name:zh":"卡利亞里","name:en":"Cagliari","wikidata":"Q1897","country_code":"IT","population":291511,"class":"city","rank":8,"minzoom":6.1,"capital":false,"region_capital":true,"source_class":"Admin-1 region capital"},"geometry":{"type":"Point","coordinates":[9.103981,39.222398]}},{"type":"Feature","id":1159139491,"properties":{"name":"Catanzaro","name:zh":"卡坦扎罗","name:en":"Catanzaro","wikidata":"Q3883","country_code":"IT","population":95251,"class":"city","rank":8,"minzoom":6.7,"capital":false,"region_capital":true,"source_class":"Admin-1 region capital"},"geometry":{"type":"Point","coordinates":[16.60001,38.900376]}},{"type":"Feature","id":1159139505,"properties":{"name":"Bari","name:zh":"巴里","name:en":"Bari","wikidata":"Q3519","country_code":"IT","population":500577,"class":"city","rank":8,"minzoom":5.1,"capital":false,"region_capital":true,"source_class":"Admin-1 region capital"},"geometry":{"type":"Point","coordinates":[16.872758,41.11422]}},{"type":"Feature","id":1159139545,"properties":{"name":"L'Aquila","name:zh":"拉奎拉","name:en":"L’Aquila","wikidata":"Q3476","country_code":"IT","population":68503,"class":"city","rank":8,"minzoom":6.7,"capital":false,"region_capital":true,"source_class":"Admin-1 region capital"},"geometry":{"type":"Point","coordinates":[13.390025,42.350398]}},{"type":"Feature","id":1159139555,"properties":{"name":"Ancona","name:zh":"安科納","name:en":"Ancona","wikidata":"Q3415","country_code":"IT","population":100507,"class":"city","rank":8,"minzoom":6.1,"capital":false,"region_capital":true,"source_class":"Admin-1 region capital"},"geometry":{"type":"Point","coordinates":[13.499941,43.600374]}},{"type":"Feature","id":1159139559,"properties":{"name":"Perugia","name:zh":"佩鲁贾","name:en":"Perugia","wikidata":"Q3437","country_code":"IT","population":149125,"class":"city","rank":8,"minzoom":6.7,"capital":false,"region_capital":true,"source_class":"Admin-1 region capital"},"geometry":{"type":"Point","coordinates":[12.389983,43.110378]}},{"type":"Feature","id":1159139587,"properties":{"name":"Trieste","name:zh":"的里雅斯特","name:en":"Trieste","wikidata":"Q546","country_code":"IT","population":216035,"class":"city","rank":8,"minzoom":6.7,"capital":false,"region_capital":true,"source_class":"Admin-1 region capital"},"geometry":{"type":"Point","coordinates":[13.800026,45.650378]}},{"type":"Feature","id":1159139597,"properties":{"name":"Trento","name:zh":"特伦托","name:en":"Trento","wikidata":"Q3376","country_code":"IT","population":107808,"class":"city","rank":8,"minzoom":6.1,"capital":false,"region_capital":true,"source_class":"Admin-1 region capital"},"geometry":{"type":"Point","coordinates":[11.119983,46.080429]}},{"type":"Feature","id":1159140257,"properties":{"name":"Fort-de-France","name:zh":"法兰西堡","name:en":"Fort-de-France","wikidata":"Q81621","country_code":"MQ","population":253995,"class":"city","rank":8,"minzoom":6.7,"capital":false,"region_capital":true,"source_class":"Admin-1 region capital"},"geometry":{"type":"Point","coordinates":[-61.080029,14.610412]}},{"type":"Feature","id":1159141255,"properties":{"name":"Gifu","name:zh":"岐阜","name:en":"Gifu","wikidata":"Q45798","country_code":"JP","population":412895,"class":"city","rank":8,"minzoom":6.1,"capital":false,"region_capital":true,"source_class":"Admin-1 region capital"},"geometry":{"type":"Point","coordinates":[136.762753,35.423095]}},{"type":"Feature","id":1159141589,"properties":{"name":"Saint-Laurent-du-Maroni","name:zh":"马罗尼河畔圣洛朗","name:en":"Saint-Laurent-du-Maroni","wikidata":"Q319959","country_code":"GF","population":24287,"class":"city","rank":8,"minzoom":6.7,"capital":false,"region_capital":true,"source_class":"Admin-1 region capital"},"geometry":{"type":"Point","coordinates":[-54.032535,5.497624]}},{"type":"Feature","id":1159141931,"properties":{"name":"Caen","name:zh":"卡昂","name:en":"Caen","wikidata":"Q41185","country_code":"FR","population":190099,"class":"city","rank":8,"minzoom":6.7,"capital":false,"region_capital":true,"source_class":"Admin-1 region capital"},"geometry":{"type":"Point","coordinates":[-0.349989,49.183754]}},{"type":"Feature","id":1159141951,"properties":{"name":"Nantes","name:zh":"南特","name:en":"Nantes","wikidata":"Q12191","country_code":"FR","population":438537,"class":"city","rank":8,"minzoom":5.1,"capital":false,"region_capital":true,"source_class":"Admin-1 region capital"},"geometry":{"type":"Point","coordinates":[-1.590017,47.210386]}},{"type":"Feature","id":1159141961,"properties":{"name":"Ajaccio","name:zh":"阿雅克肖","name:en":"Ajaccio","wikidata":"Q40104","country_code":"FR","population":54364,"class":"city","rank":8,"minzoom":6.1,"capital":false,"region_capital":true,"source_class":"Admin-1 region capital"},"geometry":{"type":"Point","coordinates":[8.728294,41.927065]}},{"type":"Feature","id":1159141979,"properties":{"name":"Montpellier","name:zh":"蒙彼利埃","name:en":"Montpellier","wikidata":"Q6441","country_code":"FR","population":327254,"class":"city","rank":8,"minzoom":6.1,"capital":false,"region_capital":true,"source_class":"Admin-1 region capital"},"geometry":{"type":"Point","coordinates":[3.869986,43.610399]}},{"type":"Feature","id":1159142001,"properties":{"name":"Dijon","name:zh":"第戎","name:en":"Dijon","wikidata":"Q7003","country_code":"FR","population":169946,"class":"city","rank":8,"minzoom":6,"capital":false,"region_capital":true,"source_class":"Admin-1 region capital"},"geometry":{"type":"Point","coordinates":[5.030018,47.330404]}},{"type":"Feature","id":1159142017,"properties":{"name":"Orléans","name:zh":"奥尔良","name:en":"Orléans","wikidata":"Q6548","country_code":"FR","population":217301,"class":"city","rank":8,"minzoom":6.1,"capital":false,"region_capital":true,"source_class":"Admin-1 region capital"},"geometry":{"type":"Point","coordinates":[1.900028,47.900421]}},{"type":"Feature","id":1159142025,"properties":{"name":"Rouen","name:zh":"鲁昂","name:en":"Rouen","wikidata":"Q30974","country_code":"FR","population":532559,"class":"city","rank":8,"minzoom":6,"capital":false,"region_capital":true,"source_class":"Admin-1 region capital"},"geometry":{"type":"Point","coordinates":[1.079975,49.430405]}},{"type":"Feature","id":1159142043,"properties":{"name":"Reims","name:zh":"兰斯","name:en":"Reims","wikidata":"Q41876","country_code":"FR","population":196565,"class":"city","rank":8,"minzoom":6.1,"capital":false,"region_capital":true,"source_class":"Admin-1 region capital"},"geometry":{"type":"Point","coordinates":[4.029976,49.25039]}},{"type":"Feature","id":1159142053,"properties":{"name":"Amiens","name:zh":"亚眠","name:en":"Amiens","wikidata":"Q41604","country_code":"FR","population":143086,"class":"city","rank":8,"minzoom":6.7,"capital":false,"region_capital":true,"source_class":"Admin-1 region capital"},"geometry":{"type":"Point","coordinates":[2.300004,49.900377]}},{"type":"Feature","id":1159142061,"properties":{"name":"Nancy","name:zh":"南锡","name:en":"Nancy","wikidata":"Q40898","country_code":"FR","population":268976,"class":"city","rank":8,"minzoom":5.1,"capital":false,"region_capital":true,"source_class":"Admin-1 region capital"},"geometry":{"type":"Point","coordinates":[6.200024,48.683681]}},{"type":"Feature","id":1159143181,"properties":{"name":"Basse-terre","name:zh":"巴斯特尔","name:en":"Basse-Terre","wikidata":"Q167024","country_code":"GP","population":307,"class":"city","rank":8,"minzoom":6.7,"capital":false,"region_capital":true,"source_class":"Admin-1 region capital"},"geometry":{"type":"Point","coordinates":[-61.705484,16.01041]}},{"type":"Feature","id":1159144059,"properties":{"name":"Novi Sad","name:zh":"诺维萨德","name:en":"Novi Sad","wikidata":"Q55630","country_code":"RS","population":225457,"class":"city","rank":8,"minzoom":6.1,"capital":false,"region_capital":false,"source_class":"Admin-0 region capital"},"geometry":{"type":"Point","coordinates":[19.849941,45.250376]}},{"type":"Feature","id":1159145889,"properties":{"name":"Banja Luka","name:zh":"巴尼亚卢卡","name:en":"Banja Luka","wikidata":"Q131127","country_code":"BA","population":221738,"class":"city","rank":8,"minzoom":6.1,"capital":false,"region_capital":false,"source_class":"Admin-0 region capital"},"geometry":{"type":"Point","coordinates":[17.179974,44.780405]}},{"type":"Feature","id":1159146033,"properties":{"name":"George Town","name:zh":"乔治敦","name:en":"George Town","wikidata":"Q172996","country_code":"KY","population":4268,"class":"city","rank":8,"minzoom":6.7,"capital":false,"region_capital":false,"source_class":"Admin-0 region capital"},"geometry":{"type":"Point","coordinates":[-81.37157,19.294748]}},{"type":"Feature","id":1159146035,"properties":{"name":"Grand Turk","name:zh":"科伯恩城","name:en":"Cockburn Town","wikidata":"Q34205","country_code":"TC","population":5801,"class":"city","rank":8,"minzoom":6.7,"capital":false,"region_capital":false,"source_class":"Admin-0 region capital"},"geometry":{"type":"Point","coordinates":[-71.135979,21.466427]}},{"type":"Feature","id":1159146037,"properties":{"name":"Douglas","name:zh":"道格拉斯","name:en":"Douglas","wikidata":"Q18569","country_code":"IM","population":35854,"class":"city","rank":8,"minzoom":6.7,"capital":false,"region_capital":false,"source_class":"Admin-0 region capital"},"geometry":{"type":"Point","coordinates":[-4.480269,54.149122]}},{"type":"Feature","id":1159146051,"properties":{"name":"San Marino","name:zh":"圣马力诺","name:en":"San Marino","wikidata":"Q1848","country_code":"SM","population":29579,"class":"city","rank":8,"minzoom":6.1,"capital":true,"region_capital":false,"source_class":"Admin-0 capital"},"geometry":{"type":"Point","coordinates":[12.44177,43.936096]}},{"type":"Feature","id":1159146055,"properties":{"name":"Willemstad","name:zh":"威廉斯塔德","name:en":"Willemstad","wikidata":"Q132679","country_code":"CW","population":146813,"class":"city","rank":8,"minzoom":6.7,"capital":false,"region_capital":false,"source_class":"Admin-0 region capital"},"geometry":{"type":"Point","coordinates":[-68.872356,12.11229]}},{"type":"Feature","id":1159146057,"properties":{"name":"Oranjestad","name:zh":"奥腊涅斯塔德","name:en":"Oranjestad","wikidata":"Q131243","country_code":"AW","population":68775,"class":"city","rank":8,"minzoom":6.7,"capital":false,"region_capital":false,"source_class":"Admin-0 region capital"},"geometry":{"type":"Point","coordinates":[-70.025526,12.521503]}},{"type":"Feature","id":1159146061,"properties":{"name":"Vaduz","name:zh":"瓦都兹","name:en":"Vaduz","wikidata":"Q1844","country_code":"LI","population":36281,"class":"city","rank":8,"minzoom":6.7,"capital":true,"region_capital":false,"source_class":"Admin-0 capital"},"geometry":{"type":"Point","coordinates":[9.51667,47.133724]}},{"type":"Feature","id":1159146075,"properties":{"name":"Capitan Arturo Prat Station","name:zh":"阿图罗·普拉特舰长站","name:en":"Captain Arturo Prat Base","wikidata":"Q715071","country_code":"AQ","population":41,"class":"city","rank":8,"minzoom":6.1,"capital":false,"region_capital":false,"source_class":"Scientific station"},"geometry":{"type":"Point","coordinates":[-59.683318,-62.499507]}},{"type":"Feature","id":1159146077,"properties":{"name":"Marambio Base","name:zh":"马兰比奥海军准将站","name:en":"Marambio Station","wikidata":"Q141493","country_code":"AQ","population":150,"class":"city","rank":8,"minzoom":5,"capital":false,"region_capital":false,"source_class":"Scientific station"},"geometry":{"type":"Point","coordinates":[-56.650015,-64.232889]}},{"type":"Feature","id":1159146079,"properties":{"name":"Zucchelli Station","name:zh":"马里奥·祖切利站","name:en":"Zucchelli Station","wikidata":"Q1677142","country_code":"AQ","population":80,"class":"city","rank":8,"minzoom":6.7,"capital":false,"region_capital":false,"source_class":"Scientific station"},"geometry":{"type":"Point","coordinates":[164.219027,-74.619193]}},{"type":"Feature","id":1159146083,"properties":{"name":"Rothera Station","name:zh":"罗瑟拉站","name:en":"Rothera Research Station","wikidata":"Q1635867","country_code":"AQ","population":130,"class":"city","rank":8,"minzoom":4,"capital":false,"region_capital":false,"source_class":"Scientific station"},"geometry":{"type":"Point","coordinates":[-68.123541,-67.564776]}},{"type":"Feature","id":1159146085,"properties":{"name":"Palmer Station","name:zh":"帕尔默站","name:en":"Palmer Station","wikidata":"Q1333903","country_code":"AQ","population":46,"class":"city","rank":8,"minzoom":4,"capital":false,"region_capital":false,"source_class":"Scientific station"},"geometry":{"type":"Point","coordinates":[-64.046876,-64.762413]}},{"type":"Feature","id":1159146087,"properties":{"name":"Base Presidente Montalva","name:zh":"爱德华多·弗雷·蒙塔尔瓦总统基地","name:en":"Base Presidente Eduardo Frei Montalva","wikidata":"Q1928160","country_code":"AQ","population":150,"class":"city","rank":8,"minzoom":5,"capital":false,"region_capital":false,"source_class":"Scientific station"},"geometry":{"type":"Point","coordinates":[-58.907652,-62.182744]}},{"type":"Feature","id":1159146089,"properties":{"name":"Carlini Base","name:zh":"卡里尼站","name:en":"Carlini Station","wikidata":"Q1710747","country_code":"AQ","population":60,"class":"city","rank":8,"minzoom":6.1,"capital":false,"region_capital":false,"source_class":"Scientific station"},"geometry":{"type":"Point","coordinates":[-58.650476,-62.224144]}},{"type":"Feature","id":1159146091,"properties":{"name":"King Sejong Station","name:zh":"世宗科学基地","name:en":"King Sejong Station","wikidata":"Q246364","country_code":"AQ","population":90,"class":"city","rank":8,"minzoom":6.1,"capital":false,"region_capital":false,"source_class":"Scientific station"},"geometry":{"type":"Point","coordinates":[-58.771599,-62.224853]}},{"type":"Feature","id":1159146093,"properties":{"name":"Great Wall Station","name:zh":"中国南极长城站","name:en":"Great Wall Station","wikidata":"Q1548160","country_code":"AQ","population":40,"class":"city","rank":8,"minzoom":5,"capital":false,"region_capital":false,"source_class":"Scientific station"},"geometry":{"type":"Point","coordinates":[-58.966696,-62.21632]}},{"type":"Feature","id":1159146095,"properties":{"name":"Escudero Base","name:zh":"胡里奥·埃斯库德罗教授站","name:en":"Profesor Julio Escudero Base","wikidata":"Q2714138","country_code":"AQ","population":20,"class":"city","rank":8,"minzoom":6.1,"capital":false,"region_capital":false,"source_class":"Scientific station"},"geometry":{"type":"Point","coordinates":[-58.952666,-62.194963]}},{"type":"Feature","id":1159146097,"properties":{"name":"Elephant Island","name:zh":"海象岛","name:en":"Elephant Island","wikidata":"","country_code":"AQ","population":6,"class":"city","rank":8,"minzoom":6.1,"capital":false,"region_capital":false,"source_class":"Scientific station"},"geometry":{"type":"Point","coordinates":[-57.999985,-61.999589]}},{"type":"Feature","id":1159146101,"properties":{"name":"Scott Base","name:zh":"斯科特基地","name:en":"Scott Base","wikidata":"Q1136714","country_code":"AQ","population":85,"class":"city","rank":8,"minzoom":6.7,"capital":false,"region_capital":false,"source_class":"Scientific station"},"geometry":{"type":"Point","coordinates":[166.749102,-77.846938]}},{"type":"Feature","id":1159146103,"properties":{"name":"McMurdo Station","name:zh":"麦克默多站","name:en":"McMurdo Station","wikidata":"Q498627","country_code":"AQ","population":1000,"class":"city","rank":8,"minzoom":3,"capital":false,"region_capital":false,"source_class":"Scientific station"},"geometry":{"type":"Point","coordinates":[166.869416,-77.732282]}},{"type":"Feature","id":1159146105,"properties":{"name":"Zhongshan Station","name:zh":"中国南极中山站","name:en":"Zhongshan Station","wikidata":"Q197899","country_code":"AQ","population":60,"class":"city","rank":8,"minzoom":6.1,"capital":false,"region_capital":false,"source_class":"Scientific station"},"geometry":{"type":"Point","coordinates":[76.339298,-69.434063]}},{"type":"Feature","id":1159146107,"properties":{"name":"Vostok Station","name:zh":"东方站","name:en":"Vostok Station","wikidata":"Q211014","country_code":"AQ","population":25,"class":"city","rank":8,"minzoom":6.7,"capital":false,"region_capital":false,"source_class":"Scientific station"},"geometry":{"type":"Point","coordinates":[106.800034,-78.466284]}},{"type":"Feature","id":1159146109,"properties":{"name":"Peter I Island","name:zh":"彼得一世岛","name:en":"Peter I Island","wikidata":"","country_code":"AQ","population":1,"class":"city","rank":8,"minzoom":6.1,"capital":false,"region_capital":false,"source_class":"Scientific station"},"geometry":{"type":"Point","coordinates":[-90.584203,-68.795161]}},{"type":"Feature","id":1159146111,"properties":{"name":"Mirny Station","name:zh":"米爾尼站","name:en":"Mirny Station","wikidata":"Q646492","country_code":"AQ","population":169,"class":"city","rank":8,"minzoom":3,"capital":false,"region_capital":false,"source_class":"Scientific station"},"geometry":{"type":"Point","coordinates":[93.006288,-66.57553]}},{"type":"Feature","id":1159146113,"properties":{"name":"Mawson Station","name:zh":"莫森站","name:en":"Mawson Station","wikidata":"Q1434388","country_code":"AQ","population":60,"class":"city","rank":8,"minzoom":6.1,"capital":false,"region_capital":false,"source_class":"Scientific station"},"geometry":{"type":"Point","coordinates":[62.875001,-67.61452]}},{"type":"Feature","id":1159146115,"properties":{"name":"Davis Station","name:zh":"戴维斯站","name:en":"Davis Station","wikidata":"Q1315213","country_code":"AQ","population":70,"class":"city","rank":8,"minzoom":6.1,"capital":false,"region_capital":false,"source_class":"Scientific station"},"geometry":{"type":"Point","coordinates":[78.140735,-68.777674]}},{"type":"Feature","id":1159146119,"properties":{"name":"Concordia Research Station","name:zh":"康宏站","name:en":"Concordia Station","wikidata":"Q403127","country_code":"AQ","population":30,"class":"city","rank":8,"minzoom":6.7,"capital":false,"region_capital":false,"source_class":"Scientific station"},"geometry":{"type":"Point","coordinates":[124.167036,-74.666309]}},{"type":"Feature","id":1159146121,"properties":{"name":"Casey Station","name:zh":"凯西站","name:en":"Casey Station","wikidata":"Q1047169","country_code":"AQ","population":200,"class":"city","rank":8,"minzoom":3,"capital":false,"region_capital":false,"source_class":"Scientific station"},"geometry":{"type":"Point","coordinates":[110.536214,-66.286086]}},{"type":"Feature","id":1159146123,"properties":{"name":"Amundsen–Scott South Pole Station","name:zh":"阿蒙森-斯科特站","name:en":"Amundsen–Scott South Pole Station","wikidata":"Q243307","country_code":"AQ","population":200,"class":"city","rank":8,"minzoom":5,"capital":false,"region_capital":false,"source_class":"Scientific station"},"geometry":{"type":"Point","coordinates":[176.994452,-90]}},{"type":"Feature","id":1159146125,"properties":{"name":"Wasa Station","name:zh":"瓦萨站","name:en":"Wasa Research Station","wikidata":"Q2280257","country_code":"AQ","population":10,"class":"city","rank":8,"minzoom":6.1,"capital":false,"region_capital":false,"source_class":"Scientific station"},"geometry":{"type":"Point","coordinates":[-13.416711,-73.049612]}},{"type":"Feature","id":1159146127,"properties":{"name":"Troll Station","name:zh":"特罗尔站","name:en":"Troll","wikidata":"Q1082371","country_code":"AQ","population":44,"class":"city","rank":8,"minzoom":6.1,"capital":false,"region_capital":false,"source_class":"Scientific station"},"geometry":{"type":"Point","coordinates":[2.533323,-72.01629]}},{"type":"Feature","id":1159146129,"properties":{"name":"Svea Station","name:zh":"斯维站","name:en":"Svea","wikidata":"Q3445731","country_code":"AQ","population":10,"class":"city","rank":8,"minzoom":6.1,"capital":false,"region_capital":false,"source_class":"Scientific station"},"geometry":{"type":"Point","coordinates":[-11.21669,-74.582904]}},{"type":"Feature","id":1159146131,"properties":{"name":"Novolazarevskaya Station","name:zh":"诺沃拉扎列夫斯卡亚站","name:en":"Novolazarevskaya Station","wikidata":"","country_code":"AQ","population":70,"class":"city","rank":8,"minzoom":6.1,"capital":false,"region_capital":false,"source_class":"Scientific station"},"geometry":{"type":"Point","coordinates":[-11.850213,-71.301235]}},{"type":"Feature","id":1159146133,"properties":{"name":"Neumayer Station III","name:zh":"格奥尔格冯诺伊迈尔站","name:en":"Neumayer-Station III","wikidata":"Q7933","country_code":"AQ","population":40,"class":"city","rank":8,"minzoom":6.1,"capital":false,"region_capital":false,"source_class":"Scientific station"},"geometry":{"type":"Point","coordinates":[-7.838438,-70.890397]}},{"type":"Feature","id":1159146137,"properties":{"name":"Maitri Station","name:zh":"迈特里站","name:en":"Maitri","wikidata":"Q626852","country_code":"AQ","population":65,"class":"city","rank":8,"minzoom":6.1,"capital":false,"region_capital":false,"source_class":"Scientific station"},"geometry":{"type":"Point","coordinates":[11.730458,-70.78218]}},{"type":"Feature","id":1159146139,"properties":{"name":"Halley Station","name:zh":"哈雷研究站","name:en":"Halley Research Station","wikidata":"Q1571679","country_code":"AQ","population":70,"class":"city","rank":8,"minzoom":6.1,"capital":false,"region_capital":false,"source_class":"Scientific station"},"geometry":{"type":"Point","coordinates":[-26.474157,-76.092263]}},{"type":"Feature","id":1159146141,"properties":{"name":"Belgrano II Base","name:zh":"贝尔格拉诺二号站","name:en":"Belgrano II Base","wikidata":"Q2357907","country_code":"AQ","population":100,"class":"city","rank":8,"minzoom":6.1,"capital":false,"region_capital":false,"source_class":"Scientific station"},"geometry":{"type":"Point","coordinates":[-34.616683,-77.866321]}},{"type":"Feature","id":1159146143,"properties":{"name":"Sobral Base","name:zh":"索布拉尔基地","name:en":"Sobral Base","wikidata":"Q3635566","country_code":"AQ","population":40,"class":"city","rank":8,"minzoom":6.1,"capital":false,"region_capital":false,"source_class":"Scientific station"},"geometry":{"type":"Point","coordinates":[-40.501531,-81.179085]}},{"type":"Feature","id":1159146145,"properties":{"name":"Aboa Station","name:zh":"阿波阿站","name:en":"Aboa Station","wikidata":"","country_code":"AQ","population":18,"class":"city","rank":8,"minzoom":6.1,"capital":false,"region_capital":false,"source_class":"Scientific station"},"geometry":{"type":"Point","coordinates":[-13.416711,-75.049594]}},{"type":"Feature","id":1159146147,"properties":{"name":"San Martín Base","name:zh":"圣马丁站","name:en":"San Martín Base","wikidata":"Q923120","country_code":"AQ","population":20,"class":"city","rank":8,"minzoom":6.1,"capital":false,"region_capital":false,"source_class":"Scientific station"},"geometry":{"type":"Point","coordinates":[-67.099998,-68.116322]}},{"type":"Feature","id":1159146149,"properties":{"name":"Gen. O'Higgins Base","name:zh":"贝纳尔多·奥伊金斯将军站","name:en":"Base General Bernardo O'Higgins Riquelme","wikidata":"Q2318477","country_code":"AQ","population":44,"class":"city","rank":8,"minzoom":6.1,"capital":false,"region_capital":false,"source_class":"Scientific station"},"geometry":{"type":"Point","coordinates":[-57.889593,-63.328418]}},{"type":"Feature","id":1159146151,"properties":{"name":"Esperanza Base","name:zh":"埃斯佩兰萨站","name:en":"Esperanza Base","wikidata":"Q1368174","country_code":"AQ","population":250,"class":"city","rank":8,"minzoom":3,"capital":false,"region_capital":false,"source_class":"Scientific station"},"geometry":{"type":"Point","coordinates":[-57.025902,-63.375329]}},{"type":"Feature","id":1159146155,"properties":{"name":"Orcadas Station","name:zh":"奥尔卡达斯站","name:en":"Orcadas Station","wikidata":"Q1440159","country_code":"AQ","population":45,"class":"city","rank":8,"minzoom":6.1,"capital":false,"region_capital":false,"source_class":"Scientific station"},"geometry":{"type":"Point","coordinates":[-44.733301,-60.732896]}},{"type":"Feature","id":1159146157,"properties":{"name":"Signy Research Station","name:zh":"锡格兰尼岛站","name:en":"Signy Research Station","wikidata":"Q1751827","country_code":"AQ","population":8,"class":"city","rank":8,"minzoom":6.1,"capital":false,"region_capital":false,"source_class":"Scientific station"},"geometry":{"type":"Point","coordinates":[-45.600703,-60.631308]}},{"type":"Feature","id":1159146165,"properties":{"name":"Dumont d'Urville Station","name:zh":"迪蒙·迪维尔站","name:en":"Dumont d'Urville Station","wikidata":"Q403901","country_code":"AQ","population":120,"class":"city","rank":8,"minzoom":4,"capital":false,"region_capital":false,"source_class":"Scientific station"},"geometry":{"type":"Point","coordinates":[139.963684,-66.775051]}},{"type":"Feature","id":1159146167,"properties":{"name":"Showa Station","name:zh":"昭和基地","name:en":"Showa Station","wikidata":"Q1550784","country_code":"AQ","population":60,"class":"city","rank":8,"minzoom":6.1,"capital":false,"region_capital":false,"source_class":"Scientific station"},"geometry":{"type":"Point","coordinates":[39.746083,-69.030393]}},{"type":"Feature","id":1159146301,"properties":{"name":"Gibraltar","name:zh":"直布罗陀","name:en":"Gibraltar","wikidata":"Q1410","country_code":"GI","population":187083,"class":"city","rank":7,"minzoom":5.1,"capital":false,"region_capital":false,"source_class":"Admin-0 region capital"},"geometry":{"type":"Point","coordinates":[-5.346014,36.128342]}},{"type":"Feature","id":1159146343,"properties":{"name":"Lobamba","name:zh":"洛班巴","name:en":"Lobamba","wikidata":"Q101418","country_code":"SZ","population":9782,"class":"city","rank":7,"minzoom":6,"capital":false,"region_capital":false,"source_class":"Admin-0 capital alt"},"geometry":{"type":"Point","coordinates":[31.199997,-26.466667]}},{"type":"Feature","id":1159146365,"properties":{"name":"Edinburgh","name:zh":"爱丁堡","name:en":"Edinburgh","wikidata":"Q23436","country_code":"GB","population":504966,"class":"city","rank":7,"minzoom":5.1,"capital":false,"region_capital":false,"source_class":"Admin-0 region capital"},"geometry":{"type":"Point","coordinates":[-3.219091,55.948328]}},{"type":"Feature","id":1159146373,"properties":{"name":"Cardiff","name:zh":"加地夫","name:en":"Cardiff","wikidata":"Q10690","country_code":"GB","population":861400,"class":"city","rank":7,"minzoom":5.1,"capital":false,"region_capital":false,"source_class":"Admin-0 region capital"},"geometry":{"type":"Point","coordinates":[-3.167598,51.482619]}},{"type":"Feature","id":1159146433,"properties":{"name":"Longyearbyen","name:zh":"朗伊尔城","name:en":"Longyearbyen","wikidata":"Q25923","country_code":"SJ","population":1232,"class":"city","rank":7,"minzoom":6,"capital":false,"region_capital":false,"source_class":"Admin-0 region capital"},"geometry":{"type":"Point","coordinates":[15.620904,78.220971]}},{"type":"Feature","id":1159146437,"properties":{"name":"Luxembourg","name:zh":"卢森堡","name:en":"Luxembourg","wikidata":"Q1842","country_code":"LU","population":107260,"class":"city","rank":7,"minzoom":6,"capital":true,"region_capital":false,"source_class":"Admin-0 capital"},"geometry":{"type":"Point","coordinates":[6.130003,49.61166]}},{"type":"Feature","id":1159146875,"properties":{"name":"Turin","name:zh":"都灵","name:en":"Turin","wikidata":"Q495","country_code":"IT","population":1652000,"class":"city","rank":7,"minzoom":6,"capital":false,"region_capital":true,"source_class":"Admin-1 region capital"},"geometry":{"type":"Point","coordinates":[7.668015,45.072333]}},{"type":"Feature","id":1159146907,"properties":{"name":"Nouméa","name:zh":"努美阿","name:en":"Noumea","wikidata":"Q9733","country_code":"NC","population":93060,"class":"city","rank":7,"minzoom":6,"capital":false,"region_capital":false,"source_class":"Admin-0 region capital"},"geometry":{"type":"Point","coordinates":[166.444285,-22.262528]}},{"type":"Feature","id":1159147127,"properties":{"name":"Matsuyama","name:zh":"松山","name:en":"Matsuyama","wikidata":"Q200022","country_code":"JP","population":533541,"class":"city","rank":7,"minzoom":6,"capital":false,"region_capital":true,"source_class":"Admin-1 region capital"},"geometry":{"type":"Point","coordinates":[132.765839,33.845543]}},{"type":"Feature","id":1159147219,"properties":{"name":"Rennes","name:zh":"雷恩","name:en":"Rennes","wikidata":"Q647","country_code":"FR","population":209375,"class":"city","rank":7,"minzoom":6,"capital":false,"region_capital":true,"source_class":"Admin-1 region capital"},"geometry":{"type":"Point","coordinates":[-1.670012,48.100021]}},{"type":"Feature","id":1159147223,"properties":{"name":"Toulouse","name:zh":"图卢兹","name:en":"Toulouse","wikidata":"Q7880","country_code":"FR","population":847000,"class":"city","rank":7,"minzoom":6,"capital":false,"region_capital":true,"source_class":"Admin-1 region capital"},"geometry":{"type":"Point","coordinates":[1.447981,43.621905]}},{"type":"Feature","id":1159147225,"properties":{"name":"Limoges","name:zh":"利摩日","name:en":"Limoges","wikidata":"Q45656","country_code":"FR","population":152199,"class":"city","rank":7,"minzoom":6.7,"capital":false,"region_capital":true,"source_class":"Admin-1 region capital"},"geometry":{"type":"Point","coordinates":[1.249991,45.829979]}},{"type":"Feature","id":1159147227,"properties":{"name":"Lille","name:zh":"里尔","name:en":"Lille","wikidata":"Q648","country_code":"FR","population":1044000,"class":"city","rank":7,"minzoom":6,"capital":false,"region_capital":true,"source_class":"Admin-1 region capital"},"geometry":{"type":"Point","coordinates":[3.078062,50.651915]}},{"type":"Feature","id":1159147229,"properties":{"name":"Strasbourg","name:zh":"斯特拉斯堡","name:en":"Strasbourg","wikidata":"Q6602","country_code":"FR","population":439972,"class":"city","rank":7,"minzoom":6,"capital":false,"region_capital":true,"source_class":"Admin-1 region capital"},"geometry":{"type":"Point","coordinates":[7.750007,48.579966]}},{"type":"Feature","id":1159147265,"properties":{"name":"Batumi","name:zh":"巴统","name:en":"Batumi","wikidata":"Q25475","country_code":"GE","population":155542,"class":"city","rank":7,"minzoom":6,"capital":false,"region_capital":false,"source_class":"Admin-0 region capital"},"geometry":{"type":"Point","coordinates":[41.630007,41.600005]}},{"type":"Feature","id":1159147945,"properties":{"name":"Funchal","name:zh":"丰沙尔","name:en":"Funchal","wikidata":"Q25444","country_code":"PT","population":204767,"class":"city","rank":7,"minzoom":6,"capital":false,"region_capital":false,"source_class":"Admin-0 region capital"},"geometry":{"type":"Point","coordinates":[-16.88004,32.649983]}},{"type":"Feature","id":1159147985,"properties":{"name":"El Fasher","name:zh":"法希尔","name:en":"Al-Fashir","wikidata":"Q311204","country_code":"SD","population":252609,"class":"city","rank":7,"minzoom":6,"capital":false,"region_capital":true,"source_class":"Admin-1 region capital"},"geometry":{"type":"Point","coordinates":[25.350018,13.629981]}},{"type":"Feature","id":1159148229,"properties":{"name":"Keetmanshoop","name:zh":"基特曼斯胡普","name:en":"Keetmanshoop","wikidata":"Q160884","country_code":"NA","population":18039,"class":"city","rank":7,"minzoom":6,"capital":false,"region_capital":true,"source_class":"Admin-1 region capital"},"geometry":{"type":"Point","coordinates":[18.129994,-26.573896]}},{"type":"Feature","id":1159148233,"properties":{"name":"Swakopmund","name:zh":"斯瓦科普蒙德","name:en":"Swakopmund","wikidata":"Q59698","country_code":"NA","population":29491,"class":"city","rank":7,"minzoom":6,"capital":false,"region_capital":true,"source_class":"Admin-1 region capital"},"geometry":{"type":"Point","coordinates":[14.53502,-22.668863]}},{"type":"Feature","id":1159148297,"properties":{"name":"Genoa","name:zh":"热那亚","name:en":"Genoa","wikidata":"Q1449","country_code":"IT","population":647497,"class":"city","rank":7,"minzoom":5.1,"capital":false,"region_capital":true,"source_class":"Admin-1 region capital"},"geometry":{"type":"Point","coordinates":[8.930039,44.409988]}},{"type":"Feature","id":1159148621,"properties":{"name":"Sukhumi","name:zh":"苏呼米","name:en":"Sukhumi","wikidata":"Q40811","country_code":"GE","population":81546,"class":"city","rank":7,"minzoom":6,"capital":false,"region_capital":false,"source_class":"Admin-0 region capital"},"geometry":{"type":"Point","coordinates":[41.020018,43.020021]}},{"type":"Feature","id":1159149061,"properties":{"name":"Palikir","name:zh":"帕利基尔","name:en":"Palikir","wikidata":"Q42751","country_code":"FM","population":4645,"class":"city","rank":7,"minzoom":6,"capital":true,"region_capital":false,"source_class":"Admin-0 capital"},"geometry":{"type":"Point","coordinates":[158.149974,6.916644]}},{"type":"Feature","id":1159149063,"properties":{"name":"Majuro","name:zh":"马朱罗","name:en":"Majuro","wikidata":"Q12919","country_code":"MH","population":25400,"class":"city","rank":7,"minzoom":6,"capital":true,"region_capital":false,"source_class":"Admin-0 capital"},"geometry":{"type":"Point","coordinates":[171.38,7.103004]}},{"type":"Feature","id":1159149065,"properties":{"name":"Agana","name:zh":"阿加尼亚","name:en":"Hagåtña","wikidata":"Q30988","country_code":"GU","population":122411,"class":"city","rank":7,"minzoom":6,"capital":false,"region_capital":false,"source_class":"Admin-0 region capital"},"geometry":{"type":"Point","coordinates":[144.750017,13.470016]}},{"type":"Feature","id":1159149071,"properties":{"name":"Funafuti","name:zh":"富纳富提","name:en":"Funafuti","wikidata":"Q34126","country_code":"TV","population":4749,"class":"city","rank":7,"minzoom":6,"capital":true,"region_capital":false,"source_class":"Admin-0 capital"},"geometry":{"type":"Point","coordinates":[179.216647,-8.516652]}},{"type":"Feature","id":1159149073,"properties":{"name":"Melekeok","name:zh":"梅莱凯奥克","name:en":"Melekeok","wikidata":"Q154002","country_code":"PW","population":7026,"class":"city","rank":7,"minzoom":6,"capital":true,"region_capital":false,"source_class":"Admin-0 capital"},"geometry":{"type":"Point","coordinates":[134.626549,7.487396]}},{"type":"Feature","id":1159149075,"properties":{"name":"Bir Lehlou","name:zh":"比鄂-雷楼","name:en":"Bir Lehlou","wikidata":"Q614754","country_code":"EH","population":500,"class":"city","rank":7,"minzoom":6,"capital":false,"region_capital":false,"source_class":"Admin-0 capital alt"},"geometry":{"type":"Point","coordinates":[-9.652522,26.119167]}},{"type":"Feature","id":1159149077,"properties":{"name":"Monaco","name:zh":"摩纳哥","name:en":"Monaco","wikidata":"Q235","country_code":"MC","population":36371,"class":"city","rank":7,"minzoom":5.1,"capital":true,"region_capital":false,"source_class":"Admin-0 capital"},"geometry":{"type":"Point","coordinates":[7.406913,43.739646]}},{"type":"Feature","id":1159149079,"properties":{"name":"Tarawa","name:zh":"南塔拉瓦","name:en":"South Tarawa","wikidata":"Q131233","country_code":"KI","population":28802,"class":"city","rank":7,"minzoom":6,"capital":true,"region_capital":false,"source_class":"Admin-0 capital"},"geometry":{"type":"Point","coordinates":[173.017571,1.338188]}},{"type":"Feature","id":1159149083,"properties":{"name":"Moroni","name:zh":"莫洛尼","name:en":"Moroni","wikidata":"Q3901","country_code":"KM","population":128698,"class":"city","rank":7,"minzoom":6,"capital":true,"region_capital":false,"source_class":"Admin-0 capital"},"geometry":{"type":"Point","coordinates":[43.240244,-11.704158]}},{"type":"Feature","id":1159149085,"properties":{"name":"Macau","name:zh":"澳门","name:en":"Macau","wikidata":"Q14773","country_code":"MO","population":568700,"class":"city","rank":7,"minzoom":6,"capital":false,"region_capital":false,"source_class":"Admin-0 region capital"},"geometry":{"type":"Point","coordinates":[113.544375,22.189135]}},{"type":"Feature","id":1159149089,"properties":{"name":"Andorra","name:zh":"安道尔城","name:en":"Andorra la Vella","wikidata":"Q1863","country_code":"AD","population":53998,"class":"city","rank":7,"minzoom":6,"capital":true,"region_capital":false,"source_class":"Admin-0 capital"},"geometry":{"type":"Point","coordinates":[1.526594,42.510753]}},{"type":"Feature","id":1159149113,"properties":{"name":"San Bernardino","name:zh":"圣贝纳迪诺","name:en":"San Bernardino","wikidata":"Q486168","country_code":"US","population":1745000,"class":"city","rank":5,"minzoom":5.6,"capital":false,"region_capital":false,"source_class":"Populated place"},"geometry":{"type":"Point","coordinates":[-117.30198,34.12233]}},{"type":"Feature","id":1159149115,"properties":{"name":"Bridgeport","name:zh":"布里奇波特","name:en":"Bridgeport","wikidata":"Q49174","country_code":"US","population":1018000,"class":"city","rank":5,"minzoom":5.6,"capital":false,"region_capital":false,"source_class":"Populated place"},"geometry":{"type":"Point","coordinates":[-73.201907,41.181925]}},{"type":"Feature","id":1159149117,"properties":{"name":"Rochester","name:zh":"羅徹斯特","name:en":"Rochester","wikidata":"Q49218","country_code":"US","population":755000,"class":"city","rank":5,"minzoom":5.1,"capital":false,"region_capital":false,"source_class":"Populated place"},"geometry":{"type":"Point","coordinates":[-77.621896,43.172371]}},{"type":"Feature","id":1159149119,"properties":{"name":"Manchester","name:zh":"曼彻斯特","name:en":"Manchester","wikidata":"Q18125","country_code":"GB","population":2230000,"class":"city","rank":5,"minzoom":5,"capital":false,"region_capital":false,"source_class":"Populated place"},"geometry":{"type":"Point","coordinates":[-2.248685,53.47532]}},{"type":"Feature","id":1159149121,"properties":{"name":"Gujranwala","name:zh":"古吉兰瓦拉","name:en":"Gujranwala","wikidata":"Q243322","country_code":"PK","population":1513000,"class":"city","rank":5,"minzoom":5.6,"capital":false,"region_capital":false,"source_class":"Populated place"},"geometry":{"type":"Point","coordinates":[74.183076,32.162372]}},{"type":"Feature","id":1159149125,"properties":{"name":"Incheon","name:zh":"仁川廣域","name:en":"Incheon","wikidata":"Q20934","country_code":"KR","population":2550000,"class":"city","rank":5,"minzoom":5.6,"capital":false,"region_capital":true,"source_class":"Admin-1 capital"},"geometry":{"type":"Point","coordinates":[126.640288,37.478094]}},{"type":"Feature","id":1159149127,"properties":{"name":"Benin City","name:zh":"贝宁城","name:en":"Benin City","wikidata":"Q320704","country_code":"NG","population":1190000,"class":"city","rank":5,"minzoom":5.6,"capital":false,"region_capital":true,"source_class":"Admin-1 capital"},"geometry":{"type":"Point","coordinates":[5.618062,6.342423]}},{"type":"Feature","id":1159149129,"properties":{"name":"Xiamen","name:zh":"厦门","name:en":"Xiamen","wikidata":"Q68744","country_code":"CN","population":2519000,"class":"city","rank":5,"minzoom":5.6,"capital":false,"region_capital":false,"source_class":"Populated place"},"geometry":{"type":"Point","coordinates":[118.078071,24.451938]}},{"type":"Feature","id":1159149131,"properties":{"name":"Nanchong","name:zh":"南充","name:en":"Nanchong","wikidata":"Q426996","country_code":"CN","population":2174000,"class":"city","rank":5,"minzoom":5.6,"capital":false,"region_capital":false,"source_class":"Populated place"},"geometry":{"type":"Point","coordinates":[106.128051,30.782378]}},{"type":"Feature","id":1159149133,"properties":{"name":"Neijiang","name:zh":"内江","name:en":"Neijiang","wikidata":"Q426756","country_code":"CN","population":1466000,"class":"city","rank":5,"minzoom":5.6,"capital":false,"region_capital":false,"source_class":"Populated place"},"geometry":{"type":"Point","coordinates":[105.048066,29.582323]}},{"type":"Feature","id":1159149135,"properties":{"name":"Nanyang","name:zh":"南阳","name:en":"Nanyang","wikidata":"Q404763","country_code":"CN","population":1944000,"class":"city","rank":5,"minzoom":5.6,"capital":false,"region_capital":false,"source_class":"Populated place"},"geometry":{"type":"Point","coordinates":[112.528074,33.002346]}},{"type":"Feature","id":1159149137,"properties":{"name":"Jinxi","name:zh":"锦溪","name:en":"Lianshan","wikidata":"","country_code":"CN","population":2426000,"class":"city","rank":5,"minzoom":5.6,"capital":false,"region_capital":false,"source_class":"Populated place"},"geometry":{"type":"Point","coordinates":[120.828033,40.752287]}},{"type":"Feature","id":1159149139,"properties":{"name":"Yantai","name:zh":"烟台","name:en":"Yantai","wikidata":"Q210493","country_code":"CN","population":2116000,"class":"city","rank":5,"minzoom":5.6,"capital":false,"region_capital":false,"source_class":"Populated place"},"geometry":{"type":"Point","coordinates":[121.398075,37.532354]}},{"type":"Feature","id":1159149143,"properties":{"name":"Zaozhuang","name:zh":"枣庄","name:en":"Zaozhuang","wikidata":"Q147187","country_code":"CN","population":2145000,"class":"city","rank":5,"minzoom":5.1,"capital":false,"region_capital":false,"source_class":"Populated place"},"geometry":{"type":"Point","coordinates":[117.568077,34.881947]}},{"type":"Feature","id":1159149145,"properties":{"name":"Suzhou","name:zh":"苏州","name:en":"Suzhou","wikidata":"Q42622","country_code":"CN","population":1650000,"class":"city","rank":5,"minzoom":5.6,"capital":false,"region_capital":false,"source_class":"Populated place"},"geometry":{"type":"Point","coordinates":[120.618071,31.302424]}},{"type":"Feature","id":1159149147,"properties":{"name":"Xuzhou","name:zh":"徐州","name:en":"Xuzhou","wikidata":"Q57719","country_code":"CN","population":2091000,"class":"city","rank":5,"minzoom":5.6,"capital":false,"region_capital":false,"source_class":"Populated place"},"geometry":{"type":"Point","coordinates":[117.178074,34.281958]}},{"type":"Feature","id":1159149149,"properties":{"name":"Wuxi","name:zh":"无锡","name:en":"Wuxi","wikidata":"Q42651","country_code":"CN","population":1749000,"class":"city","rank":5,"minzoom":5.6,"capital":false,"region_capital":false,"source_class":"Populated place"},"geometry":{"type":"Point","coordinates":[120.298039,31.581942]}},{"type":"Feature","id":1159149151,"properties":{"name":"Jilin","name:zh":"吉林","name:en":"Jilin City","wikidata":"Q92277","country_code":"CN","population":2396000,"class":"city","rank":5,"minzoom":5.6,"capital":false,"region_capital":false,"source_class":"Populated place"},"geometry":{"type":"Point","coordinates":[126.548097,43.851917]}},{"type":"Feature","id":1159149153,"properties":{"name":"Chandigarh","name:zh":"昌迪加尔","name:en":"Chandigarh","wikidata":"Q43433","country_code":"IN","population":979000,"class":"city","rank":5,"minzoom":5.6,"capital":false,"region_capital":true,"source_class":"Admin-1 capital"},"geometry":{"type":"Point","coordinates":[76.77806,30.721943]}},{"type":"Feature","id":1159149155,"properties":{"name":"Jammu","name:zh":"查谟","name:en":"Jammu","wikidata":"Q255455","country_code":"IN","population":791000,"class":"city","rank":5,"minzoom":5.6,"capital":false,"region_capital":false,"source_class":"Populated place"},"geometry":{"type":"Point","coordinates":[74.844793,32.713733]}},{"type":"Feature","id":1159149157,"properties":{"name":"Sholapur","name:zh":"索拉普","name:en":"Solapur","wikidata":"Q237847","country_code":"IN","population":1057000,"class":"city","rank":5,"minzoom":5.6,"capital":false,"region_capital":false,"source_class":"Populated place"},"geometry":{"type":"Point","coordinates":[75.898062,17.672352]}},{"type":"Feature","id":1159149161,"properties":{"name":"Aurangabad","name:zh":"奥郎加巴德","name:en":"Aurangabad","wikidata":"Q200713","country_code":"IN","population":1113000,"class":"city","rank":5,"minzoom":5.6,"capital":false,"region_capital":false,"source_class":"Populated place"},"geometry":{"type":"Point","coordinates":[75.328948,19.861686]}},{"type":"Feature","id":1159149163,"properties":{"name":"Nasik","name:zh":"纳西克","name:en":"Nashik","wikidata":"Q200235","country_code":"IN","population":1473000,"class":"city","rank":5,"minzoom":5.6,"capital":false,"region_capital":false,"source_class":"Populated place"},"geometry":{"type":"Point","coordinates":[73.778036,20.002365]}},{"type":"Feature","id":1159149165,"properties":{"name":"Dispur","name:zh":"第斯普尔","name:en":"Dispur","wikidata":"Q271911","country_code":"IN","population":16140,"class":"city","rank":5,"minzoom":5.6,"capital":false,"region_capital":true,"source_class":"Admin-1 capital"},"geometry":{"type":"Point","coordinates":[91.766636,26.144023]}},{"type":"Feature","id":1159149167,"properties":{"name":"Jullundur","name:zh":"贾朗达尔","name:en":"Jalandhar","wikidata":"Q33377","country_code":"IN","population":855000,"class":"city","rank":5,"minzoom":5.6,"capital":false,"region_capital":false,"source_class":"Populated place"},"geometry":{"type":"Point","coordinates":[75.567074,31.336866]}},{"type":"Feature","id":1159149169,"properties":{"name":"Allahabad","name:zh":"安拉阿巴德","name:en":"Allahabad","wikidata":"Q162442","country_code":"IN","population":1201000,"class":"city","rank":5,"minzoom":5.6,"capital":false,"region_capital":false,"source_class":"Populated place"},"geometry":{"type":"Point","coordinates":[81.838061,25.456941]}},{"type":"Feature","id":1159149171,"properties":{"name":"Moradabad","name:zh":"莫拉达巴德","name:en":"Muradabad","wikidata":"Q330643","country_code":"IN","population":787000,"class":"city","rank":5,"minzoom":5.6,"capital":false,"region_capital":false,"source_class":"Populated place"},"geometry":{"type":"Point","coordinates":[78.754838,28.843737]}},{"type":"Feature","id":1159149173,"properties":{"name":"Ghaziabad","name:zh":"加济阿巴德","name:en":"Ghaziabad","wikidata":"Q207098","country_code":"IN","population":1341000,"class":"city","rank":5,"minzoom":5.6,"capital":false,"region_capital":false,"source_class":"Populated place"},"geometry":{"type":"Point","coordinates":[77.406445,28.662327]}},{"type":"Feature","id":1159149175,"properties":{"name":"Agra","name:zh":"阿格拉","name:en":"Agra","wikidata":"Q42941","country_code":"IN","population":1592000,"class":"city","rank":5,"minzoom":5.6,"capital":false,"region_capital":false,"source_class":"Populated place"},"geometry":{"type":"Point","coordinates":[78.013075,27.172366]}},{"type":"Feature","id":1159149179,"properties":{"name":"Aligarh","name:zh":"阿里格尔","name:en":"Aligarh","wikidata":"Q201832","country_code":"IN","population":805000,"class":"city","rank":5,"minzoom":5.6,"capital":false,"region_capital":false,"source_class":"Populated place"},"geometry":{"type":"Point","coordinates":[78.059842,27.894157]}},{"type":"Feature","id":1159149181,"properties":{"name":"Meerut","name:zh":"密拉特","name:en":"Meerut","wikidata":"Q200237","country_code":"IN","population":1398000,"class":"city","rank":5,"minzoom":5.6,"capital":false,"region_capital":false,"source_class":"Populated place"},"geometry":{"type":"Point","coordinates":[77.698055,29.002358]}},{"type":"Feature","id":1159149183,"properties":{"name":"Dhanbad","name:zh":"丹巴德","name:en":"Dhanbad","wikidata":"Q244159","country_code":"IN","population":1246000,"class":"city","rank":5,"minzoom":5.6,"capital":false,"region_capital":false,"source_class":"Populated place"},"geometry":{"type":"Point","coordinates":[86.41804,23.802339]}},{"type":"Feature","id":1159149185,"properties":{"name":"Gwalior","name:zh":"瓜廖尔","name:en":"Gwalior","wikidata":"Q158467","country_code":"IN","population":978000,"class":"city","rank":5,"minzoom":5.6,"capital":false,"region_capital":false,"source_class":"Populated place"},"geometry":{"type":"Point","coordinates":[78.169197,26.200035]}},{"type":"Feature","id":1159149187,"properties":{"name":"Vadodara","name:zh":"瓦多达拉","name:en":"Vadodara","wikidata":"Q11909","country_code":"IN","population":1756000,"class":"city","rank":5,"minzoom":5.6,"capital":false,"region_capital":false,"source_class":"Populated place"},"geometry":{"type":"Point","coordinates":[73.178073,22.311965]}},{"type":"Feature","id":1159149189,"properties":{"name":"Rajkot","name:zh":"莱科特","name:en":"Rajkot","wikidata":"Q11854","country_code":"IN","population":1260000,"class":"city","rank":5,"minzoom":5.6,"capital":false,"region_capital":false,"source_class":"Populated place"},"geometry":{"type":"Point","coordinates":[70.798063,22.311965]}},{"type":"Feature","id":1159149191,"properties":{"name":"Durazno","name:zh":"杜拉斯诺","name:en":"Durazno","wikidata":"Q855645","country_code":"UY","population":34037,"class":"city","rank":5,"minzoom":5.6,"capital":false,"region_capital":true,"source_class":"Admin-1 capital"},"geometry":{"type":"Point","coordinates":[-56.51005,-33.410016]}},{"type":"Feature","id":1159149193,"properties":{"name":"International Falls","name:zh":"国际瀑布城","name:en":"International Falls","wikidata":"Q946270","country_code":"US","population":15240,"class":"city","rank":5,"minzoom":5.6,"capital":false,"region_capital":false,"source_class":"Populated place"},"geometry":{"type":"Point","coordinates":[-93.410846,48.601128]}},{"type":"Feature","id":1159149197,"properties":{"name":"St.  Paul","name:zh":"圣保罗","name:en":"Saint Paul","wikidata":"Q28848","country_code":"US","population":734854,"class":"city","rank":5,"minzoom":5.6,"capital":false,"region_capital":true,"source_class":"Admin-1 capital"},"geometry":{"type":"Point","coordinates":[-93.084975,44.943987]}},{"type":"Feature","id":1159149199,"properties":{"name":"Billings","name:zh":"比灵斯","name:en":"Billings","wikidata":"Q166304","country_code":"US","population":104552,"class":"city","rank":5,"minzoom":5.6,"capital":false,"region_capital":false,"source_class":"Populated place"},"geometry":{"type":"Point","coordinates":[-108.54,45.788302]}},{"type":"Feature","id":1159149201,"properties":{"name":"Great Falls","name:zh":"大瀑布城","name:en":"Great Falls","wikidata":"Q466190","country_code":"US","population":66558,"class":"city","rank":5,"minzoom":5.6,"capital":false,"region_capital":false,"source_class":"Populated place"},"geometry":{"type":"Point","coordinates":[-111.299987,47.50029]}},{"type":"Feature","id":1159149203,"properties":{"name":"Missoula","name:zh":"米苏拉","name:en":"Missoula","wikidata":"Q189602","country_code":"US","population":72856,"class":"city","rank":5,"minzoom":5.6,"capital":false,"region_capital":false,"source_class":"Populated place"},"geometry":{"type":"Point","coordinates":[-113.993053,46.872241]}},{"type":"Feature","id":1159149205,"properties":{"name":"Minot","name:zh":"迈诺特","name:en":"Minot","wikidata":"Q487201","country_code":"US","population":39439,"class":"city","rank":5,"minzoom":5.6,"capital":false,"region_capital":false,"source_class":"Populated place"},"geometry":{"type":"Point","coordinates":[-101.295817,48.232494]}},{"type":"Feature","id":1159149207,"properties":{"name":"Fargo","name:zh":"法戈","name:en":"Fargo","wikidata":"Q34109","country_code":"US","population":162842,"class":"city","rank":5,"minzoom":5.1,"capital":false,"region_capital":false,"source_class":"Populated place"},"geometry":{"type":"Point","coordinates":[-96.789426,46.877228]}},{"type":"Feature","id":1159149209,"properties":{"name":"Hilo","name:zh":"希洛","name:en":"Hilo","wikidata":"Q216258","country_code":"US","population":52391,"class":"city","rank":5,"minzoom":5.1,"capital":false,"region_capital":false,"source_class":"Populated place"},"geometry":{"type":"Point","coordinates":[-155.08154,19.705643]}},{"type":"Feature","id":1159149211,"properties":{"name":"Olympia","name:zh":"奥林匹亚","name:en":"Olympia","wikidata":"Q42735","country_code":"US","population":156984,"class":"city","rank":5,"minzoom":5.6,"capital":false,"region_capital":true,"source_class":"Admin-1 capital"},"geometry":{"type":"Point","coordinates":[-122.899434,47.038045]}},{"type":"Feature","id":1159149215,"properties":{"name":"Spokane","name:zh":"斯波坎","name:en":"Spokane","wikidata":"Q187805","country_code":"US","population":347705,"class":"city","rank":5,"minzoom":5.1,"capital":false,"region_capital":false,"source_class":"Populated place"},"geometry":{"type":"Point","coordinates":[-117.419949,47.669996]}},{"type":"Feature","id":1159149217,"properties":{"name":"Vancouver","name:zh":"温哥华","name:en":"Vancouver","wikidata":"Q234053","country_code":"US","population":525802,"class":"city","rank":5,"minzoom":5.6,"capital":false,"region_capital":false,"source_class":"Populated place"},"geometry":{"type":"Point","coordinates":[-122.639993,45.630301]}},{"type":"Feature","id":1159149219,"properties":{"name":"Flagstaff","name:zh":"弗拉格斯塔夫","name:en":"Flagstaff","wikidata":"Q79842","country_code":"US","population":63993,"class":"city","rank":5,"minzoom":5.1,"capital":false,"region_capital":false,"source_class":"Populated place"},"geometry":{"type":"Point","coordinates":[-111.650508,35.198096]}},{"type":"Feature","id":1159149221,"properties":{"name":"Tucson","name:zh":"图森","name:en":"Tucson","wikidata":"Q18575","country_code":"US","population":823000,"class":"city","rank":5,"minzoom":5.1,"capital":false,"region_capital":false,"source_class":"Populated place"},"geometry":{"type":"Point","coordinates":[-110.891932,32.206943]}},{"type":"Feature","id":1159149223,"properties":{"name":"Santa Barbara","name:zh":"圣巴巴拉","name:en":"Santa Barbara","wikidata":"Q159288","country_code":"US","population":181632,"class":"city","rank":5,"minzoom":5.6,"capital":false,"region_capital":false,"source_class":"Populated place"},"geometry":{"type":"Point","coordinates":[-119.716618,34.410799]}},{"type":"Feature","id":1159149225,"properties":{"name":"Fresno","name:zh":"弗雷斯诺","name:en":"Fresno","wikidata":"Q43301","country_code":"US","population":616353,"class":"city","rank":5,"minzoom":5.1,"capital":false,"region_capital":false,"source_class":"Populated place"},"geometry":{"type":"Point","coordinates":[-119.772984,36.747717]}},{"type":"Feature","id":1159149227,"properties":{"name":"Eureka","name:zh":"尤里卡","name:en":"Eureka","wikidata":"Q488702","country_code":"US","population":42398,"class":"city","rank":5,"minzoom":5,"capital":false,"region_capital":false,"source_class":"Populated place"},"geometry":{"type":"Point","coordinates":[-124.150371,40.793039]}},{"type":"Feature","id":1159149229,"properties":{"name":"Colorado Springs","name:zh":"科罗拉多斯普林斯","name:en":"Colorado Springs","wikidata":"Q49258","country_code":"US","population":493654,"class":"city","rank":5,"minzoom":5.6,"capital":false,"region_capital":false,"source_class":"Populated place"},"geometry":{"type":"Point","coordinates":[-104.791986,38.862963]}},{"type":"Feature","id":1159149233,"properties":{"name":"Reno","name:zh":"雷諾","name:en":"Reno","wikidata":"Q49225","country_code":"US","population":328585,"class":"city","rank":5,"minzoom":5.1,"capital":false,"region_capital":false,"source_class":"Populated place"},"geometry":{"type":"Point","coordinates":[-119.82001,39.529976]}},{"type":"Feature","id":1159149235,"properties":{"name":"Elko","name:zh":"埃尔科","name:en":"Elko","wikidata":"Q945084","country_code":"US","population":19252,"class":"city","rank":5,"minzoom":5.6,"capital":false,"region_capital":false,"source_class":"Populated place"},"geometry":{"type":"Point","coordinates":[-115.761989,40.832506]}},{"type":"Feature","id":1159149237,"properties":{"name":"Albuquerque","name:zh":"阿尔伯克基","name:en":"Albuquerque","wikidata":"Q34804","country_code":"US","population":898642,"class":"city","rank":5,"minzoom":5.1,"capital":false,"region_capital":false,"source_class":"Populated place"},"geometry":{"type":"Point","coordinates":[-106.641331,35.104975]}},{"type":"Feature","id":1159149239,"properties":{"name":"Salem","name:zh":"塞勒姆","name:en":"Salem","wikidata":"Q43919","country_code":"US","population":229010,"class":"city","rank":5,"minzoom":5.6,"capital":false,"region_capital":true,"source_class":"Admin-1 capital"},"geometry":{"type":"Point","coordinates":[-123.023897,44.92807]}},{"type":"Feature","id":1159149241,"properties":{"name":"Casper","name:zh":"卡斯珀","name:en":"Casper","wikidata":"Q223177","country_code":"US","population":60791,"class":"city","rank":5,"minzoom":5.6,"capital":false,"region_capital":false,"source_class":"Populated place"},"geometry":{"type":"Point","coordinates":[-106.323243,42.846872]}},{"type":"Feature","id":1159149243,"properties":{"name":"Topeka","name:zh":"托皮卡","name:en":"Topeka","wikidata":"Q41057","country_code":"US","population":132091,"class":"city","rank":5,"minzoom":5.1,"capital":false,"region_capital":true,"source_class":"Admin-1 capital"},"geometry":{"type":"Point","coordinates":[-95.669985,39.050005]}},{"type":"Feature","id":1159149245,"properties":{"name":"Kansas City","name:zh":"堪萨斯城","name:en":"Kansas City","wikidata":"Q41819","country_code":"US","population":1469000,"class":"city","rank":5,"minzoom":5.1,"capital":false,"region_capital":false,"source_class":"Populated place"},"geometry":{"type":"Point","coordinates":[-94.60604,39.109034]}},{"type":"Feature","id":1159149247,"properties":{"name":"Tulsa","name:zh":"塔尔萨","name:en":"Tulsa","wikidata":"Q44989","country_code":"US","population":946962,"class":"city","rank":5,"minzoom":5.6,"capital":false,"region_capital":false,"source_class":"Populated place"},"geometry":{"type":"Point","coordinates":[-95.930021,36.120003]}},{"type":"Feature","id":1159149251,"properties":{"name":"Sioux Falls","name:zh":"苏瀑","name:en":"Sioux Falls","wikidata":"Q131335","country_code":"US","population":155724,"class":"city","rank":5,"minzoom":5.6,"capital":false,"region_capital":false,"source_class":"Populated place"},"geometry":{"type":"Point","coordinates":[-96.729998,43.549989]}},{"type":"Feature","id":1159149253,"properties":{"name":"Shreveport","name:zh":"什里夫波特","name:en":"Shreveport","wikidata":"Q80517","country_code":"US","population":248053,"class":"city","rank":5,"minzoom":5.6,"capital":false,"region_capital":false,"source_class":"Populated place"},"geometry":{"type":"Point","coordinates":[-93.770023,32.500017]}},{"type":"Feature","id":1159149255,"properties":{"name":"Baton Rouge","name:zh":"巴吞魯日","name:en":"Baton Rouge","wikidata":"Q28218","country_code":"US","population":422072,"class":"city","rank":5,"minzoom":5.6,"capital":false,"region_capital":true,"source_class":"Admin-1 capital"},"geometry":{"type":"Point","coordinates":[-91.140158,30.457946]}},{"type":"Feature","id":1159149257,"properties":{"name":"Ft.  Worth","name:zh":"沃思堡","name:en":"Fort Worth","wikidata":"Q16558","country_code":"US","population":1440454,"class":"city","rank":5,"minzoom":5.1,"capital":false,"region_capital":false,"source_class":"Populated place"},"geometry":{"type":"Point","coordinates":[-97.340038,32.739977]}},{"type":"Feature","id":1159149259,"properties":{"name":"Corpus Christi","name:zh":"科珀斯克里斯蒂","name:en":"Corpus Christi","wikidata":"Q49242","country_code":"US","population":277454,"class":"city","rank":5,"minzoom":5.6,"capital":false,"region_capital":false,"source_class":"Populated place"},"geometry":{"type":"Point","coordinates":[-97.401895,27.742814]}},{"type":"Feature","id":1159149261,"properties":{"name":"Austin","name:zh":"奥斯汀","name:en":"Austin","wikidata":"Q16559","country_code":"US","population":1161000,"class":"city","rank":5,"minzoom":5.1,"capital":false,"region_capital":true,"source_class":"Admin-1 capital"},"geometry":{"type":"Point","coordinates":[-97.744724,30.268895]}},{"type":"Feature","id":1159149263,"properties":{"name":"Amarillo","name:zh":"阿马里洛","name:en":"Amarillo","wikidata":"Q51691","country_code":"US","population":181766,"class":"city","rank":5,"minzoom":5.6,"capital":false,"region_capital":false,"source_class":"Populated place"},"geometry":{"type":"Point","coordinates":[-101.829997,35.22998]}},{"type":"Feature","id":1159149265,"properties":{"name":"El Paso","name:zh":"艾尔帕索","name:en":"El Paso","wikidata":"Q16562","country_code":"US","population":753000,"class":"city","rank":5,"minzoom":5.1,"capital":false,"region_capital":false,"source_class":"Populated place"},"geometry":{"type":"Point","coordinates":[-106.511941,31.78193]}},{"type":"Feature","id":1159149269,"properties":{"name":"Laredo","name:zh":"拉雷多","name:en":"Laredo","wikidata":"Q16868","country_code":"US","population":434768,"class":"city","rank":5,"minzoom":5.6,"capital":false,"region_capital":false,"source_class":"Populated place"},"geometry":{"type":"Point","coordinates":[-99.507218,27.506136]}},{"type":"Feature","id":1159149271,"properties":{"name":"Mérida","name:zh":"梅里達","name:en":"Mérida","wikidata":"Q23551","country_code":"VE","population":345489,"class":"city","rank":5,"minzoom":5.6,"capital":false,"region_capital":true,"source_class":"Admin-1 capital"},"geometry":{"type":"Point","coordinates":[-71.182522,8.56952]}},{"type":"Feature","id":1159149273,"properties":{"name":"Burlington","name:zh":"南柏林頓","name:en":"Burlington","wikidata":"Q31058","country_code":"US","population":93807,"class":"city","rank":5,"minzoom":5.6,"capital":false,"region_capital":false,"source_class":"Populated place"},"geometry":{"type":"Point","coordinates":[-73.212467,44.475798]}},{"type":"Feature","id":1159149275,"properties":{"name":"Montgomery","name:zh":"蒙哥马利","name:en":"Montgomery","wikidata":"Q29364","country_code":"US","population":198325,"class":"city","rank":5,"minzoom":5.6,"capital":false,"region_capital":true,"source_class":"Admin-1 capital"},"geometry":{"type":"Point","coordinates":[-86.279189,32.361602]}},{"type":"Feature","id":1159149277,"properties":{"name":"Tallahassee","name:zh":"塔拉赫西","name:en":"Tallahassee","wikidata":"Q37043","country_code":"US","population":221222,"class":"city","rank":5,"minzoom":5.6,"capital":false,"region_capital":true,"source_class":"Admin-1 capital"},"geometry":{"type":"Point","coordinates":[-84.280034,30.449988]}},{"type":"Feature","id":1159149279,"properties":{"name":"Orlando","name:zh":"奥兰多","name:en":"Orlando","wikidata":"Q49233","country_code":"US","population":1350000,"class":"city","rank":5,"minzoom":5.1,"capital":false,"region_capital":false,"source_class":"Populated place"},"geometry":{"type":"Point","coordinates":[-81.381976,28.511923]}},{"type":"Feature","id":1159149281,"properties":{"name":"Jacksonville","name:zh":"杰克逊维尔","name:en":"Jacksonville","wikidata":"Q16568","country_code":"US","population":988000,"class":"city","rank":5,"minzoom":5.1,"capital":false,"region_capital":false,"source_class":"Populated place"},"geometry":{"type":"Point","coordinates":[-81.671933,30.331967]}},{"type":"Feature","id":1159149283,"properties":{"name":"Savannah","name:zh":"萨凡纳","name:en":"Savannah","wikidata":"Q83813","country_code":"US","population":180187,"class":"city","rank":5,"minzoom":5.1,"capital":false,"region_capital":false,"source_class":"Populated place"},"geometry":{"type":"Point","coordinates":[-81.109995,32.021106]}},{"type":"Feature","id":1159149287,"properties":{"name":"Columbia","name:zh":"哥伦比亚","name:en":"Columbia","wikidata":"Q38453","country_code":"US","population":398093,"class":"city","rank":5,"minzoom":5.6,"capital":false,"region_capital":true,"source_class":"Admin-1 capital"},"geometry":{"type":"Point","coordinates":[-81.031262,33.996861]}},{"type":"Feature","id":1159149289,"properties":{"name":"Indianapolis","name:zh":"印第安纳波利斯","name:en":"Indianapolis","wikidata":"Q6346","country_code":"US","population":1436000,"class":"city","rank":5,"minzoom":5.1,"capital":false,"region_capital":true,"source_class":"Admin-1 capital"},"geometry":{"type":"Point","coordinates":[-86.171994,39.751934]}},{"type":"Feature","id":1159149291,"properties":{"name":"Wilmington","name:zh":"威尔明顿","name:en":"Wilmington","wikidata":"Q659400","country_code":"US","population":161560,"class":"city","rank":5,"minzoom":5.1,"capital":false,"region_capital":false,"source_class":"Populated place"},"geometry":{"type":"Point","coordinates":[-77.94502,34.225519]}},{"type":"Feature","id":1159149293,"properties":{"name":"Knoxville","name:zh":"诺克斯维尔","name:en":"Knoxville","wikidata":"Q185582","country_code":"US","population":655400,"class":"city","rank":5,"minzoom":5.6,"capital":false,"region_capital":false,"source_class":"Populated place"},"geometry":{"type":"Point","coordinates":[-83.92003,35.970012]}},{"type":"Feature","id":1159149295,"properties":{"name":"Richmond","name:zh":"里士满","name:en":"Richmond","wikidata":"Q43421","country_code":"US","population":912000,"class":"city","rank":5,"minzoom":5,"capital":false,"region_capital":true,"source_class":"Admin-1 capital"},"geometry":{"type":"Point","coordinates":[-77.451932,37.551965]}},{"type":"Feature","id":1159149297,"properties":{"name":"Charleston","name:zh":"查尔斯顿","name:en":"Charleston","wikidata":"Q44564","country_code":"US","population":123799,"class":"city","rank":5,"minzoom":5.1,"capital":false,"region_capital":true,"source_class":"Admin-1 capital"},"geometry":{"type":"Point","coordinates":[-81.632728,38.349738]}},{"type":"Feature","id":1159149299,"properties":{"name":"Baltimore","name:zh":"巴尔的摩","name:en":"Baltimore","wikidata":"Q5092","country_code":"US","population":2255000,"class":"city","rank":5,"minzoom":5.6,"capital":false,"region_capital":false,"source_class":"Populated place"},"geometry":{"type":"Point","coordinates":[-76.614582,39.281516]}},{"type":"Feature","id":1159149301,"properties":{"name":"Syracuse","name:zh":"锡拉丘兹","name:en":"Syracuse","wikidata":"Q128069","country_code":"US","population":662577,"class":"city","rank":5,"minzoom":5.6,"capital":false,"region_capital":false,"source_class":"Populated place"},"geometry":{"type":"Point","coordinates":[-76.150014,43.049994]}},{"type":"Feature","id":1159149305,"properties":{"name":"Puerto Ayacucho","name:zh":"阿亞庫喬港","name:en":"Puerto Ayacucho","wikidata":"Q372920","country_code":"VE","population":52526,"class":"city","rank":5,"minzoom":5.6,"capital":false,"region_capital":true,"source_class":"Admin-1 capital"},"geometry":{"type":"Point","coordinates":[-67.623609,5.663904]}},{"type":"Feature","id":1159149307,"properties":{"name":"Port-of-Spain","name:zh":"西班牙港","name:en":"Port of Spain","wikidata":"Q39178","country_code":"TT","population":294934,"class":"city","rank":5,"minzoom":5.1,"capital":true,"region_capital":false,"source_class":"Admin-0 capital"},"geometry":{"type":"Point","coordinates":[-61.517031,10.651997]}},{"type":"Feature","id":1159149309,"properties":{"name":"Augusta","name:zh":"奥古斯塔","name:en":"Augusta","wikidata":"Q28206","country_code":"US","population":24042,"class":"city","rank":5,"minzoom":5.6,"capital":false,"region_capital":true,"source_class":"Admin-1 capital"},"geometry":{"type":"Point","coordinates":[-69.779989,44.310563]}},{"type":"Feature","id":1159149311,"properties":{"name":"Sault Ste. Marie","name:zh":"苏圣玛丽","name:en":"Sault Ste. Marie","wikidata":"Q986634","country_code":"US","population":83805,"class":"city","rank":5,"minzoom":5.1,"capital":false,"region_capital":false,"source_class":"Populated place"},"geometry":{"type":"Point","coordinates":[-84.345276,46.495261]}},{"type":"Feature","id":1159149313,"properties":{"name":"Atakpamé","name:zh":"阿塔帕梅","name:en":"Atakpamé","wikidata":"Q126124","country_code":"TG","population":80683,"class":"city","rank":5,"minzoom":5.6,"capital":false,"region_capital":true,"source_class":"Admin-1 capital"},"geometry":{"type":"Point","coordinates":[1.120024,7.530043]}},{"type":"Feature","id":1159149315,"properties":{"name":"Sousse","name:zh":"苏塞","name:en":"Sousse","wikidata":"Q180717","country_code":"TN","population":327004,"class":"city","rank":5,"minzoom":5.6,"capital":false,"region_capital":true,"source_class":"Admin-1 capital"},"geometry":{"type":"Point","coordinates":[10.625026,35.829995]}},{"type":"Feature","id":1159149317,"properties":{"name":"Taizz","name:zh":"塔伊兹","name:en":"Ta'izz","wikidata":"Q466216","country_code":"YE","population":751000,"class":"city","rank":5,"minzoom":5.1,"capital":false,"region_capital":true,"source_class":"Admin-1 capital"},"geometry":{"type":"Point","coordinates":[44.037474,13.606398]}},{"type":"Feature","id":1159149319,"properties":{"name":"Sitka","name:zh":"锡特卡","name:en":"Sitka","wikidata":"Q79804","country_code":"US","population":8931,"class":"city","rank":5,"minzoom":5.1,"capital":false,"region_capital":false,"source_class":"Populated place"},"geometry":{"type":"Point","coordinates":[-135.327549,57.060398]}},{"type":"Feature","id":1159149323,"properties":{"name":"Lviv","name:zh":"利沃夫","name:en":"Lviv","wikidata":"Q36036","country_code":"UA","population":803880,"class":"city","rank":5,"minzoom":5.1,"capital":false,"region_capital":true,"source_class":"Admin-1 capital"},"geometry":{"type":"Point","coordinates":[24.029995,49.83498]}},{"type":"Feature","id":1159149325,"properties":{"name":"Odessa","name:zh":"敖德萨","name:en":"Odessa","wikidata":"Q1874","country_code":"UA","population":991000,"class":"city","rank":5,"minzoom":5.1,"capital":false,"region_capital":true,"source_class":"Admin-1 capital"},"geometry":{"type":"Point","coordinates":[30.708055,46.491962]}},{"type":"Feature","id":1159149327,"properties":{"name":"Zhytomyr","name:zh":"日托米尔","name:en":"Zhytomyr","wikidata":"Q156713","country_code":"UA","population":282192,"class":"city","rank":5,"minzoom":5.6,"capital":false,"region_capital":true,"source_class":"Admin-1 capital"},"geometry":{"type":"Point","coordinates":[28.662167,50.245575]}},{"type":"Feature","id":1159149329,"properties":{"name":"Dnipro","name:zh":"第聂伯罗","name:en":"Dnipro","wikidata":"Q48256","country_code":"UA","population":1050000,"class":"city","rank":5,"minzoom":5.1,"capital":false,"region_capital":true,"source_class":"Admin-1 capital"},"geometry":{"type":"Point","coordinates":[34.998078,48.481918]}},{"type":"Feature","id":1159149331,"properties":{"name":"Donetsk","name:zh":"顿涅茨克","name:en":"Donetsk","wikidata":"Q43070","country_code":"UA","population":988000,"class":"city","rank":5,"minzoom":5,"capital":false,"region_capital":true,"source_class":"Admin-1 capital"},"geometry":{"type":"Point","coordinates":[37.828034,48.001947]}},{"type":"Feature","id":1159149333,"properties":{"name":"Kharkiv","name:zh":"哈尔科夫","name:en":"Kharkiv","wikidata":"Q42308","country_code":"UA","population":1461000,"class":"city","rank":5,"minzoom":5.1,"capital":false,"region_capital":true,"source_class":"Admin-1 capital"},"geometry":{"type":"Point","coordinates":[36.248079,50.001929]}},{"type":"Feature","id":1159149335,"properties":{"name":"Türkmenbaşy","name:zh":"土库曼巴希","name:en":"Türkmenbaşy","wikidata":"Q488987","country_code":"TM","population":68292,"class":"city","rank":5,"minzoom":5.6,"capital":false,"region_capital":true,"source_class":"Admin-1 capital"},"geometry":{"type":"Point","coordinates":[52.969676,40.023047]}},{"type":"Feature","id":1159149337,"properties":{"name":"Bukhara","name:zh":"布哈拉","name:en":"Bukhara","wikidata":"Q5764","country_code":"UZ","population":319476,"class":"city","rank":5,"minzoom":5.1,"capital":false,"region_capital":true,"source_class":"Admin-1 capital"},"geometry":{"type":"Point","coordinates":[64.43001,39.780012]}},{"type":"Feature","id":1159149341,"properties":{"name":"Nukus","name:zh":"努库斯","name:en":"Nukus","wikidata":"Q489898","country_code":"UZ","population":230006,"class":"city","rank":5,"minzoom":5.6,"capital":false,"region_capital":true,"source_class":"Admin-1 capital"},"geometry":{"type":"Point","coordinates":[59.615007,42.470003]}},{"type":"Feature","id":1159149343,"properties":{"name":"Türkmenabat","name:zh":"土库曼纳巴德","name:en":"Türkmenabat","wikidata":"Q487684","country_code":"TM","population":234817,"class":"city","rank":5,"minzoom":5.6,"capital":false,"region_capital":true,"source_class":"Admin-1 capital"},"geometry":{"type":"Point","coordinates":[63.580036,39.110002]}},{"type":"Feature","id":1159149345,"properties":{"name":"Mary","name:zh":"马雷","name:en":"Mary","wikidata":"Q5713","country_code":"TM","population":178708,"class":"city","rank":5,"minzoom":5.1,"capital":false,"region_capital":true,"source_class":"Admin-1 capital"},"geometry":{"type":"Point","coordinates":[61.833321,37.600016]}},{"type":"Feature","id":1159149347,"properties":{"name":"Andijan","name:zh":"安集延","name:en":"Andijan","wikidata":"Q487656","country_code":"UZ","population":650000,"class":"city","rank":5,"minzoom":5.1,"capital":false,"region_capital":true,"source_class":"Admin-1 capital"},"geometry":{"type":"Point","coordinates":[72.339967,40.790002]}},{"type":"Feature","id":1159149349,"properties":{"name":"Haiphong","name:zh":"海防","name:en":"Haiphong","wikidata":"Q72818","country_code":"VN","population":1969000,"class":"city","rank":5,"minzoom":5.6,"capital":false,"region_capital":true,"source_class":"Admin-1 capital"},"geometry":{"type":"Point","coordinates":[106.678147,20.831952]}},{"type":"Feature","id":1159149351,"properties":{"name":"Da Nang","name:zh":"岘港","name:en":"Da Nang","wikidata":"Q25282","country_code":"VN","population":1000000,"class":"city","rank":5,"minzoom":5.6,"capital":false,"region_capital":true,"source_class":"Admin-1 capital"},"geometry":{"type":"Point","coordinates":[108.249971,16.060039]}},{"type":"Feature","id":1159149353,"properties":{"name":"Kabwe","name:zh":"卡布韦","name:en":"Kabwe","wikidata":"Q216902","country_code":"ZM","population":188979,"class":"city","rank":5,"minzoom":5.6,"capital":false,"region_capital":true,"source_class":"Admin-1 capital"},"geometry":{"type":"Point","coordinates":[28.449984,-14.440011]}},{"type":"Feature","id":1159149355,"properties":{"name":"Mufulira","name:zh":"穆富利拉","name:en":"Mufulira","wikidata":"Q636209","country_code":"ZM","population":153624,"class":"city","rank":5,"minzoom":5.6,"capital":false,"region_capital":false,"source_class":"Populated place"},"geometry":{"type":"Point","coordinates":[28.25997,-12.549997]}},{"type":"Feature","id":1159149359,"properties":{"name":"Kitwe","name:zh":"基特韦","name:en":"Kitwe","wikidata":"Q239580","country_code":"ZM","population":404901,"class":"city","rank":5,"minzoom":5.6,"capital":false,"region_capital":false,"source_class":"Populated place"},"geometry":{"type":"Point","coordinates":[28.220024,-12.810033]}},{"type":"Feature","id":1159149361,"properties":{"name":"Livingstone","name:zh":"利文斯顿","name:en":"Livingstone","wikidata":"Q1866604","country_code":"ZM","population":165480,"class":"city","rank":5,"minzoom":5.6,"capital":false,"region_capital":true,"source_class":"Admin-1 capital"},"geometry":{"type":"Point","coordinates":[25.860013,-17.860009]}},{"type":"Feature","id":1159149363,"properties":{"name":"Chitungwiza","name:zh":"奇通圭扎","name:en":"Chitungwiza","wikidata":"Q399119","country_code":"ZW","population":340360,"class":"city","rank":5,"minzoom":5.6,"capital":false,"region_capital":false,"source_class":"Populated place"},"geometry":{"type":"Point","coordinates":[31.100003,-18.000001]}},{"type":"Feature","id":1159149365,"properties":{"name":"Douala","name:zh":"杜阿拉","name:en":"Douala","wikidata":"Q132830","country_code":"CM","population":1906000,"class":"city","rank":5,"minzoom":5.6,"capital":false,"region_capital":true,"source_class":"Admin-1 capital"},"geometry":{"type":"Point","coordinates":[9.708045,4.062356]}},{"type":"Feature","id":1159149367,"properties":{"name":"Birmingham","name:zh":"伯明翰","name:en":"Birmingham","wikidata":"Q2256","country_code":"GB","population":2285000,"class":"city","rank":5,"minzoom":5,"capital":false,"region_capital":false,"source_class":"Populated place"},"geometry":{"type":"Point","coordinates":[-1.921943,52.47692]}},{"type":"Feature","id":1159149369,"properties":{"name":"Belfast","name:zh":"贝尔法斯特","name:en":"Belfast","wikidata":"Q10686","country_code":"GB","population":450406,"class":"city","rank":5,"minzoom":5,"capital":false,"region_capital":false,"source_class":"Admin-0 region capital"},"geometry":{"type":"Point","coordinates":[-5.928178,54.594245]}},{"type":"Feature","id":1159149371,"properties":{"name":"İzmir","name:zh":"伊兹密尔","name:en":"İzmir","wikidata":"Q35997","country_code":"TR","population":2587000,"class":"city","rank":5,"minzoom":5.1,"capital":false,"region_capital":true,"source_class":"Admin-1 capital"},"geometry":{"type":"Point","coordinates":[27.149848,38.438096]}},{"type":"Feature","id":1159149373,"properties":{"name":"Bursa","name:zh":"布尔萨","name:en":"Bursa","wikidata":"Q40738","country_code":"TR","population":1492000,"class":"city","rank":5,"minzoom":5.1,"capital":false,"region_capital":true,"source_class":"Admin-1 capital"},"geometry":{"type":"Point","coordinates":[29.068052,40.201933]}},{"type":"Feature","id":1159149377,"properties":{"name":"Samsun","name:zh":"萨姆松","name:en":"Samsun","wikidata":"Q160450","country_code":"TR","population":609339,"class":"city","rank":5,"minzoom":5.6,"capital":false,"region_capital":true,"source_class":"Admin-1 capital"},"geometry":{"type":"Point","coordinates":[36.343663,41.279998]}},{"type":"Feature","id":1159149379,"properties":{"name":"Konya","name:zh":"科尼亚","name:en":"Konya","wikidata":"Q79857","country_code":"TR","population":919000,"class":"city","rank":5,"minzoom":5.6,"capital":false,"region_capital":true,"source_class":"Admin-1 capital"},"geometry":{"type":"Point","coordinates":[32.473064,37.876958]}},{"type":"Feature","id":1159149381,"properties":{"name":"Adana","name:zh":"阿达纳","name:en":"Adana","wikidata":"Q38545","country_code":"TR","population":1293000,"class":"city","rank":5,"minzoom":5.1,"capital":false,"region_capital":true,"source_class":"Admin-1 capital"},"geometry":{"type":"Point","coordinates":[35.318058,36.996935]}},{"type":"Feature","id":1159149383,"properties":{"name":"Gulu","name:zh":"古盧","name:en":"Gulu","wikidata":"Q581379","country_code":"UG","population":146858,"class":"city","rank":5,"minzoom":5.6,"capital":false,"region_capital":true,"source_class":"Admin-1 region capital"},"geometry":{"type":"Point","coordinates":[32.280034,2.779997]}},{"type":"Feature","id":1159149385,"properties":{"name":"Kigali","name:zh":"吉佳利","name:en":"Kigali","wikidata":"Q3859","country_code":"RW","population":860000,"class":"city","rank":5,"minzoom":5.1,"capital":true,"region_capital":false,"source_class":"Admin-0 capital"},"geometry":{"type":"Point","coordinates":[30.058586,-1.951644]}},{"type":"Feature","id":1159149387,"properties":{"name":"Cottica","name:zh":"科蒂卡","name:en":"Cottica","wikidata":"Q1376242","country_code":"SR","population":29210,"class":"city","rank":5,"minzoom":5.6,"capital":false,"region_capital":false,"source_class":"Populated place"},"geometry":{"type":"Point","coordinates":[-54.233289,3.850009]}},{"type":"Feature","id":1159149389,"properties":{"name":"Córdoba","name:zh":"科尔多瓦","name:en":"Córdoba","wikidata":"Q5818","country_code":"ES","population":321376,"class":"city","rank":5,"minzoom":5.6,"capital":false,"region_capital":false,"source_class":"Populated place"},"geometry":{"type":"Point","coordinates":[-4.770004,37.879999]}},{"type":"Feature","id":1159149391,"properties":{"name":"Niamey","name:zh":"马拉迪","name:en":"Niamey","wikidata":"Q664550","country_code":"NE","population":232555,"class":"city","rank":5,"minzoom":5.6,"capital":false,"region_capital":true,"source_class":"Admin-1 capital"},"geometry":{"type":"Point","coordinates":[7.096404,13.491643]}},{"type":"Feature","id":1159149395,"properties":{"name":"Tahoua","name:zh":"塔瓦","name:en":"Tahoua","wikidata":"Q877122","country_code":"NE","population":115956,"class":"city","rank":5,"minzoom":5.6,"capital":false,"region_capital":true,"source_class":"Admin-1 capital"},"geometry":{"type":"Point","coordinates":[5.259927,14.899981]}},{"type":"Feature","id":1159149397,"properties":{"name":"Constanța","name:zh":"康斯坦察","name:en":"Constanța","wikidata":"Q79808","country_code":"RO","population":303399,"class":"city","rank":5,"minzoom":5.6,"capital":false,"region_capital":true,"source_class":"Admin-1 capital"},"geometry":{"type":"Point","coordinates":[28.609974,44.202662]}},{"type":"Feature","id":1159149399,"properties":{"name":"Luleå","name:zh":"吕勒奥","name:en":"Luleå","wikidata":"Q26268","country_code":"SE","population":48638,"class":"city","rank":5,"minzoom":5.1,"capital":false,"region_capital":true,"source_class":"Admin-1 capital"},"geometry":{"type":"Point","coordinates":[22.158378,65.596635]}},{"type":"Feature","id":1159149401,"properties":{"name":"Sundsvall","name:zh":"松玆瓦爾","name:en":"Sundsvall","wikidata":"Q26476","country_code":"SE","population":73389,"class":"city","rank":5,"minzoom":5.1,"capital":false,"region_capital":false,"source_class":"Populated place"},"geometry":{"type":"Point","coordinates":[17.316658,62.400053]}},{"type":"Feature","id":1159149403,"properties":{"name":"Iași","name:zh":"雅西","name:en":"Iași","wikidata":"Q46852","country_code":"RO","population":325914,"class":"city","rank":5,"minzoom":5.6,"capital":false,"region_capital":true,"source_class":"Admin-1 capital"},"geometry":{"type":"Point","coordinates":[27.574947,47.168347]}},{"type":"Feature","id":1159149405,"properties":{"name":"Surat Thani","name:zh":"素叻他尼","name:en":"Surat Thani","wikidata":"Q840951","country_code":"TH","population":157627,"class":"city","rank":5,"minzoom":5.6,"capital":false,"region_capital":true,"source_class":"Admin-1 capital"},"geometry":{"type":"Point","coordinates":[99.340127,9.150099]}},{"type":"Feature","id":1159149407,"properties":{"name":"Chiang Mai","name:zh":"清迈","name:en":"Chiang Mai","wikidata":"Q52028","country_code":"TH","population":397211,"class":"city","rank":5,"minzoom":5.6,"capital":false,"region_capital":true,"source_class":"Admin-1 capital"},"geometry":{"type":"Point","coordinates":[98.980046,18.799975]}},{"type":"Feature","id":1159149409,"properties":{"name":"Nakhon Ratchasima","name:zh":"那空叻差是玛","name:en":"Nakhon Ratchasima","wikidata":"Q633036","country_code":"TH","population":334984,"class":"city","rank":5,"minzoom":5.6,"capital":false,"region_capital":true,"source_class":"Admin-1 capital"},"geometry":{"type":"Point","coordinates":[102.10001,15.000026]}},{"type":"Feature","id":1159149413,"properties":{"name":"Mbabane","name:zh":"墨巴本","name:en":"Mbabane","wikidata":"Q3904","country_code":"SZ","population":90138,"class":"city","rank":5,"minzoom":5.6,"capital":true,"region_capital":false,"source_class":"Admin-0 capital"},"geometry":{"type":"Point","coordinates":[31.133335,-26.316651]}},{"type":"Feature","id":1159149415,"properties":{"name":"Piura","name:zh":"皮乌拉","name:en":"Piura","wikidata":"Q223966","country_code":"PE","population":396932,"class":"city","rank":5,"minzoom":5.6,"capital":false,"region_capital":true,"source_class":"Admin-1 capital"},"geometry":{"type":"Point","coordinates":[-80.629973,-5.210032]}},{"type":"Feature","id":1159149417,"properties":{"name":"Arequipa","name:zh":"阿雷基帕","name:en":"Arequipa","wikidata":"Q159273","country_code":"PE","population":815000,"class":"city","rank":5,"minzoom":5.6,"capital":false,"region_capital":true,"source_class":"Admin-1 capital"},"geometry":{"type":"Point","coordinates":[-71.531957,-16.418048]}},{"type":"Feature","id":1159149419,"properties":{"name":"Chimbote","name:zh":"钦博特","name:en":"Chimbote","wikidata":"Q518431","country_code":"PE","population":349846,"class":"city","rank":5,"minzoom":5.6,"capital":false,"region_capital":false,"source_class":"Populated place"},"geometry":{"type":"Point","coordinates":[-78.569995,-9.070003]}},{"type":"Feature","id":1159149421,"properties":{"name":"Pucallpa","name:zh":"普兰尔帕","name:en":"Pucallpa","wikidata":"Q217071","country_code":"PE","population":310750,"class":"city","rank":5,"minzoom":5.1,"capital":false,"region_capital":true,"source_class":"Admin-1 capital"},"geometry":{"type":"Point","coordinates":[-74.534996,-8.368909]}},{"type":"Feature","id":1159149423,"properties":{"name":"Iquitos","name:zh":"伊基托斯","name:en":"Iquitos","wikidata":"Q193289","country_code":"PE","population":458729,"class":"city","rank":5,"minzoom":5.1,"capital":false,"region_capital":true,"source_class":"Admin-1 capital"},"geometry":{"type":"Point","coordinates":[-73.25001,-3.750018]}},{"type":"Feature","id":1159149425,"properties":{"name":"Huancayo","name:zh":"万卡约","name:en":"Huancayo","wikidata":"Q468782","country_code":"PE","population":412733,"class":"city","rank":5,"minzoom":5.6,"capital":false,"region_capital":true,"source_class":"Admin-1 capital"},"geometry":{"type":"Point","coordinates":[-75.20002,-12.08]}},{"type":"Feature","id":1159149427,"properties":{"name":"Ciudad del Este","name:zh":"东方","name:en":"Ciudad del Este","wikidata":"Q192235","country_code":"PY","population":320872,"class":"city","rank":5,"minzoom":5.6,"capital":false,"region_capital":true,"source_class":"Admin-1 capital"},"geometry":{"type":"Point","coordinates":[-54.616057,-25.5167]}},{"type":"Feature","id":1159149431,"properties":{"name":"Ponta Delgada","name:zh":"蓬塔德尔加达","name:en":"Ponta Delgada","wikidata":"Q208149","country_code":"PT","population":61526,"class":"city","rank":5,"minzoom":5.6,"capital":false,"region_capital":false,"source_class":"Admin-0 region capital"},"geometry":{"type":"Point","coordinates":[-25.666584,37.748302]}},{"type":"Feature","id":1159149433,"properties":{"name":"Vigo","name:zh":"维戈","name:en":"Vigo","wikidata":"Q8745","country_code":"ES","population":378952,"class":"city","rank":5,"minzoom":5.6,"capital":false,"region_capital":false,"source_class":"Populated place"},"geometry":{"type":"Point","coordinates":[-8.729995,42.220019]}},{"type":"Feature","id":1159149435,"properties":{"name":"Bilbao","name:zh":"毕尔巴鄂","name:en":"Bilbao","wikidata":"Q8692","country_code":"ES","population":875552,"class":"city","rank":5,"minzoom":5,"capital":false,"region_capital":false,"source_class":"Populated place"},"geometry":{"type":"Point","coordinates":[-2.929987,43.249981]}},{"type":"Feature","id":1159149437,"properties":{"name":"Kaolack","name:zh":"考拉克","name:en":"Kaolack","wikidata":"Q847677","country_code":"SN","population":277812,"class":"city","rank":5,"minzoom":5.6,"capital":false,"region_capital":true,"source_class":"Admin-1 capital"},"geometry":{"type":"Point","coordinates":[-16.10001,14.149975]}},{"type":"Feature","id":1159149439,"properties":{"name":"Kaédi","name:zh":"卡埃迪","name:en":"Kaédi","wikidata":"Q524984","country_code":"SN","population":21656,"class":"city","rank":5,"minzoom":5.6,"capital":false,"region_capital":true,"source_class":"Admin-1 capital"},"geometry":{"type":"Point","coordinates":[-13.499988,16.150008]}},{"type":"Feature","id":1159149441,"properties":{"name":"Geneina","name:zh":"朱奈纳","name:en":"Geneina","wikidata":"Q311309","country_code":"SD","population":162981,"class":"city","rank":5,"minzoom":5.6,"capital":false,"region_capital":true,"source_class":"Admin-1 capital"},"geometry":{"type":"Point","coordinates":[22.440015,13.450017]}},{"type":"Feature","id":1159149443,"properties":{"name":"Medina","name:zh":"麦地那","name:en":"Medina","wikidata":"Q35484","country_code":"SA","population":1010000,"class":"city","rank":5,"minzoom":5.1,"capital":false,"region_capital":true,"source_class":"Admin-1 capital"},"geometry":{"type":"Point","coordinates":[39.578057,24.501935]}},{"type":"Feature","id":1159149445,"properties":{"name":"Tabuk","name:zh":"塔布克","name:en":"Tabuk","wikidata":"Q244232","country_code":"SA","population":547957,"class":"city","rank":5,"minzoom":5.6,"capital":false,"region_capital":true,"source_class":"Admin-1 capital"},"geometry":{"type":"Point","coordinates":[36.554967,28.383835]}},{"type":"Feature","id":1159149449,"properties":{"name":"Juba","name:zh":"朱巴","name:en":"Juba","wikidata":"Q1947","country_code":"SS","population":111975,"class":"city","rank":5,"minzoom":5.1,"capital":false,"region_capital":false,"source_class":"Admin-0 capital"},"geometry":{"type":"Point","coordinates":[31.580026,4.829975]}},{"type":"Feature","id":1159149451,"properties":{"name":"Malakal","name:zh":"马拉卡尔","name:en":"Malakal","wikidata":"Q220049","country_code":"SS","population":160765,"class":"city","rank":5,"minzoom":5.6,"capital":false,"region_capital":true,"source_class":"Admin-1 region capital"},"geometry":{"type":"Point","coordinates":[31.65599,9.536897]}},{"type":"Feature","id":1159149453,"properties":{"name":"Omdurman","name:zh":"恩图曼","name:en":"Omdurman","wikidata":"Q180921","country_code":"SD","population":2395159,"class":"city","rank":5,"minzoom":5.6,"capital":false,"region_capital":true,"source_class":"Admin-1 capital"},"geometry":{"type":"Point","coordinates":[32.480022,15.616681]}},{"type":"Feature","id":1159149455,"properties":{"name":"Al-Ubayyid","name:zh":"欧拜伊德","name:en":"Al-Ubayyid","wikidata":"Q309475","country_code":"SD","population":393311,"class":"city","rank":5,"minzoom":5.6,"capital":false,"region_capital":true,"source_class":"Admin-1 capital"},"geometry":{"type":"Point","coordinates":[30.216698,13.18329]}},{"type":"Feature","id":1159149457,"properties":{"name":"The Hague","name:zh":"海牙","name:en":"The Hague","wikidata":"Q36600","country_code":"NL","population":1406000,"class":"city","rank":5,"minzoom":5.6,"capital":false,"region_capital":false,"source_class":"Admin-0 capital alt"},"geometry":{"type":"Point","coordinates":[4.269961,52.080037]}},{"type":"Feature","id":1159149459,"properties":{"name":"Kristiansand","name:zh":"克里斯蒂安桑","name:en":"Kristiansand","wikidata":"Q2415","country_code":"NO","population":63814,"class":"city","rank":5,"minzoom":5.6,"capital":false,"region_capital":true,"source_class":"Admin-1 capital"},"geometry":{"type":"Point","coordinates":[7.974984,58.14562]}},{"type":"Feature","id":1159149461,"properties":{"name":"Ljubljana","name:zh":"卢布尔雅那","name:en":"Ljubljana","wikidata":"Q437","country_code":"SI","population":314807,"class":"city","rank":5,"minzoom":5.6,"capital":true,"region_capital":false,"source_class":"Admin-0 capital"},"geometry":{"type":"Point","coordinates":[14.514969,46.055288]}},{"type":"Feature","id":1159149463,"properties":{"name":"Bratislava","name:zh":"布拉迪斯拉发","name:en":"Bratislava","wikidata":"Q1780","country_code":"SK","population":423737,"class":"city","rank":5,"minzoom":5.1,"capital":true,"region_capital":false,"source_class":"Admin-0 capital"},"geometry":{"type":"Point","coordinates":[17.116981,48.150018]}},{"type":"Feature","id":1159149467,"properties":{"name":"Hammerfest","name:zh":"哈默菲斯特","name:en":"Hammerfest","wikidata":"Q721374","country_code":"NO","population":10000,"class":"city","rank":5,"minzoom":5.1,"capital":false,"region_capital":false,"source_class":"Populated place"},"geometry":{"type":"Point","coordinates":[23.688001,70.66128]}},{"type":"Feature","id":1159149469,"properties":{"name":"Doha","name:zh":"多哈","name:en":"Doha","wikidata":"Q3861","country_code":"QA","population":1450000,"class":"city","rank":5,"minzoom":5.6,"capital":true,"region_capital":false,"source_class":"Admin-0 capital"},"geometry":{"type":"Point","coordinates":[51.532968,25.286556]}},{"type":"Feature","id":1159149471,"properties":{"name":"Quetta","name:zh":"奎达","name:en":"Quetta","wikidata":"Q185458","country_code":"PK","population":768000,"class":"city","rank":5,"minzoom":5.6,"capital":false,"region_capital":true,"source_class":"Admin-1 capital"},"geometry":{"type":"Point","coordinates":[67.023048,30.221947]}},{"type":"Feature","id":1159149473,"properties":{"name":"Larkana","name:zh":"拉尔卡纳","name:en":"Larkana","wikidata":"Q696605","country_code":"PK","population":364033,"class":"city","rank":5,"minzoom":5.6,"capital":false,"region_capital":false,"source_class":"Populated place"},"geometry":{"type":"Point","coordinates":[68.206782,27.561766]}},{"type":"Feature","id":1159149475,"properties":{"name":"Springbok","name:zh":"斯普林博克","name:en":"Springbok","wikidata":"Q2301363","country_code":"ZA","population":10438,"class":"city","rank":5,"minzoom":5.6,"capital":false,"region_capital":false,"source_class":"Populated place"},"geometry":{"type":"Point","coordinates":[17.883291,-29.66673]}},{"type":"Feature","id":1159149477,"properties":{"name":"Upington","name:zh":"乌平通","name:en":"Upington","wikidata":"Q575780","country_code":"ZA","population":71373,"class":"city","rank":5,"minzoom":5.6,"capital":false,"region_capital":false,"source_class":"Populated place"},"geometry":{"type":"Point","coordinates":[21.230011,-28.460034]}},{"type":"Feature","id":1159149479,"properties":{"name":"Worcester","name:zh":"伍斯特","name:en":"Worcester","wikidata":"Q1025649","country_code":"ZA","population":127597,"class":"city","rank":5,"minzoom":5.6,"capital":false,"region_capital":false,"source_class":"Populated place"},"geometry":{"type":"Point","coordinates":[19.43994,-33.640028]}},{"type":"Feature","id":1159149481,"properties":{"name":"George","name:zh":"喬治","name:en":"George","wikidata":"Q370456","country_code":"ZA","population":174582,"class":"city","rank":5,"minzoom":5.6,"capital":false,"region_capital":false,"source_class":"Populated place"},"geometry":{"type":"Point","coordinates":[22.45004,-33.950035]}},{"type":"Feature","id":1159149485,"properties":{"name":"Tete","name:zh":"太特","name:en":"Tete","wikidata":"Q388242","country_code":"MZ","population":129316,"class":"city","rank":5,"minzoom":5.6,"capital":false,"region_capital":true,"source_class":"Admin-1 capital"},"geometry":{"type":"Point","coordinates":[33.580007,-16.170035]}},{"type":"Feature","id":1159149487,"properties":{"name":"Pemba","name:zh":"彭巴","name:en":"Pemba","wikidata":"Q498048","country_code":"MZ","population":110643,"class":"city","rank":5,"minzoom":5.6,"capital":false,"region_capital":true,"source_class":"Admin-1 capital"},"geometry":{"type":"Point","coordinates":[40.532347,-12.983046]}},{"type":"Feature","id":1159149489,"properties":{"name":"Nampula","name:zh":"楠普拉","name:en":"Nampula","wikidata":"Q323801","country_code":"MZ","population":388526,"class":"city","rank":5,"minzoom":5.6,"capital":false,"region_capital":true,"source_class":"Admin-1 capital"},"geometry":{"type":"Point","coordinates":[39.293043,-15.136041]}},{"type":"Feature","id":1159149491,"properties":{"name":"Welkom","name:zh":"韦尔科姆","name:en":"Welkom","wikidata":"Q1015631","country_code":"ZA","population":431944,"class":"city","rank":5,"minzoom":5.1,"capital":false,"region_capital":false,"source_class":"Populated place"},"geometry":{"type":"Point","coordinates":[26.729986,-27.969987]}},{"type":"Feature","id":1159149493,"properties":{"name":"Xai-Xai","name:zh":"赛赛","name:en":"Xai-Xai","wikidata":"Q318299","country_code":"MZ","population":128805,"class":"city","rank":5,"minzoom":5.6,"capital":false,"region_capital":true,"source_class":"Admin-1 capital"},"geometry":{"type":"Point","coordinates":[33.640003,-25.039984]}},{"type":"Feature","id":1159149495,"properties":{"name":"Goroka","name:zh":"戈罗卡","name:en":"Goroka","wikidata":"Q498192","country_code":"PG","population":39699,"class":"city","rank":5,"minzoom":5.6,"capital":false,"region_capital":true,"source_class":"Admin-1 capital"},"geometry":{"type":"Point","coordinates":[145.385482,-6.083312]}},{"type":"Feature","id":1159149497,"properties":{"name":"Mt.  Hagen","name:zh":"芒特哈根","name:en":"Mount Hagen","wikidata":"Q1017362","country_code":"PG","population":59064,"class":"city","rank":5,"minzoom":5.6,"capital":false,"region_capital":true,"source_class":"Admin-1 capital"},"geometry":{"type":"Point","coordinates":[144.21682,-5.863222]}},{"type":"Feature","id":1159149499,"properties":{"name":"Rabaul","name:zh":"拉包尔","name:en":"Rabaul","wikidata":"Q218768","country_code":"PG","population":8074,"class":"city","rank":5,"minzoom":5.6,"capital":false,"region_capital":true,"source_class":"Admin-1 capital"},"geometry":{"type":"Point","coordinates":[152.143431,-4.20549]}},{"type":"Feature","id":1159149503,"properties":{"name":"Lae","name:zh":"莱城","name:en":"Lae","wikidata":"Q612250","country_code":"PG","population":131052,"class":"city","rank":5,"minzoom":5.6,"capital":false,"region_capital":true,"source_class":"Admin-1 capital"},"geometry":{"type":"Point","coordinates":[146.990035,-6.732988]}},{"type":"Feature","id":1159149505,"properties":{"name":"David","name:zh":"戴维","name:en":"David","wikidata":"Q279009","country_code":"PA","population":110037,"class":"city","rank":5,"minzoom":5.6,"capital":false,"region_capital":true,"source_class":"Admin-1 capital"},"geometry":{"type":"Point","coordinates":[-82.433325,8.433321]}},{"type":"Feature","id":1159149507,"properties":{"name":"Oujda","name:zh":"乌季达","name:en":"Taza","wikidata":"Q193802","country_code":"MA","population":409391,"class":"city","rank":5,"minzoom":5.6,"capital":false,"region_capital":true,"source_class":"Admin-1 capital"},"geometry":{"type":"Point","coordinates":[-1.909972,34.690013]}},{"type":"Feature","id":1159149509,"properties":{"name":"Safi","name:zh":"萨非","name:en":"Safi","wikidata":"Q183405","country_code":"MA","population":353476,"class":"city","rank":5,"minzoom":5.6,"capital":false,"region_capital":true,"source_class":"Admin-1 capital"},"geometry":{"type":"Point","coordinates":[-9.239989,32.319977]}},{"type":"Feature","id":1159149511,"properties":{"name":"Podgorica","name:zh":"波德戈里察","name:en":"Podgorica","wikidata":"Q23564","country_code":"ME","population":145850,"class":"city","rank":5,"minzoom":5.6,"capital":true,"region_capital":false,"source_class":"Admin-0 capital"},"geometry":{"type":"Point","coordinates":[19.266307,42.465972]}},{"type":"Feature","id":1159149513,"properties":{"name":"Quelimane","name:zh":"克利马内","name:en":"Quelimane","wikidata":"Q318306","country_code":"MZ","population":188964,"class":"city","rank":5,"minzoom":5.6,"capital":false,"region_capital":true,"source_class":"Admin-1 capital"},"geometry":{"type":"Point","coordinates":[36.889986,-17.880008]}},{"type":"Feature","id":1159149515,"properties":{"name":"East London","name:zh":"东伦敦","name:en":"East London","wikidata":"Q209537","country_code":"ZA","population":338627,"class":"city","rank":5,"minzoom":5.6,"capital":false,"region_capital":false,"source_class":"Populated place"},"geometry":{"type":"Point","coordinates":[27.87002,-32.970043]}},{"type":"Feature","id":1159149517,"properties":{"name":"Middelburg","name:zh":"米德尔堡","name:en":"Middelburg","wikidata":"Q1002188","country_code":"ZA","population":18164,"class":"city","rank":5,"minzoom":5.1,"capital":false,"region_capital":false,"source_class":"Populated place"},"geometry":{"type":"Point","coordinates":[25.009987,-31.500004]}},{"type":"Feature","id":1159149521,"properties":{"name":"Nalchik","name:zh":"納爾奇克","name:en":"Nalchik","wikidata":"Q5265","country_code":"RU","population":307866,"class":"city","rank":5,"minzoom":5.6,"capital":false,"region_capital":true,"source_class":"Admin-1 capital"},"geometry":{"type":"Point","coordinates":[43.617947,43.498106]}},{"type":"Feature","id":1159149523,"properties":{"name":"Stavropol","name:zh":"斯塔夫罗波尔","name:en":"Stavropol","wikidata":"Q5206","country_code":"RU","population":363064,"class":"city","rank":5,"minzoom":5.6,"capital":false,"region_capital":true,"source_class":"Admin-1 capital"},"geometry":{"type":"Point","coordinates":[41.980011,45.050001]}},{"type":"Feature","id":1159149525,"properties":{"name":"Ugolnye Kopi","name:zh":"乌戈尔尼科皮","name:en":"Ugolnye Kopi","wikidata":"Q1305638","country_code":"RU","population":3367,"class":"city","rank":5,"minzoom":5.6,"capital":false,"region_capital":false,"source_class":"Populated place"},"geometry":{"type":"Point","coordinates":[177.699995,64.733295]}},{"type":"Feature","id":1159149527,"properties":{"name":"Kaliningrad","name:zh":"加里宁格勒","name:en":"Kaliningrad","wikidata":"Q1829","country_code":"RU","population":434954,"class":"city","rank":5,"minzoom":5,"capital":false,"region_capital":true,"source_class":"Admin-1 capital"},"geometry":{"type":"Point","coordinates":[20.497343,54.700006]}},{"type":"Feature","id":1159149529,"properties":{"name":"Pskov","name:zh":"普斯科夫","name:en":"Pskov","wikidata":"Q2214","country_code":"RU","population":201990,"class":"city","rank":5,"minzoom":5.1,"capital":false,"region_capital":true,"source_class":"Admin-1 capital"},"geometry":{"type":"Point","coordinates":[28.32994,57.829996]}},{"type":"Feature","id":1159149531,"properties":{"name":"Bryansk","name:zh":"布良斯克","name:en":"Bryansk","wikidata":"Q2801","country_code":"RU","population":427236,"class":"city","rank":5,"minzoom":5.1,"capital":false,"region_capital":true,"source_class":"Admin-1 capital"},"geometry":{"type":"Point","coordinates":[34.429981,53.259991]}},{"type":"Feature","id":1159149533,"properties":{"name":"Smolensk","name:zh":"斯摩棱斯克","name:en":"Smolensk","wikidata":"Q2337","country_code":"RU","population":320991,"class":"city","rank":5,"minzoom":5.1,"capital":false,"region_capital":true,"source_class":"Admin-1 capital"},"geometry":{"type":"Point","coordinates":[32.047336,54.782688]}},{"type":"Feature","id":1159149535,"properties":{"name":"Petrozavodsk","name:zh":"彼得罗扎沃茨克","name:en":"Petrozavodsk","wikidata":"Q1895","country_code":"RU","population":265025,"class":"city","rank":5,"minzoom":5.1,"capital":false,"region_capital":true,"source_class":"Admin-1 capital"},"geometry":{"type":"Point","coordinates":[34.361223,61.781318]}},{"type":"Feature","id":1159149539,"properties":{"name":"Tver","name:zh":"特维尔","name:en":"Tver","wikidata":"Q2288","country_code":"RU","population":400212,"class":"city","rank":5,"minzoom":5.6,"capital":false,"region_capital":true,"source_class":"Admin-1 capital"},"geometry":{"type":"Point","coordinates":[35.889995,56.859978]}},{"type":"Feature","id":1159149541,"properties":{"name":"Vologda","name:zh":"沃洛格达","name:en":"Vologda","wikidata":"Q1957","country_code":"RU","population":294889,"class":"city","rank":5,"minzoom":5.1,"capital":false,"region_capital":true,"source_class":"Admin-1 capital"},"geometry":{"type":"Point","coordinates":[39.919982,59.209989]}},{"type":"Feature","id":1159149543,"properties":{"name":"Yaroslavl","name:zh":"雅罗斯拉夫尔","name:en":"Yaroslavl","wikidata":"Q2423","country_code":"RU","population":606730,"class":"city","rank":5,"minzoom":5.1,"capital":false,"region_capital":true,"source_class":"Admin-1 capital"},"geometry":{"type":"Point","coordinates":[39.87001,57.619983]}},{"type":"Feature","id":1159149545,"properties":{"name":"Rostov","name:zh":"顿河畔罗斯托夫","name:en":"Rostov-on-Don","wikidata":"Q908","country_code":"RU","population":1052000,"class":"city","rank":5,"minzoom":5.1,"capital":false,"region_capital":true,"source_class":"Admin-1 capital"},"geometry":{"type":"Point","coordinates":[39.71071,47.236594]}},{"type":"Feature","id":1159149547,"properties":{"name":"Sochi","name:zh":"索契","name:en":"Sochi","wikidata":"Q39420","country_code":"RU","population":327608,"class":"city","rank":5,"minzoom":5.1,"capital":false,"region_capital":false,"source_class":"Populated place"},"geometry":{"type":"Point","coordinates":[39.729967,43.590012]}},{"type":"Feature","id":1159149549,"properties":{"name":"Krasnodar","name:zh":"克拉斯诺达尔","name:en":"Krasnodar","wikidata":"Q3646","country_code":"RU","population":649851,"class":"city","rank":5,"minzoom":5.1,"capital":false,"region_capital":true,"source_class":"Admin-1 capital"},"geometry":{"type":"Point","coordinates":[39.000038,45.019977]}},{"type":"Feature","id":1159149551,"properties":{"name":"Penza","name:zh":"奔萨","name:en":"Penza","wikidata":"Q5540","country_code":"RU","population":512602,"class":"city","rank":5,"minzoom":5.1,"capital":false,"region_capital":true,"source_class":"Admin-1 capital"},"geometry":{"type":"Point","coordinates":[44.999982,53.180021]}},{"type":"Feature","id":1159149553,"properties":{"name":"Ryazan","name:zh":"梁赞","name:en":"Ryazan","wikidata":"Q2746","country_code":"RU","population":520173,"class":"city","rank":5,"minzoom":5.6,"capital":false,"region_capital":true,"source_class":"Admin-1 capital"},"geometry":{"type":"Point","coordinates":[39.719994,54.619959]}},{"type":"Feature","id":1159149557,"properties":{"name":"Voronezh","name:zh":"沃罗涅日","name:en":"Voronezh","wikidata":"Q3426","country_code":"RU","population":844000,"class":"city","rank":5,"minzoom":5.1,"capital":false,"region_capital":true,"source_class":"Admin-1 capital"},"geometry":{"type":"Point","coordinates":[39.186843,51.66539]}},{"type":"Feature","id":1159149559,"properties":{"name":"Magnitogorsk","name:zh":"马格尼托哥尔斯克","name:en":"Magnitogorsk","wikidata":"Q95449","country_code":"RU","population":413351,"class":"city","rank":5,"minzoom":5.1,"capital":false,"region_capital":false,"source_class":"Populated place"},"geometry":{"type":"Point","coordinates":[58.980007,53.422694]}},{"type":"Feature","id":1159149561,"properties":{"name":"Chelyabinsk","name:zh":"车里雅宾斯克","name:en":"Chelyabinsk","wikidata":"Q906","country_code":"RU","population":1091000,"class":"city","rank":5,"minzoom":5.1,"capital":false,"region_capital":true,"source_class":"Admin-1 capital"},"geometry":{"type":"Point","coordinates":[61.436722,55.156937]}},{"type":"Feature","id":1159149563,"properties":{"name":"Vorkuta","name:zh":"沃尔库塔","name:en":"Vorkuta","wikidata":"Q133529","country_code":"RU","population":80039,"class":"city","rank":5,"minzoom":5.6,"capital":false,"region_capital":false,"source_class":"Populated place"},"geometry":{"type":"Point","coordinates":[64.009984,67.5]}},{"type":"Feature","id":1159149565,"properties":{"name":"Kirov","name:zh":"基洛夫","name:en":"Kirov","wikidata":"Q5384","country_code":"RU","population":457437,"class":"city","rank":5,"minzoom":5.1,"capital":false,"region_capital":true,"source_class":"Admin-1 capital"},"geometry":{"type":"Point","coordinates":[49.669981,58.590053]}},{"type":"Feature","id":1159149567,"properties":{"name":"Nizhny Tagil","name:zh":"下塔吉尔","name:en":"Nizhny Tagil","wikidata":"Q98967","country_code":"RU","population":381116,"class":"city","rank":5,"minzoom":5.1,"capital":false,"region_capital":false,"source_class":"Populated place"},"geometry":{"type":"Point","coordinates":[59.974985,57.920016]}},{"type":"Feature","id":1159149569,"properties":{"name":"Astrakhan","name:zh":"阿斯特拉罕","name:en":"Astrakhan","wikidata":"Q3927","country_code":"RU","population":502533,"class":"city","rank":5,"minzoom":5.1,"capital":false,"region_capital":true,"source_class":"Admin-1 capital"},"geometry":{"type":"Point","coordinates":[48.054989,46.348655]}},{"type":"Feature","id":1159149571,"properties":{"name":"Orenburg","name:zh":"奥伦堡","name:en":"Orenburg","wikidata":"Q5337","country_code":"RU","population":550204,"class":"city","rank":5,"minzoom":5.1,"capital":false,"region_capital":true,"source_class":"Admin-1 capital"},"geometry":{"type":"Point","coordinates":[55.110011,51.779978]}},{"type":"Feature","id":1159149575,"properties":{"name":"Saratov","name:zh":"萨拉托夫","name:en":"Saratov","wikidata":"Q5332","country_code":"RU","population":843000,"class":"city","rank":5,"minzoom":5.1,"capital":false,"region_capital":true,"source_class":"Admin-1 capital"},"geometry":{"type":"Point","coordinates":[46.02805,51.581936]}},{"type":"Feature","id":1159149577,"properties":{"name":"Ulyanovsk","name:zh":"乌里扬诺夫斯克","name:en":"Ulyanovsk","wikidata":"Q5627","country_code":"RU","population":640680,"class":"city","rank":5,"minzoom":5.6,"capital":false,"region_capital":true,"source_class":"Admin-1 capital"},"geometry":{"type":"Point","coordinates":[48.410006,54.329977]}},{"type":"Feature","id":1159149579,"properties":{"name":"Omsk","name:zh":"鄂木斯克","name:en":"Omsk","wikidata":"Q898","country_code":"RU","population":1135000,"class":"city","rank":5,"minzoom":3.7,"capital":false,"region_capital":true,"source_class":"Admin-1 capital"},"geometry":{"type":"Point","coordinates":[73.398008,54.991934]}},{"type":"Feature","id":1159149581,"properties":{"name":"Tyumen","name:zh":"秋明","name:en":"Tyumen","wikidata":"Q5815","country_code":"RU","population":519119,"class":"city","rank":5,"minzoom":5.6,"capital":false,"region_capital":true,"source_class":"Admin-1 capital"},"geometry":{"type":"Point","coordinates":[65.529995,57.140012]}},{"type":"Feature","id":1159149583,"properties":{"name":"Novokuznetsk","name:zh":"新库兹涅茨克","name:en":"Novokuznetsk","wikidata":"Q93910","country_code":"RU","population":539616,"class":"city","rank":5,"minzoom":5.1,"capital":false,"region_capital":false,"source_class":"Populated place"},"geometry":{"type":"Point","coordinates":[87.114982,53.750012]}},{"type":"Feature","id":1159149585,"properties":{"name":"Kemerovo","name:zh":"克麦罗沃","name:en":"Kemerovo","wikidata":"Q6066","country_code":"RU","population":477090,"class":"city","rank":5,"minzoom":5.1,"capital":false,"region_capital":true,"source_class":"Admin-1 capital"},"geometry":{"type":"Point","coordinates":[86.08998,55.339967]}},{"type":"Feature","id":1159149587,"properties":{"name":"Grozny","name:zh":"格罗兹尼","name:en":"Grozny","wikidata":"Q5196","country_code":"RU","population":226100,"class":"city","rank":5,"minzoom":5,"capital":false,"region_capital":true,"source_class":"Admin-1 capital"},"geometry":{"type":"Point","coordinates":[45.698699,43.318685]}},{"type":"Feature","id":1159149589,"properties":{"name":"Kandy","name:zh":"康提","name:en":"Kandy","wikidata":"Q203197","country_code":"LK","population":111701,"class":"city","rank":5,"minzoom":5.6,"capital":false,"region_capital":true,"source_class":"Admin-1 capital"},"geometry":{"type":"Point","coordinates":[80.670001,7.279981]}},{"type":"Feature","id":1159149593,"properties":{"name":"Sri Jayawardenepura Kotte","name:zh":"斯里贾亚瓦德纳普拉科特","name:en":"Sri Jayawardenepura Kotte","wikidata":"Q41963","country_code":"LK","population":115826,"class":"city","rank":5,"minzoom":5.6,"capital":false,"region_capital":false,"source_class":"Admin-0 capital alt"},"geometry":{"type":"Point","coordinates":[79.949993,6.900004]}},{"type":"Feature","id":1159149595,"properties":{"name":"Daejeon","name:zh":"大田广域","name:en":"Daejeon","wikidata":"Q20921","country_code":"KR","population":1468000,"class":"city","rank":5,"minzoom":5.1,"capital":false,"region_capital":true,"source_class":"Admin-1 capital"},"geometry":{"type":"Point","coordinates":[127.423082,36.337491]}},{"type":"Feature","id":1159149597,"properties":{"name":"Gwangju","name:zh":"光州广域","name:en":"Gwangju","wikidata":"Q41283","country_code":"KR","population":1440000,"class":"city","rank":5,"minzoom":5.6,"capital":false,"region_capital":true,"source_class":"Admin-1 capital"},"geometry":{"type":"Point","coordinates":[126.908488,35.172911]}},{"type":"Feature","id":1159149599,"properties":{"name":"Busan","name:zh":"釜山","name:en":"Busan","wikidata":"Q16520","country_code":"KR","population":3480000,"class":"city","rank":5,"minzoom":5.6,"capital":false,"region_capital":true,"source_class":"Admin-1 capital"},"geometry":{"type":"Point","coordinates":[129.008102,35.096999]}},{"type":"Feature","id":1159149601,"properties":{"name":"Zamboanga","name:zh":"三宝颜","name:en":"Zamboanga City","wikidata":"Q1629","country_code":"PH","population":773000,"class":"city","rank":5,"minzoom":5.6,"capital":false,"region_capital":false,"source_class":"Populated place"},"geometry":{"type":"Point","coordinates":[122.078085,6.921923]}},{"type":"Feature","id":1159149603,"properties":{"name":"Laoag","name:zh":"拉瓦格","name:en":"Laoag","wikidata":"Q39738","country_code":"PH","population":207048,"class":"city","rank":5,"minzoom":5.6,"capital":false,"region_capital":false,"source_class":"Populated place"},"geometry":{"type":"Point","coordinates":[120.59361,18.198849]}},{"type":"Feature","id":1159149605,"properties":{"name":"Baguio","name:zh":"碧瑶","name:en":"Baguio","wikidata":"Q1822","country_code":"PH","population":447824,"class":"city","rank":5,"minzoom":5.6,"capital":false,"region_capital":false,"source_class":"Admin-0 capital alt"},"geometry":{"type":"Point","coordinates":[120.569943,16.429991]}},{"type":"Feature","id":1159149607,"properties":{"name":"General Santos","name:zh":"三投斯将军","name:en":"General Santos","wikidata":"Q594275","country_code":"PH","population":950530,"class":"city","rank":5,"minzoom":5.6,"capital":false,"region_capital":false,"source_class":"Populated place"},"geometry":{"type":"Point","coordinates":[125.174726,6.110827]}},{"type":"Feature","id":1159149611,"properties":{"name":"Ust-Ilimsk","name:zh":"乌斯季伊利姆斯克","name:en":"Ust-Ilimsk","wikidata":"Q196946","country_code":"RU","population":100271,"class":"city","rank":5,"minzoom":5.6,"capital":false,"region_capital":false,"source_class":"Populated place"},"geometry":{"type":"Point","coordinates":[102.633311,57.98996]}},{"type":"Feature","id":1159149613,"properties":{"name":"Angarsk","name:zh":"安加尔斯克","name:en":"Angarsk","wikidata":"Q103565","country_code":"RU","population":243158,"class":"city","rank":5,"minzoom":5.6,"capital":false,"region_capital":false,"source_class":"Populated place"},"geometry":{"type":"Point","coordinates":[103.920003,52.560007]}},{"type":"Feature","id":1159149615,"properties":{"name":"Abakan","name:zh":"阿巴坎","name:en":"Abakan","wikidata":"Q875","country_code":"RU","population":167289,"class":"city","rank":5,"minzoom":5.6,"capital":false,"region_capital":true,"source_class":"Admin-1 capital"},"geometry":{"type":"Point","coordinates":[91.445002,53.703685]}},{"type":"Feature","id":1159149617,"properties":{"name":"Norilsk","name:zh":"诺里尔斯克","name:en":"Norilsk","wikidata":"Q175517","country_code":"RU","population":165873,"class":"city","rank":5,"minzoom":5.6,"capital":false,"region_capital":false,"source_class":"Populated place"},"geometry":{"type":"Point","coordinates":[88.224992,69.340017]}},{"type":"Feature","id":1159149619,"properties":{"name":"Khatanga","name:zh":"哈坦加","name:en":"Khatanga","wikidata":"Q918830","country_code":"RU","population":3205,"class":"city","rank":5,"minzoom":5.6,"capital":false,"region_capital":false,"source_class":"Populated place"},"geometry":{"type":"Point","coordinates":[102.465001,72.041144]}},{"type":"Feature","id":1159149621,"properties":{"name":"Kyzyl","name:zh":"克孜勒","name:en":"Kyzyl","wikidata":"Q6049","country_code":"RU","population":108240,"class":"city","rank":5,"minzoom":5.6,"capital":false,"region_capital":true,"source_class":"Admin-1 capital"},"geometry":{"type":"Point","coordinates":[94.383066,51.7067]}},{"type":"Feature","id":1159149623,"properties":{"name":"Ulan-Ude","name:zh":"乌兰乌德","name:en":"Ulan-Ude","wikidata":"Q6816","country_code":"RU","population":360278,"class":"city","rank":5,"minzoom":5.6,"capital":false,"region_capital":true,"source_class":"Admin-1 capital"},"geometry":{"type":"Point","coordinates":[107.624996,51.824988]}},{"type":"Feature","id":1159149625,"properties":{"name":"Blagoveshchensk","name:zh":"海兰泡","name:en":"Blagoveshchensk","wikidata":"Q6934","country_code":"RU","population":221296,"class":"city","rank":5,"minzoom":5.6,"capital":false,"region_capital":true,"source_class":"Admin-1 capital"},"geometry":{"type":"Point","coordinates":[127.533342,50.266607]}},{"type":"Feature","id":1159149629,"properties":{"name":"Bukachacha","name:zh":"布卡恰恰","name:en":"Bukachacha","wikidata":"Q1003237","country_code":"RU","population":3372,"class":"city","rank":5,"minzoom":5.6,"capital":false,"region_capital":false,"source_class":"Populated place"},"geometry":{"type":"Point","coordinates":[116.916625,52.983341]}},{"type":"Feature","id":1159149631,"properties":{"name":"Dalnegorsk","name:zh":"达利涅戈尔斯克","name:en":"Dalnegorsk","wikidata":"Q7054","country_code":"RU","population":8123,"class":"city","rank":5,"minzoom":5.6,"capital":false,"region_capital":false,"source_class":"Populated place"},"geometry":{"type":"Point","coordinates":[135.517247,44.537216]}},{"type":"Feature","id":1159149633,"properties":{"name":"Ambarchik","name:zh":"安巴奇克","name:en":"Ambarchik","wikidata":"Q2629730","country_code":"RU","population":0,"class":"city","rank":5,"minzoom":5.6,"capital":false,"region_capital":false,"source_class":"Historic place"},"geometry":{"type":"Point","coordinates":[162.333595,69.651006]}},{"type":"Feature","id":1159149635,"properties":{"name":"Batagay","name:zh":"巴塔蓋","name:en":"Batagay","wikidata":"Q2359080","country_code":"RU","population":4266,"class":"city","rank":5,"minzoom":5.6,"capital":false,"region_capital":false,"source_class":"Populated place"},"geometry":{"type":"Point","coordinates":[134.635027,67.655985]}},{"type":"Feature","id":1159149637,"properties":{"name":"Chokurdakh","name:zh":"喬庫爾達赫","name:en":"Chokurdakh","wikidata":"Q2312088","country_code":"RU","population":2506,"class":"city","rank":5,"minzoom":5.6,"capital":false,"region_capital":false,"source_class":"Populated place"},"geometry":{"type":"Point","coordinates":[147.89458,70.618311]}},{"type":"Feature","id":1159149639,"properties":{"name":"Ust-Nera","name:zh":"乌斯季涅拉","name:en":"Ust-Nera","wikidata":"Q1025866","country_code":"RU","population":9148,"class":"city","rank":5,"minzoom":5.6,"capital":false,"region_capital":false,"source_class":"Populated place"},"geometry":{"type":"Point","coordinates":[143.199983,64.566587]}},{"type":"Feature","id":1159149641,"properties":{"name":"Lensk","name:zh":"连斯克","name:en":"Lensk","wikidata":"Q157493","country_code":"RU","population":25589,"class":"city","rank":5,"minzoom":5.6,"capital":false,"region_capital":false,"source_class":"Populated place"},"geometry":{"type":"Point","coordinates":[114.94703,60.725271]}},{"type":"Feature","id":1159149643,"properties":{"name":"Aldan","name:zh":"阿尔丹","name:en":"Aldan","wikidata":"Q103273","country_code":"RU","population":24426,"class":"city","rank":5,"minzoom":5.6,"capital":false,"region_capital":false,"source_class":"Populated place"},"geometry":{"type":"Point","coordinates":[125.38939,58.602998]}},{"type":"Feature","id":1159149647,"properties":{"name":"Mirny","name:zh":"米尔内","name:en":"Mirny","wikidata":"Q105477","country_code":"RU","population":40308,"class":"city","rank":5,"minzoom":5.1,"capital":false,"region_capital":false,"source_class":"Populated place"},"geometry":{"type":"Point","coordinates":[113.961354,62.540019]}},{"type":"Feature","id":1159149649,"properties":{"name":"Zhigansk","name:zh":"日甘斯克","name:en":"Zhigansk","wikidata":"Q2621673","country_code":"RU","population":3237,"class":"city","rank":5,"minzoom":5.1,"capital":false,"region_capital":false,"source_class":"Populated place"},"geometry":{"type":"Point","coordinates":[123.371115,66.769709]}},{"type":"Feature","id":1159149651,"properties":{"name":"Okhotsk","name:zh":"鄂霍次克","name:en":"Okhotsk","wikidata":"Q648799","country_code":"RU","population":5570,"class":"city","rank":5,"minzoom":5.1,"capital":false,"region_capital":false,"source_class":"Populated place"},"geometry":{"type":"Point","coordinates":[143.217036,59.383002]}},{"type":"Feature","id":1159149653,"properties":{"name":"Khabarovsk","name:zh":"伯力","name:en":"Khabarovsk","wikidata":"Q4454","country_code":"RU","population":579000,"class":"city","rank":5,"minzoom":5.6,"capital":false,"region_capital":true,"source_class":"Admin-1 capital"},"geometry":{"type":"Point","coordinates":[135.120011,48.454987]}},{"type":"Feature","id":1159149655,"properties":{"name":"Okha","name:zh":"奥哈","name:en":"Okha","wikidata":"Q177782","country_code":"RU","population":26560,"class":"city","rank":5,"minzoom":5.6,"capital":false,"region_capital":false,"source_class":"Populated place"},"geometry":{"type":"Point","coordinates":[142.947853,53.573899]}},{"type":"Feature","id":1159149657,"properties":{"name":"Yuzhno Sakhalinsk","name:zh":"南萨哈林斯克","name:en":"Yuzhno-Sakhalinsk","wikidata":"Q7859","country_code":"RU","population":176484,"class":"city","rank":5,"minzoom":5.1,"capital":false,"region_capital":true,"source_class":"Admin-1 capital"},"geometry":{"type":"Point","coordinates":[142.740011,46.964974]}},{"type":"Feature","id":1159149659,"properties":{"name":"Mexicali","name:zh":"墨西卡利","name:en":"Mexicali","wikidata":"Q199440","country_code":"MX","population":885000,"class":"city","rank":5,"minzoom":5.6,"capital":false,"region_capital":true,"source_class":"Admin-1 capital"},"geometry":{"type":"Point","coordinates":[-115.481962,32.651928]}},{"type":"Feature","id":1159149661,"properties":{"name":"La Paz","name:zh":"拉巴斯","name:en":"La Paz","wikidata":"Q214215","country_code":"MX","population":189767,"class":"city","rank":5,"minzoom":5.6,"capital":false,"region_capital":true,"source_class":"Admin-1 capital"},"geometry":{"type":"Point","coordinates":[-110.319995,24.139959]}},{"type":"Feature","id":1159149665,"properties":{"name":"Torreón","name:zh":"托雷翁","name:en":"Torreón","wikidata":"Q386991","country_code":"MX","population":1144000,"class":"city","rank":5,"minzoom":5.6,"capital":false,"region_capital":false,"source_class":"Populated place"},"geometry":{"type":"Point","coordinates":[-103.421949,25.571999]}},{"type":"Feature","id":1159149667,"properties":{"name":"Culiacán","name:zh":"库利亚坎","name:en":"Culiacán","wikidata":"Q211760","country_code":"MX","population":809000,"class":"city","rank":5,"minzoom":5.6,"capital":false,"region_capital":true,"source_class":"Admin-1 capital"},"geometry":{"type":"Point","coordinates":[-107.381914,24.831941]}},{"type":"Feature","id":1159149669,"properties":{"name":"Nogales","name:zh":"诺加利斯","name:en":"Nogales","wikidata":"Q79783","country_code":"MX","population":178097,"class":"city","rank":5,"minzoom":5.6,"capital":false,"region_capital":false,"source_class":"Populated place"},"geometry":{"type":"Point","coordinates":[-110.944996,31.305]}},{"type":"Feature","id":1159149671,"properties":{"name":"Hermosillo","name:zh":"埃莫西约","name:en":"Hermosillo","wikidata":"Q189138","country_code":"MX","population":595811,"class":"city","rank":5,"minzoom":5.6,"capital":false,"region_capital":true,"source_class":"Admin-1 capital"},"geometry":{"type":"Point","coordinates":[-110.954065,29.098881]}},{"type":"Feature","id":1159149673,"properties":{"name":"Guaymas","name:zh":"瓜伊马斯","name:en":"Guaymas","wikidata":"Q985521","country_code":"MX","population":103449,"class":"city","rank":5,"minzoom":5.6,"capital":false,"region_capital":false,"source_class":"Populated place"},"geometry":{"type":"Point","coordinates":[-110.889986,27.930012]}},{"type":"Feature","id":1159149675,"properties":{"name":"San Luis Potosí","name:zh":"圣路易斯波托西","name:en":"San Luis Potosí","wikidata":"Q204271","country_code":"MX","population":992000,"class":"city","rank":5,"minzoom":5.6,"capital":false,"region_capital":true,"source_class":"Admin-1 capital"},"geometry":{"type":"Point","coordinates":[-101.001941,22.171922]}},{"type":"Feature","id":1159149677,"properties":{"name":"Matamoros","name:zh":"马塔莫罗斯","name:en":"Matamoros","wikidata":"Q738353","country_code":"MX","population":538785,"class":"city","rank":5,"minzoom":5.6,"capital":false,"region_capital":false,"source_class":"Populated place"},"geometry":{"type":"Point","coordinates":[-97.500002,25.879982]}},{"type":"Feature","id":1159149679,"properties":{"name":"Nuevo Laredo","name:zh":"新拉雷多","name:en":"Nuevo Laredo","wikidata":"Q328846","country_code":"MX","population":349550,"class":"city","rank":5,"minzoom":5.6,"capital":false,"region_capital":false,"source_class":"Populated place"},"geometry":{"type":"Point","coordinates":[-99.550007,27.499987]}},{"type":"Feature","id":1159149683,"properties":{"name":"Colima","name:zh":"科利马","name:en":"Colima","wikidata":"Q61320","country_code":"MX","population":223287,"class":"city","rank":5,"minzoom":5.6,"capital":false,"region_capital":true,"source_class":"Admin-1 capital"},"geometry":{"type":"Point","coordinates":[-103.72001,19.229975]}},{"type":"Feature","id":1159149685,"properties":{"name":"Campeche","name:zh":"坎佩切","name:en":"Campeche","wikidata":"Q61301","country_code":"MX","population":205212,"class":"city","rank":5,"minzoom":5.6,"capital":false,"region_capital":true,"source_class":"Admin-1 capital"},"geometry":{"type":"Point","coordinates":[-90.49999,19.82999]}},{"type":"Feature","id":1159149687,"properties":{"name":"Oaxaca","name:zh":"瓦哈卡","name:en":"Oaxaca de Juárez","wikidata":"Q131429","country_code":"MX","population":530728,"class":"city","rank":5,"minzoom":5.1,"capital":false,"region_capital":true,"source_class":"Admin-1 capital"},"geometry":{"type":"Point","coordinates":[-96.66995,17.08269]}},{"type":"Feature","id":1159149689,"properties":{"name":"León","name:zh":"莱昂","name:en":"León de Los Aldama","wikidata":"Q189128","country_code":"MX","population":1488000,"class":"city","rank":5,"minzoom":5.6,"capital":false,"region_capital":false,"source_class":"Populated place"},"geometry":{"type":"Point","coordinates":[-101.701976,21.151933]}},{"type":"Feature","id":1159149691,"properties":{"name":"Maiduguri","name:zh":"迈杜古里","name:en":"Maiduguri","wikidata":"Q221436","country_code":"NG","population":896000,"class":"city","rank":5,"minzoom":5.6,"capital":false,"region_capital":true,"source_class":"Admin-1 capital"},"geometry":{"type":"Point","coordinates":[13.158067,11.851906]}},{"type":"Feature","id":1159149693,"properties":{"name":"Port Harcourt","name:zh":"哈科特港","name:en":"Port Harcourt","wikidata":"Q217432","country_code":"NG","population":1020000,"class":"city","rank":5,"minzoom":5.6,"capital":false,"region_capital":true,"source_class":"Admin-1 capital"},"geometry":{"type":"Point","coordinates":[7.008055,4.811948]}},{"type":"Feature","id":1159149695,"properties":{"name":"Makurdi","name:zh":"马库尔迪","name:en":"Makurdi","wikidata":"Q994096","country_code":"NG","population":292645,"class":"city","rank":5,"minzoom":5.6,"capital":false,"region_capital":true,"source_class":"Admin-1 capital"},"geometry":{"type":"Point","coordinates":[8.530011,7.729979]}},{"type":"Feature","id":1159149697,"properties":{"name":"Ibadan","name:zh":"伊巴丹","name:en":"Ibadan","wikidata":"Q183298","country_code":"NG","population":2628000,"class":"city","rank":5,"minzoom":5.1,"capital":false,"region_capital":true,"source_class":"Admin-1 capital"},"geometry":{"type":"Point","coordinates":[3.928036,7.381972]}},{"type":"Feature","id":1159149701,"properties":{"name":"Ogbomosho","name:zh":"奥博莫绍","name:en":"Ogbomosho","wikidata":"Q500366","country_code":"NG","population":951000,"class":"city","rank":5,"minzoom":5.6,"capital":false,"region_capital":false,"source_class":"Populated place"},"geometry":{"type":"Point","coordinates":[4.238043,8.131952]}},{"type":"Feature","id":1159149703,"properties":{"name":"Warri","name:zh":"瓦里","name:en":"Warri","wikidata":"Q574593","country_code":"NG","population":830106,"class":"city","rank":5,"minzoom":5.6,"capital":false,"region_capital":false,"source_class":"Populated place"},"geometry":{"type":"Point","coordinates":[5.76,5.519959]}},{"type":"Feature","id":1159149705,"properties":{"name":"Kaduna","name:zh":"卡杜纳","name:en":"Kaduna","wikidata":"Q208318","country_code":"NG","population":1442000,"class":"city","rank":5,"minzoom":5.6,"capital":false,"region_capital":true,"source_class":"Admin-1 capital"},"geometry":{"type":"Point","coordinates":[7.438054,10.521961]}},{"type":"Feature","id":1159149707,"properties":{"name":"Gdańsk","name:zh":"格但斯克","name:en":"Gdańsk","wikidata":"Q1792","country_code":"PL","population":740000,"class":"city","rank":5,"minzoom":5,"capital":false,"region_capital":true,"source_class":"Admin-1 capital"},"geometry":{"type":"Point","coordinates":[18.64004,54.359975]}},{"type":"Feature","id":1159149709,"properties":{"name":"Kraków","name:zh":"克拉科夫","name:en":"Kraków","wikidata":"Q31487","country_code":"PL","population":756000,"class":"city","rank":5,"minzoom":5.1,"capital":false,"region_capital":true,"source_class":"Admin-1 capital"},"geometry":{"type":"Point","coordinates":[19.958066,50.061925]}},{"type":"Feature","id":1159149711,"properties":{"name":"Dalandzadgad","name:zh":"达兰扎德嘎德","name:en":"Dalanzadgad","wikidata":"Q822808","country_code":"MN","population":15093,"class":"city","rank":5,"minzoom":5.6,"capital":false,"region_capital":true,"source_class":"Admin-1 capital"},"geometry":{"type":"Point","coordinates":[104.440281,43.583553]}},{"type":"Feature","id":1159149713,"properties":{"name":"Wonsan","name:zh":"元山","name:en":"Wonsan","wikidata":"Q109374","country_code":"KP","population":329207,"class":"city","rank":5,"minzoom":5.6,"capital":false,"region_capital":true,"source_class":"Admin-1 capital"},"geometry":{"type":"Point","coordinates":[127.430816,39.160489]}},{"type":"Feature","id":1159149715,"properties":{"name":"Sinuiju","name:zh":"新义州","name:en":"Sinuiju","wikidata":"Q156243","country_code":"KP","population":288112,"class":"city","rank":5,"minzoom":5.6,"capital":false,"region_capital":true,"source_class":"Admin-1 capital"},"geometry":{"type":"Point","coordinates":[124.421284,40.085859]}},{"type":"Feature","id":1159149719,"properties":{"name":"Dund-Us","name:zh":"科布多城","name:en":"Khovd","wikidata":"Q731256","country_code":"MN","population":30500,"class":"city","rank":5,"minzoom":5.6,"capital":false,"region_capital":true,"source_class":"Admin-1 capital"},"geometry":{"type":"Point","coordinates":[91.633259,48.016641]}},{"type":"Feature","id":1159149721,"properties":{"name":"Choibalsan","name:zh":"乔巴山","name:en":"Choibalsan","wikidata":"Q318245","country_code":"MN","population":33376,"class":"city","rank":5,"minzoom":5.6,"capital":false,"region_capital":true,"source_class":"Admin-1 capital"},"geometry":{"type":"Point","coordinates":[114.506023,48.066587]}},{"type":"Feature","id":1159149723,"properties":{"name":"Lüderitz","name:zh":"吕德里茨","name:en":"Lüderitz","wikidata":"Q159325","country_code":"NA","population":15137,"class":"city","rank":5,"minzoom":5.6,"capital":false,"region_capital":true,"source_class":"Admin-1 capital"},"geometry":{"type":"Point","coordinates":[15.159426,-26.648]}},{"type":"Feature","id":1159149725,"properties":{"name":"Walvis Bay","name:zh":"鲸湾港","name:en":"Walvis Bay","wikidata":"Q220843","country_code":"NA","population":52058,"class":"city","rank":5,"minzoom":5.6,"capital":false,"region_capital":false,"source_class":"Populated place"},"geometry":{"type":"Point","coordinates":[14.505306,-22.957528]}},{"type":"Feature","id":1159149727,"properties":{"name":"Mwanza","name:zh":"姆万扎","name:en":"Mwanza","wikidata":"Q110218","country_code":"TZ","population":493944,"class":"city","rank":5,"minzoom":5.6,"capital":false,"region_capital":true,"source_class":"Admin-1 capital"},"geometry":{"type":"Point","coordinates":[32.930021,-2.520015]}},{"type":"Feature","id":1159149729,"properties":{"name":"Morogoro","name:zh":"莫罗戈罗","name:en":"Morogoro","wikidata":"Q243319","country_code":"TZ","population":250902,"class":"city","rank":5,"minzoom":5.6,"capital":false,"region_capital":true,"source_class":"Admin-1 capital"},"geometry":{"type":"Point","coordinates":[37.660016,-6.820011]}},{"type":"Feature","id":1159149731,"properties":{"name":"Dodoma","name:zh":"多多马","name:en":"Dodoma","wikidata":"Q3866","country_code":"TZ","population":218269,"class":"city","rank":5,"minzoom":5.6,"capital":false,"region_capital":false,"source_class":"Admin-0 capital alt"},"geometry":{"type":"Point","coordinates":[35.750004,-6.183306]}},{"type":"Feature","id":1159149733,"properties":{"name":"Arusha","name:zh":"阿鲁沙","name:en":"Arusha","wikidata":"Q4301","country_code":"TZ","population":341136,"class":"city","rank":5,"minzoom":5.6,"capital":false,"region_capital":true,"source_class":"Admin-1 capital"},"geometry":{"type":"Point","coordinates":[36.669999,-3.360016]}},{"type":"Feature","id":1159149737,"properties":{"name":"Bern","name:zh":"伯尔尼","name:en":"Bern","wikidata":"Q70","country_code":"CH","population":275329,"class":"city","rank":5,"minzoom":5.6,"capital":true,"region_capital":false,"source_class":"Admin-0 capital"},"geometry":{"type":"Point","coordinates":[7.466976,46.916683]}},{"type":"Feature","id":1159149739,"properties":{"name":"Malmö","name:zh":"马尔默","name:en":"Malmö","wikidata":"Q2211","country_code":"SE","population":269349,"class":"city","rank":5,"minzoom":5.1,"capital":false,"region_capital":true,"source_class":"Admin-1 capital"},"geometry":{"type":"Point","coordinates":[13.02306,55.599424]}},{"type":"Feature","id":1159149741,"properties":{"name":"Laayoune","name:zh":"阿尤恩","name:en":"Laayoune","wikidata":"Q47837","country_code":"MA","population":188084,"class":"city","rank":5,"minzoom":5.6,"capital":false,"region_capital":false,"source_class":"Admin-0 capital alt"},"geometry":{"type":"Point","coordinates":[-13.200006,27.149982]}},{"type":"Feature","id":1159149743,"properties":{"name":"Ternate","name:zh":"特爾納特","name:en":"Ternate","wikidata":"Q19151","country_code":"ID","population":187521,"class":"city","rank":5,"minzoom":5.6,"capital":false,"region_capital":false,"source_class":"Populated place"},"geometry":{"type":"Point","coordinates":[127.363016,0.792961]}},{"type":"Feature","id":1159149745,"properties":{"name":"Ambon","name:zh":"安汶","name:en":"Ambon","wikidata":"Q18970","country_code":"ID","population":355596,"class":"city","rank":5,"minzoom":5.6,"capital":false,"region_capital":true,"source_class":"Admin-1 capital"},"geometry":{"type":"Point","coordinates":[128.200019,-3.716687]}},{"type":"Feature","id":1159149747,"properties":{"name":"Raba","name:zh":"拉巴","name:en":"Raba","wikidata":"Q7278471","country_code":"ID","population":106101,"class":"city","rank":5,"minzoom":5.6,"capital":false,"region_capital":false,"source_class":"Populated place"},"geometry":{"type":"Point","coordinates":[118.766642,-8.449989]}},{"type":"Feature","id":1159149749,"properties":{"name":"Jayapura","name:zh":"查雅普拉","name:en":"Jayapura","wikidata":"Q27860","country_code":"ID","population":169341,"class":"city","rank":5,"minzoom":5.6,"capital":false,"region_capital":true,"source_class":"Admin-1 capital"},"geometry":{"type":"Point","coordinates":[140.69998,-2.532986]}},{"type":"Feature","id":1159149751,"properties":{"name":"Florence","name:zh":"佛罗伦萨","name:en":"Florence","wikidata":"Q2044","country_code":"IT","population":1500000,"class":"city","rank":5,"minzoom":5.6,"capital":false,"region_capital":true,"source_class":"Admin-1 region capital"},"geometry":{"type":"Point","coordinates":[11.25,43.780001]}},{"type":"Feature","id":1159149755,"properties":{"name":"Catania","name:zh":"卡塔纳","name:en":"Catania","wikidata":"Q1903","country_code":"IT","population":674542,"class":"city","rank":5,"minzoom":5.6,"capital":false,"region_capital":false,"source_class":"Populated place"},"geometry":{"type":"Point","coordinates":[15.079999,37.499971]}},{"type":"Feature","id":1159149757,"properties":{"name":"Pristina","name:zh":"普里什蒂纳","name:en":"Pristina","wikidata":"Q25270","country_code":"","population":465186,"class":"city","rank":5,"minzoom":5.6,"capital":true,"region_capital":false,"source_class":"Admin-0 capital"},"geometry":{"type":"Point","coordinates":[21.165984,42.66671]}},{"type":"Feature","id":1159149759,"properties":{"name":"Meru","name:zh":"梅鲁","name:en":"Meru","wikidata":"Q934149","country_code":"KE","population":47226,"class":"city","rank":5,"minzoom":5.6,"capital":false,"region_capital":false,"source_class":"Populated place"},"geometry":{"type":"Point","coordinates":[37.640017,0.059982]}},{"type":"Feature","id":1159149761,"properties":{"name":"Eldoret","name:zh":"埃尔多雷特","name:en":"Eldoret","wikidata":"Q322149","country_code":"KE","population":353381,"class":"city","rank":5,"minzoom":5.6,"capital":false,"region_capital":false,"source_class":"Populated place"},"geometry":{"type":"Point","coordinates":[35.269981,0.520006]}},{"type":"Feature","id":1159149763,"properties":{"name":"Banda Aceh","name:zh":"班達亞齊","name:en":"Banda Aceh","wikidata":"Q5779","country_code":"ID","population":513698,"class":"city","rank":5,"minzoom":5.6,"capital":false,"region_capital":true,"source_class":"Admin-1 capital"},"geometry":{"type":"Point","coordinates":[95.320011,5.549983]}},{"type":"Feature","id":1159149765,"properties":{"name":"George Town","name:zh":"乔治","name:en":"George Town","wikidata":"Q61092","country_code":"MY","population":2500000,"class":"city","rank":5,"minzoom":5.1,"capital":false,"region_capital":true,"source_class":"Admin-1 capital"},"geometry":{"type":"Point","coordinates":[100.329368,5.413613]}},{"type":"Feature","id":1159149767,"properties":{"name":"Zhangye","name:zh":"张掖","name:en":"Zhangye","wikidata":"Q197402","country_code":"CN","population":230728,"class":"city","rank":5,"minzoom":5.6,"capital":false,"region_capital":false,"source_class":"Populated place"},"geometry":{"type":"Point","coordinates":[100.450034,38.929987]}},{"type":"Feature","id":1159149769,"properties":{"name":"Wuwei","name:zh":"武威","name:en":"Wuwei","wikidata":"Q249007","country_code":"CN","population":493092,"class":"city","rank":5,"minzoom":5.6,"capital":false,"region_capital":false,"source_class":"Populated place"},"geometry":{"type":"Point","coordinates":[102.641011,37.928007]}},{"type":"Feature","id":1159149773,"properties":{"name":"Dunhuang","name:zh":"敦煌","name:en":"Dunhuang","wikidata":"Q319114","country_code":"CN","population":140094,"class":"city","rank":5,"minzoom":5,"capital":false,"region_capital":false,"source_class":"Populated place"},"geometry":{"type":"Point","coordinates":[94.662015,40.142678]}},{"type":"Feature","id":1159149775,"properties":{"name":"Tianshui","name:zh":"天水","name:en":"Tianshui","wikidata":"Q533157","country_code":"CN","population":1225000,"class":"city","rank":5,"minzoom":5.6,"capital":false,"region_capital":false,"source_class":"Populated place"},"geometry":{"type":"Point","coordinates":[105.918038,34.601964]}},{"type":"Feature","id":1159149777,"properties":{"name":"Dulan","name:zh":"都兰","name:en":"Dulan","wikidata":"","country_code":"CN","population":100,"class":"city","rank":5,"minzoom":5.6,"capital":false,"region_capital":false,"source_class":"Populated place"},"geometry":{"type":"Point","coordinates":[98.266601,36.16659]}},{"type":"Feature","id":1159149779,"properties":{"name":"Golmud","name:zh":"格尔木","name:en":"Golmud","wikidata":"Q858250","country_code":"CN","population":107092,"class":"city","rank":5,"minzoom":5,"capital":false,"region_capital":false,"source_class":"Populated place"},"geometry":{"type":"Point","coordinates":[94.883345,36.416626]}},{"type":"Feature","id":1159149781,"properties":{"name":"Yulin","name:zh":"玉林","name:en":"Yulin","wikidata":"Q571918","country_code":"CN","population":1127000,"class":"city","rank":5,"minzoom":5.6,"capital":false,"region_capital":false,"source_class":"Populated place"},"geometry":{"type":"Point","coordinates":[110.148064,22.63192]}},{"type":"Feature","id":1159149783,"properties":{"name":"Bose","name:zh":"白城","name:en":"Baicheng","wikidata":"Q92381","country_code":"CN","population":175282,"class":"city","rank":5,"minzoom":5.6,"capital":false,"region_capital":false,"source_class":"Populated place"},"geometry":{"type":"Point","coordinates":[106.613327,23.899716]}},{"type":"Feature","id":1159149785,"properties":{"name":"Wuzhou","name:zh":"梧州","name:en":"Wuzhou","wikidata":"Q571652","country_code":"CN","population":442315,"class":"city","rank":5,"minzoom":5.6,"capital":false,"region_capital":false,"source_class":"Populated place"},"geometry":{"type":"Point","coordinates":[111.320016,23.480025]}},{"type":"Feature","id":1159149787,"properties":{"name":"Liupanshui","name:zh":"六盘水","name:en":"Liupanshui","wikidata":"Q485918","country_code":"CN","population":1221000,"class":"city","rank":5,"minzoom":5.6,"capital":false,"region_capital":false,"source_class":"Populated place"},"geometry":{"type":"Point","coordinates":[104.831386,26.596381]}},{"type":"Feature","id":1159149791,"properties":{"name":"Quanzhou","name:zh":"泉州","name:en":"Quanzhou","wikidata":"Q68695","country_code":"CN","population":1463000,"class":"city","rank":5,"minzoom":5.6,"capital":false,"region_capital":false,"source_class":"Populated place"},"geometry":{"type":"Point","coordinates":[118.578041,24.901962]}},{"type":"Feature","id":1159149793,"properties":{"name":"Hefei","name:zh":"合肥","name:en":"Hefei","wikidata":"Q185684","country_code":"CN","population":2035000,"class":"city","rank":5,"minzoom":5.6,"capital":false,"region_capital":true,"source_class":"Admin-1 capital"},"geometry":{"type":"Point","coordinates":[117.278068,31.851977]}},{"type":"Feature","id":1159149795,"properties":{"name":"Suzhou","name:zh":"宿州","name:en":"Suzhou","wikidata":"Q360643","country_code":"CN","population":1964000,"class":"city","rank":5,"minzoom":5.6,"capital":false,"region_capital":false,"source_class":"Populated place"},"geometry":{"type":"Point","coordinates":[116.976943,33.638057]}},{"type":"Feature","id":1159149797,"properties":{"name":"Zhanjiang","name:zh":"湛江","name:en":"Zhanjiang","wikidata":"Q59144","country_code":"CN","population":1590000,"class":"city","rank":5,"minzoom":5.6,"capital":false,"region_capital":false,"source_class":"Populated place"},"geometry":{"type":"Point","coordinates":[110.378076,21.20193]}},{"type":"Feature","id":1159149799,"properties":{"name":"Shaoguan","name:zh":"韶关","name:en":"Shaoguan","wikidata":"Q59107","country_code":"CN","population":720266,"class":"city","rank":5,"minzoom":5.1,"capital":false,"region_capital":false,"source_class":"Populated place"},"geometry":{"type":"Point","coordinates":[113.579982,24.799971]}},{"type":"Feature","id":1159149801,"properties":{"name":"Balikpapan","name:zh":"巴厘巴板","name:en":"Balikpapan","wikidata":"Q14492","country_code":"ID","population":445905,"class":"city","rank":5,"minzoom":5.6,"capital":false,"region_capital":false,"source_class":"Populated place"},"geometry":{"type":"Point","coordinates":[116.830016,-1.250015]}},{"type":"Feature","id":1159149803,"properties":{"name":"Kuching","name:zh":"古晋","name:en":"Kuching","wikidata":"Q220445","country_code":"MY","population":570407,"class":"city","rank":5,"minzoom":5.6,"capital":false,"region_capital":true,"source_class":"Admin-1 capital"},"geometry":{"type":"Point","coordinates":[110.329999,1.52997]}},{"type":"Feature","id":1159149805,"properties":{"name":"Antsiranana","name:zh":"安齐拉纳纳","name:en":"Antsiranana","wikidata":"Q218928","country_code":"MG","population":82937,"class":"city","rank":5,"minzoom":5.6,"capital":false,"region_capital":true,"source_class":"Admin-1 capital"},"geometry":{"type":"Point","coordinates":[49.311526,-12.276502]}},{"type":"Feature","id":1159149809,"properties":{"name":"Fianarantsoa","name:zh":"菲亞納蘭楚阿","name:en":"Fianarantsoa","wikidata":"Q527441","country_code":"MG","population":184184,"class":"city","rank":5,"minzoom":5.6,"capital":false,"region_capital":true,"source_class":"Admin-1 capital"},"geometry":{"type":"Point","coordinates":[47.083265,-21.433331]}},{"type":"Feature","id":1159149811,"properties":{"name":"Mahajanga","name:zh":"马哈赞加","name:en":"Mahajanga","wikidata":"Q218753","country_code":"MG","population":154657,"class":"city","rank":5,"minzoom":5.6,"capital":false,"region_capital":true,"source_class":"Admin-1 capital"},"geometry":{"type":"Point","coordinates":[46.345016,-15.670014]}},{"type":"Feature","id":1159149813,"properties":{"name":"Toliara","name:zh":"图利亚拉","name:en":"Toliara","wikidata":"Q824043","country_code":"MG","population":115319,"class":"city","rank":5,"minzoom":5.1,"capital":false,"region_capital":true,"source_class":"Admin-1 capital"},"geometry":{"type":"Point","coordinates":[43.689984,-23.356831]}},{"type":"Feature","id":1159149815,"properties":{"name":"Surakarta","name:zh":"梭罗","name:en":"Surakarta","wikidata":"Q4803","country_code":"ID","population":555308,"class":"city","rank":5,"minzoom":5.6,"capital":false,"region_capital":false,"source_class":"Populated place"},"geometry":{"type":"Point","coordinates":[110.825008,-7.564979]}},{"type":"Feature","id":1159149817,"properties":{"name":"Bandar Lampung","name:zh":"班達楠榜","name:en":"Bandar Lampung","wikidata":"Q8156","country_code":"ID","population":865000,"class":"city","rank":5,"minzoom":5.6,"capital":false,"region_capital":true,"source_class":"Admin-1 capital"},"geometry":{"type":"Point","coordinates":[105.268052,-5.428073]}},{"type":"Feature","id":1159149819,"properties":{"name":"Tanjung Pandan","name:zh":"丹绒香兰","name:en":"Tanjung Pandan","wikidata":"Q3056359","country_code":"ID","population":62374,"class":"city","rank":5,"minzoom":5.6,"capital":false,"region_capital":false,"source_class":"Populated place"},"geometry":{"type":"Point","coordinates":[107.650008,-2.750027]}},{"type":"Feature","id":1159149821,"properties":{"name":"Malang","name:zh":"玛琅","name:en":"Malang","wikidata":"Q11445","country_code":"ID","population":805000,"class":"city","rank":5,"minzoom":5.6,"capital":false,"region_capital":false,"source_class":"Populated place"},"geometry":{"type":"Point","coordinates":[112.608069,-7.978046]}},{"type":"Feature","id":1159149823,"properties":{"name":"Kupang","name:zh":"古邦","name:en":"Kupang","wikidata":"Q14155","country_code":"ID","population":282396,"class":"city","rank":5,"minzoom":5.6,"capital":false,"region_capital":true,"source_class":"Admin-1 capital"},"geometry":{"type":"Point","coordinates":[123.582989,-10.178669]}},{"type":"Feature","id":1159149827,"properties":{"name":"Parepare","name:zh":"巴里巴里","name:en":"Parepare","wikidata":"Q14636","country_code":"ID","population":87776,"class":"city","rank":5,"minzoom":5.6,"capital":false,"region_capital":false,"source_class":"Populated place"},"geometry":{"type":"Point","coordinates":[119.633307,-4.016668]}},{"type":"Feature","id":1159149829,"properties":{"name":"Cuenca","name:zh":"昆卡","name:en":"Cuenca","wikidata":"Q54886","country_code":"EC","population":286878,"class":"city","rank":5,"minzoom":5.6,"capital":false,"region_capital":true,"source_class":"Admin-1 capital"},"geometry":{"type":"Point","coordinates":[-78.999995,-2.899992]}},{"type":"Feature","id":1159149831,"properties":{"name":"Santa Cruz","name:zh":"圣克鲁斯","name:en":"Santa Cruz","wikidata":"","country_code":"EC","population":11262,"class":"city","rank":5,"minzoom":5.6,"capital":false,"region_capital":false,"source_class":"Populated place"},"geometry":{"type":"Point","coordinates":[-90.35,-0.533315]}},{"type":"Feature","id":1159149833,"properties":{"name":"Limón","name:zh":"利蒙","name:en":"Limón","wikidata":"Q30620","country_code":"CR","population":85001,"class":"city","rank":5,"minzoom":5.6,"capital":false,"region_capital":true,"source_class":"Admin-1 capital"},"geometry":{"type":"Point","coordinates":[-83.03334,10.000021]}},{"type":"Feature","id":1159149835,"properties":{"name":"Santiago de Cuba","name:zh":"圣地亚哥－德古巴","name:en":"Santiago de Cuba","wikidata":"Q117040","country_code":"CU","population":555865,"class":"city","rank":5,"minzoom":5.1,"capital":false,"region_capital":true,"source_class":"Admin-1 capital"},"geometry":{"type":"Point","coordinates":[-75.821326,20.025017]}},{"type":"Feature","id":1159149837,"properties":{"name":"Santiago","name:zh":"聖地牙哥","name:en":"Santiago de los Caballeros","wikidata":"Q42763","country_code":"DO","population":1550753,"class":"city","rank":5,"minzoom":5.6,"capital":false,"region_capital":true,"source_class":"Admin-1 capital"},"geometry":{"type":"Point","coordinates":[-70.670012,19.50001]}},{"type":"Feature","id":1159149839,"properties":{"name":"Manizales","name:zh":"马尼萨莱斯","name:en":"Manizales","wikidata":"Q235190","country_code":"CO","population":375848,"class":"city","rank":5,"minzoom":5.6,"capital":false,"region_capital":true,"source_class":"Admin-1 capital"},"geometry":{"type":"Point","coordinates":[-75.52,5.059987]}},{"type":"Feature","id":1159149841,"properties":{"name":"Pasto","name:zh":"帕斯托","name:en":"San Juan de Pasto","wikidata":"Q320015","country_code":"CO","population":382236,"class":"city","rank":5,"minzoom":5.6,"capital":false,"region_capital":true,"source_class":"Admin-1 capital"},"geometry":{"type":"Point","coordinates":[-77.281107,1.213607]}},{"type":"Feature","id":1159149845,"properties":{"name":"Barranquilla","name:zh":"巴兰基亚","name:en":"Barranquilla","wikidata":"Q62823","country_code":"CO","population":1798000,"class":"city","rank":5,"minzoom":5.6,"capital":false,"region_capital":true,"source_class":"Admin-1 capital"},"geometry":{"type":"Point","coordinates":[-74.801913,10.961934]}},{"type":"Feature","id":1159149847,"properties":{"name":"Roseau","name:zh":"罗索","name:en":"Roseau","wikidata":"Q36281","country_code":"DM","population":23336,"class":"city","rank":5,"minzoom":5.1,"capital":true,"region_capital":false,"source_class":"Admin-0 capital"},"geometry":{"type":"Point","coordinates":[-61.387013,15.301016]}},{"type":"Feature","id":1159149849,"properties":{"name":"Mbandaka","name:zh":"姆班达卡","name:en":"Mbandaka","wikidata":"Q211070","country_code":"CD","population":274996,"class":"city","rank":5,"minzoom":5.6,"capital":false,"region_capital":true,"source_class":"Admin-1 capital"},"geometry":{"type":"Point","coordinates":[18.260012,0.040035]}},{"type":"Feature","id":1159149851,"properties":{"name":"Moundou","name:zh":"蒙杜","name:en":"Moundou","wikidata":"Q333074","country_code":"TD","population":156705,"class":"city","rank":5,"minzoom":5.6,"capital":false,"region_capital":true,"source_class":"Admin-1 capital"},"geometry":{"type":"Point","coordinates":[16.090015,8.549981]}},{"type":"Feature","id":1159149853,"properties":{"name":"Suez","name:zh":"苏伊士","name:en":"Suez","wikidata":"Q134514","country_code":"EG","population":508335,"class":"city","rank":5,"minzoom":5.6,"capital":false,"region_capital":false,"source_class":"Populated place"},"geometry":{"type":"Point","coordinates":[32.549941,30.004976]}},{"type":"Feature","id":1159149855,"properties":{"name":"Bur Said","name:zh":"塞得港","name:en":"Port Said","wikidata":"Q134509","country_code":"EG","population":623864,"class":"city","rank":5,"minzoom":5.6,"capital":false,"region_capital":true,"source_class":"Admin-1 capital"},"geometry":{"type":"Point","coordinates":[32.290008,31.25999]}},{"type":"Feature","id":1159149857,"properties":{"name":"El Faiyum","name:zh":"法尤姆","name:en":"Faiyum","wikidata":"Q203299","country_code":"EG","population":316772,"class":"city","rank":5,"minzoom":5.6,"capital":false,"region_capital":true,"source_class":"Admin-1 capital"},"geometry":{"type":"Point","coordinates":[30.839967,29.310031]}},{"type":"Feature","id":1159149859,"properties":{"name":"Aswan","name:zh":"阿斯旺","name:en":"Aswan","wikidata":"Q29888","country_code":"EG","population":313442,"class":"city","rank":5,"minzoom":5.6,"capital":false,"region_capital":true,"source_class":"Admin-1 capital"},"geometry":{"type":"Point","coordinates":[32.898911,24.087508]}},{"type":"Feature","id":1159149863,"properties":{"name":"Asyut","name:zh":"艾斯尤特","name:en":"Asyut","wikidata":"Q29962","country_code":"EG","population":420585,"class":"city","rank":5,"minzoom":5.6,"capital":false,"region_capital":true,"source_class":"Admin-1 capital"},"geometry":{"type":"Point","coordinates":[31.179947,27.18998]}},{"type":"Feature","id":1159149865,"properties":{"name":"Kisangani","name:zh":"基桑加尼","name:en":"Kisangani","wikidata":"Q146723","country_code":"CD","population":578470,"class":"city","rank":5,"minzoom":5.6,"capital":false,"region_capital":true,"source_class":"Admin-1 capital"},"geometry":{"type":"Point","coordinates":[25.22,0.520006]}},{"type":"Feature","id":1159149867,"properties":{"name":"Assab","name:zh":"阿萨布","name:en":"Assab","wikidata":"Q738496","country_code":"ER","population":105496,"class":"city","rank":5,"minzoom":5.6,"capital":false,"region_capital":true,"source_class":"Admin-1 capital"},"geometry":{"type":"Point","coordinates":[42.729991,13.010018]}},{"type":"Feature","id":1159149869,"properties":{"name":"Djibouti","name:zh":"吉布地","name:en":"Djibouti","wikidata":"Q3604","country_code":"DJ","population":923000,"class":"city","rank":5,"minzoom":5.6,"capital":true,"region_capital":false,"source_class":"Admin-0 capital"},"geometry":{"type":"Point","coordinates":[43.148002,11.595014]}},{"type":"Feature","id":1159149871,"properties":{"name":"Dresden","name:zh":"德累斯顿","name:en":"Dresden","wikidata":"Q1731","country_code":"DE","population":617515,"class":"city","rank":5,"minzoom":5,"capital":false,"region_capital":true,"source_class":"Admin-1 capital"},"geometry":{"type":"Point","coordinates":[13.750003,51.049971]}},{"type":"Feature","id":1159149873,"properties":{"name":"Xigaze","name:zh":"日喀则","name:en":"Xigazê","wikidata":"Q1211183","country_code":"CN","population":80000,"class":"city","rank":5,"minzoom":5,"capital":false,"region_capital":false,"source_class":"Populated place"},"geometry":{"type":"Point","coordinates":[88.88335,29.250009]}},{"type":"Feature","id":1159149875,"properties":{"name":"Shache","name:zh":"莎车县","name:en":"Yarkant County","wikidata":"Q857618","country_code":"CN","population":851374,"class":"city","rank":5,"minzoom":5.6,"capital":false,"region_capital":false,"source_class":"Populated place"},"geometry":{"type":"Point","coordinates":[77.250003,38.426142]}},{"type":"Feature","id":1159149877,"properties":{"name":"Yining","name:zh":"伊宁","name:en":"Yining City","wikidata":"Q866021","country_code":"CN","population":542507,"class":"city","rank":5,"minzoom":5.1,"capital":false,"region_capital":false,"source_class":"Populated place"},"geometry":{"type":"Point","coordinates":[81.350011,43.900019]}},{"type":"Feature","id":1159149881,"properties":{"name":"Altay","name:zh":"阿勒泰","name:en":"Altay City","wikidata":"Q434924","country_code":"CN","population":142000,"class":"city","rank":5,"minzoom":5.6,"capital":false,"region_capital":false,"source_class":"Populated place"},"geometry":{"type":"Point","coordinates":[88.116626,47.866599]}},{"type":"Feature","id":1159149883,"properties":{"name":"Putrajaya","name:zh":"布城","name:en":"Putrajaya","wikidata":"Q182378","country_code":"MY","population":67964,"class":"city","rank":5,"minzoom":5.6,"capital":false,"region_capital":false,"source_class":"Admin-0 capital alt"},"geometry":{"type":"Point","coordinates":[101.695037,2.932515]}},{"type":"Feature","id":1159149885,"properties":{"name":"Shizuishan","name:zh":"石嘴山","name:en":"Shizuishan","wikidata":"Q604385","country_code":"CN","population":136570,"class":"city","rank":5,"minzoom":5.6,"capital":false,"region_capital":false,"source_class":"Populated place"},"geometry":{"type":"Point","coordinates":[106.769028,39.233276]}},{"type":"Feature","id":1159149887,"properties":{"name":"Yulin","name:zh":"榆林","name:en":"Yulin","wikidata":"Q515712","country_code":"CN","population":155960,"class":"city","rank":5,"minzoom":5.6,"capital":false,"region_capital":false,"source_class":"Populated place"},"geometry":{"type":"Point","coordinates":[109.733291,38.283308]}},{"type":"Feature","id":1159149889,"properties":{"name":"Ankang","name:zh":"安康","name:en":"Ankang","wikidata":"Q515846","country_code":"CN","population":1100000,"class":"city","rank":5,"minzoom":5.6,"capital":false,"region_capital":false,"source_class":"Populated place"},"geometry":{"type":"Point","coordinates":[109.020002,32.679981]}},{"type":"Feature","id":1159149891,"properties":{"name":"Houma","name:zh":"侯马","name:en":"Houma","wikidata":"Q975264","country_code":"CN","population":102400,"class":"city","rank":5,"minzoom":5.1,"capital":false,"region_capital":false,"source_class":"Populated place"},"geometry":{"type":"Point","coordinates":[111.209997,35.619982]}},{"type":"Feature","id":1159149893,"properties":{"name":"Yueyang","name:zh":"岳阳","name:en":"Yueyang","wikidata":"Q151958","country_code":"CN","population":826000,"class":"city","rank":5,"minzoom":5.6,"capital":false,"region_capital":false,"source_class":"Populated place"},"geometry":{"type":"Point","coordinates":[113.098065,29.381999]}},{"type":"Feature","id":1159149895,"properties":{"name":"Hengyang","name:zh":"衡阳","name:en":"Hengyang","wikidata":"Q144663","country_code":"CN","population":1016000,"class":"city","rank":5,"minzoom":5.6,"capital":false,"region_capital":false,"source_class":"Populated place"},"geometry":{"type":"Point","coordinates":[112.58807,26.881971]}},{"type":"Feature","id":1159149899,"properties":{"name":"Mianyang","name:zh":"绵阳","name:en":"Mianyang","wikidata":"Q426130","country_code":"CN","population":1396000,"class":"city","rank":5,"minzoom":5.6,"capital":false,"region_capital":false,"source_class":"Populated place"},"geometry":{"type":"Point","coordinates":[104.689993,31.464828]}},{"type":"Feature","id":1159149901,"properties":{"name":"Xichang","name:zh":"西昌","name:en":"Xichang","wikidata":"Q224603","country_code":"CN","population":379993,"class":"city","rank":5,"minzoom":5,"capital":false,"region_capital":false,"source_class":"Populated place"},"geometry":{"type":"Point","coordinates":[102.299998,27.880015]}},{"type":"Feature","id":1159149903,"properties":{"name":"Baoshan","name:zh":"保山","name:en":"Baoshan","wikidata":"Q496576","country_code":"CN","population":1000000,"class":"city","rank":5,"minzoom":5.6,"capital":false,"region_capital":false,"source_class":"Populated place"},"geometry":{"type":"Point","coordinates":[99.15001,25.119977]}},{"type":"Feature","id":1159149905,"properties":{"name":"Gejiu","name:zh":"个旧","name:en":"Gejiu","wikidata":"Q1016730","country_code":"CN","population":149105,"class":"city","rank":5,"minzoom":5.1,"capital":false,"region_capital":false,"source_class":"Populated place"},"geometry":{"type":"Point","coordinates":[103.150076,23.37998]}},{"type":"Feature","id":1159149907,"properties":{"name":"Shijiazhuang","name:zh":"石家庄","name:en":"Shijiazhuang","wikidata":"Q58401","country_code":"CN","population":2417000,"class":"city","rank":5,"minzoom":5.6,"capital":false,"region_capital":true,"source_class":"Admin-1 capital"},"geometry":{"type":"Point","coordinates":[114.478032,38.05196]}},{"type":"Feature","id":1159149909,"properties":{"name":"Handan","name:zh":"邯郸","name:en":"Handan","wikidata":"Q58570","country_code":"CN","population":1631000,"class":"city","rank":5,"minzoom":5.1,"capital":false,"region_capital":false,"source_class":"Populated place"},"geometry":{"type":"Point","coordinates":[114.478032,36.581921]}},{"type":"Feature","id":1159149911,"properties":{"name":"Anshan","name:zh":"鞍山","name:en":"Anshan","wikidata":"Q74957","country_code":"CN","population":1639000,"class":"city","rank":5,"minzoom":5.6,"capital":false,"region_capital":false,"source_class":"Populated place"},"geometry":{"type":"Point","coordinates":[122.938085,41.116967]}},{"type":"Feature","id":1159149913,"properties":{"name":"Dalian","name:zh":"大连","name:en":"Dalian","wikidata":"Q74881","country_code":"CN","population":3167000,"class":"city","rank":5,"minzoom":5.1,"capital":false,"region_capital":false,"source_class":"Populated place"},"geometry":{"type":"Point","coordinates":[121.627885,38.924784]}},{"type":"Feature","id":1159149917,"properties":{"name":"Qingdao","name:zh":"青岛","name:en":"Qingdao","wikidata":"Q170322","country_code":"CN","population":2866000,"class":"city","rank":5,"minzoom":5,"capital":false,"region_capital":false,"source_class":"Populated place"},"geometry":{"type":"Point","coordinates":[120.328063,36.091925]}},{"type":"Feature","id":1159149919,"properties":{"name":"Linyi","name:zh":"临沂","name:en":"Linyi","wikidata":"Q373346","country_code":"CN","population":2082000,"class":"city","rank":5,"minzoom":5.6,"capital":false,"region_capital":false,"source_class":"Populated place"},"geometry":{"type":"Point","coordinates":[118.32803,35.081935]}},{"type":"Feature","id":1159149921,"properties":{"name":"Huaiyin","name:zh":"淮安","name:en":"Huai'an","wikidata":"Q57818","country_code":"CN","population":1264000,"class":"city","rank":5,"minzoom":5.6,"capital":false,"region_capital":false,"source_class":"Populated place"},"geometry":{"type":"Point","coordinates":[119.065967,33.585165]}},{"type":"Feature","id":1159149923,"properties":{"name":"Wenzhou","name:zh":"温州","name:en":"Wenzhou","wikidata":"Q42635","country_code":"CN","population":2350000,"class":"city","rank":5,"minzoom":5.1,"capital":false,"region_capital":false,"source_class":"Populated place"},"geometry":{"type":"Point","coordinates":[120.648147,28.021927]}},{"type":"Feature","id":1159149925,"properties":{"name":"Ningbo","name:zh":"宁波","name:en":"Ningbo","wikidata":"Q42780","country_code":"CN","population":1923000,"class":"city","rank":5,"minzoom":5.1,"capital":false,"region_capital":false,"source_class":"Populated place"},"geometry":{"type":"Point","coordinates":[121.548092,29.881917]}},{"type":"Feature","id":1159149927,"properties":{"name":"Fukuoka","name:zh":"福冈","name:en":"Fukuoka","wikidata":"Q26600","country_code":"JP","population":2792000,"class":"city","rank":5,"minzoom":5.6,"capital":false,"region_capital":true,"source_class":"Admin-1 region capital"},"geometry":{"type":"Point","coordinates":[130.408068,33.596961]}},{"type":"Feature","id":1159149929,"properties":{"name":"Miyazaki","name:zh":"宫崎","name:en":"Miyazaki","wikidata":"Q204308","country_code":"JP","population":324384,"class":"city","rank":5,"minzoom":5.6,"capital":false,"region_capital":true,"source_class":"Admin-1 capital"},"geometry":{"type":"Point","coordinates":[131.418376,31.918244]}},{"type":"Feature","id":1159149931,"properties":{"name":"Naha","name:zh":"那霸","name:en":"Naha","wikidata":"Q181966","country_code":"JP","population":905238,"class":"city","rank":5,"minzoom":5.1,"capital":false,"region_capital":true,"source_class":"Admin-1 region capital"},"geometry":{"type":"Point","coordinates":[127.672972,26.207172]}},{"type":"Feature","id":1159149935,"properties":{"name":"Kōchi","name:zh":"高知","name:en":"Kōchi","wikidata":"Q200251","country_code":"JP","population":335570,"class":"city","rank":5,"minzoom":5.6,"capital":false,"region_capital":true,"source_class":"Admin-1 capital"},"geometry":{"type":"Point","coordinates":[133.537523,33.562433]}},{"type":"Feature","id":1159149937,"properties":{"name":"Gorontalo","name:zh":"哥倫打洛","name:en":"Gorontalo","wikidata":"Q14525","country_code":"ID","population":365497,"class":"city","rank":5,"minzoom":5.6,"capital":false,"region_capital":false,"source_class":"Populated place"},"geometry":{"type":"Point","coordinates":[123.070048,0.549978]}},{"type":"Feature","id":1159149939,"properties":{"name":"Tongliao","name:zh":"通辽","name:en":"Tongliao","wikidata":"Q570884","country_code":"CN","population":884000,"class":"city","rank":5,"minzoom":5.6,"capital":false,"region_capital":false,"source_class":"Populated place"},"geometry":{"type":"Point","coordinates":[122.268048,43.621905]}},{"type":"Feature","id":1159149941,"properties":{"name":"Hohhot","name:zh":"呼和浩特","name:en":"Hohhot","wikidata":"Q535534","country_code":"CN","population":1726000,"class":"city","rank":5,"minzoom":5.1,"capital":false,"region_capital":true,"source_class":"Admin-1 capital"},"geometry":{"type":"Point","coordinates":[111.65805,40.821921]}},{"type":"Feature","id":1159149943,"properties":{"name":"Chifeng","name:zh":"赤峰","name:en":"Chifeng","wikidata":"Q570829","country_code":"CN","population":1277000,"class":"city","rank":5,"minzoom":5.6,"capital":false,"region_capital":false,"source_class":"Populated place"},"geometry":{"type":"Point","coordinates":[118.948044,42.271961]}},{"type":"Feature","id":1159149945,"properties":{"name":"Ulan Hot","name:zh":"乌兰浩特","name:en":"Ulan Hot","wikidata":"Q1000383","country_code":"CN","population":241894,"class":"city","rank":5,"minzoom":5.6,"capital":false,"region_capital":false,"source_class":"Populated place"},"geometry":{"type":"Point","coordinates":[122.080031,46.080016]}},{"type":"Feature","id":1159149947,"properties":{"name":"Hailar","name:zh":"海拉尔区","name:en":"Hailar","wikidata":"Q986724","country_code":"CN","population":231171,"class":"city","rank":5,"minzoom":5.6,"capital":false,"region_capital":false,"source_class":"Populated place"},"geometry":{"type":"Point","coordinates":[119.700022,49.19998]}},{"type":"Feature","id":1159149949,"properties":{"name":"Jiamusi","name:zh":"佳木斯","name:en":"Jiamusi","wikidata":"Q29003","country_code":"CN","population":1020000,"class":"city","rank":5,"minzoom":5.1,"capital":false,"region_capital":false,"source_class":"Populated place"},"geometry":{"type":"Point","coordinates":[130.348072,46.831967]}},{"type":"Feature","id":1159149953,"properties":{"name":"Bei'an","name:zh":"北安","name:en":"Bei'an","wikidata":"Q814616","country_code":"CN","population":154936,"class":"city","rank":5,"minzoom":5.6,"capital":false,"region_capital":false,"source_class":"Populated place"},"geometry":{"type":"Point","coordinates":[126.528604,48.246263]}},{"type":"Feature","id":1159149955,"properties":{"name":"Daqing","name:zh":"大庆","name:en":"Daqing","wikidata":"Q304848","country_code":"CN","population":1693000,"class":"city","rank":5,"minzoom":5.1,"capital":false,"region_capital":false,"source_class":"Populated place"},"geometry":{"type":"Point","coordinates":[124.998062,46.581905]}},{"type":"Feature","id":1159149957,"properties":{"name":"Jixi","name:zh":"鸡西","name:en":"Jixi","wikidata":"Q28979","country_code":"CN","population":965000,"class":"city","rank":5,"minzoom":5.6,"capital":false,"region_capital":false,"source_class":"Populated place"},"geometry":{"type":"Point","coordinates":[130.968085,45.301906]}},{"type":"Feature","id":1159149959,"properties":{"name":"Nagoya","name:zh":"名古屋","name:en":"Nagoya","wikidata":"Q11751","country_code":"JP","population":3230000,"class":"city","rank":5,"minzoom":5.1,"capital":false,"region_capital":true,"source_class":"Admin-1 region capital"},"geometry":{"type":"Point","coordinates":[136.913046,35.156943]}},{"type":"Feature","id":1159149961,"properties":{"name":"Nagano","name:zh":"长野","name:en":"Nagano","wikidata":"Q128849","country_code":"JP","population":594311,"class":"city","rank":5,"minzoom":5.6,"capital":false,"region_capital":true,"source_class":"Admin-1 capital"},"geometry":{"type":"Point","coordinates":[138.170005,36.649997]}},{"type":"Feature","id":1159149963,"properties":{"name":"Kushiro","name:zh":"钏路","name:en":"Kushiro","wikidata":"Q271917","country_code":"JP","population":198566,"class":"city","rank":5,"minzoom":5.1,"capital":false,"region_capital":false,"source_class":"Populated place"},"geometry":{"type":"Point","coordinates":[144.374691,42.974959]}},{"type":"Feature","id":1159149965,"properties":{"name":"Hakodate","name:zh":"函馆","name:en":"Hakodate","wikidata":"Q26418","country_code":"JP","population":302984,"class":"city","rank":5,"minzoom":5.6,"capital":false,"region_capital":false,"source_class":"Populated place"},"geometry":{"type":"Point","coordinates":[140.739978,41.79498]}},{"type":"Feature","id":1159149967,"properties":{"name":"Kyoto","name:zh":"京都","name:en":"Kyoto","wikidata":"Q34600","country_code":"JP","population":1805000,"class":"city","rank":5,"minzoom":5.1,"capital":false,"region_capital":false,"source_class":"Admin-0 capital alt"},"geometry":{"type":"Point","coordinates":[135.748052,35.031938]}},{"type":"Feature","id":1159149971,"properties":{"name":"Sendai","name:zh":"仙台","name:en":"Sendai","wikidata":"Q46747","country_code":"JP","population":2250000,"class":"city","rank":5,"minzoom":5.1,"capital":false,"region_capital":true,"source_class":"Admin-1 region capital"},"geometry":{"type":"Point","coordinates":[140.869667,38.268441]}},{"type":"Feature","id":1159149973,"properties":{"name":"Sakata","name:zh":"酒田","name:en":"Sakata","wikidata":"Q504690","country_code":"JP","population":100446,"class":"city","rank":5,"minzoom":5.6,"capital":false,"region_capital":false,"source_class":"Populated place"},"geometry":{"type":"Point","coordinates":[139.850058,38.920039]}},{"type":"Feature","id":1159149975,"properties":{"name":"Bandundu","name:zh":"班顿杜","name:en":"Bandundu","wikidata":"Q736061","country_code":"CD","population":118211,"class":"city","rank":5,"minzoom":5.6,"capital":false,"region_capital":true,"source_class":"Admin-1 capital"},"geometry":{"type":"Point","coordinates":[17.379962,-3.309993]}},{"type":"Feature","id":1159149977,"properties":{"name":"Kananga","name:zh":"卡南加","name:en":"Kananga","wikidata":"Q205327","country_code":"CD","population":765000,"class":"city","rank":5,"minzoom":5.6,"capital":false,"region_capital":true,"source_class":"Admin-1 capital"},"geometry":{"type":"Point","coordinates":[22.398072,-5.888096]}},{"type":"Feature","id":1159149979,"properties":{"name":"Kasongo","name:zh":"卡松戈","name:en":"Kasongo","wikidata":"Q587152","country_code":"CD","population":63000,"class":"city","rank":5,"minzoom":5.6,"capital":false,"region_capital":false,"source_class":"Populated place"},"geometry":{"type":"Point","coordinates":[26.660016,-4.450027]}},{"type":"Feature","id":1159149981,"properties":{"name":"Mbuji-Mayi","name:zh":"姆布吉马伊","name:en":"Mbuji-Mayi","wikidata":"Q319660","country_code":"CD","population":1295000,"class":"city","rank":5,"minzoom":5.6,"capital":false,"region_capital":true,"source_class":"Admin-1 capital"},"geometry":{"type":"Point","coordinates":[23.59805,-6.148081]}},{"type":"Feature","id":1159149983,"properties":{"name":"Kalemie","name:zh":"卡莱米","name:en":"Kalemie","wikidata":"Q732801","country_code":"CD","population":206257,"class":"city","rank":5,"minzoom":5.6,"capital":false,"region_capital":false,"source_class":"Populated place"},"geometry":{"type":"Point","coordinates":[29.200016,-5.933295]}},{"type":"Feature","id":1159149985,"properties":{"name":"Butembo","name:zh":"布滕博","name:en":"Butembo","wikidata":"Q518785","country_code":"CD","population":286403,"class":"city","rank":5,"minzoom":5.6,"capital":false,"region_capital":false,"source_class":"Populated place"},"geometry":{"type":"Point","coordinates":[29.280011,0.130004]}},{"type":"Feature","id":1159149989,"properties":{"name":"Goma","name:zh":"戈马","name:en":"Goma","wikidata":"Q204381","country_code":"CD","population":144124,"class":"city","rank":5,"minzoom":5.1,"capital":false,"region_capital":true,"source_class":"Admin-1 capital"},"geometry":{"type":"Point","coordinates":[29.221787,-1.678799]}},{"type":"Feature","id":1159149991,"properties":{"name":"Mzuzu","name:zh":"姆祖祖","name:en":"Mzuzu","wikidata":"Q502216","country_code":"MW","population":110201,"class":"city","rank":5,"minzoom":5.6,"capital":false,"region_capital":true,"source_class":"Admin-1 region capital"},"geometry":{"type":"Point","coordinates":[34.01998,-11.459987]}},{"type":"Feature","id":1159149993,"properties":{"name":"Blantyre","name:zh":"布兰太尔","name:en":"Blantyre","wikidata":"Q188693","country_code":"MW","population":584877,"class":"city","rank":5,"minzoom":5.6,"capital":false,"region_capital":true,"source_class":"Admin-1 region capital"},"geometry":{"type":"Point","coordinates":[34.989947,-15.790007]}},{"type":"Feature","id":1159149995,"properties":{"name":"Quetzaltenango","name:zh":"克萨尔特南戈","name:en":"Quetzaltenango","wikidata":"Q334577","country_code":"GT","population":575263,"class":"city","rank":5,"minzoom":5.6,"capital":false,"region_capital":true,"source_class":"Admin-1 capital"},"geometry":{"type":"Point","coordinates":[-91.520006,14.829959]}},{"type":"Feature","id":1159149997,"properties":{"name":"Banjul","name:zh":"班竹","name:en":"Banjul","wikidata":"Q3726","country_code":"GM","population":43094,"class":"city","rank":5,"minzoom":5.6,"capital":true,"region_capital":false,"source_class":"Admin-0 capital"},"geometry":{"type":"Point","coordinates":[-16.591701,13.453876]}},{"type":"Feature","id":1159149999,"properties":{"name":"Faridabad","name:zh":"法里达巴德","name:en":"Faridabad","wikidata":"Q200663","country_code":"IN","population":1394000,"class":"city","rank":5,"minzoom":5.6,"capital":false,"region_capital":false,"source_class":"Populated place"},"geometry":{"type":"Point","coordinates":[77.314721,28.435279]}},{"type":"Feature","id":1159150001,"properties":{"name":"Srinagar","name:zh":"斯利那加","name:en":"Srinagar","wikidata":"Q170115","country_code":"IN","population":1140000,"class":"city","rank":5,"minzoom":5.6,"capital":false,"region_capital":true,"source_class":"Admin-1 capital"},"geometry":{"type":"Point","coordinates":[74.828309,34.069474]}},{"type":"Feature","id":1159150003,"properties":{"name":"Vijayawada","name:zh":"维杰亚瓦达","name:en":"Vijayawada","wikidata":"Q200017","country_code":"IN","population":1137000,"class":"city","rank":5,"minzoom":5.6,"capital":false,"region_capital":false,"source_class":"Populated place"},"geometry":{"type":"Point","coordinates":[80.628057,16.521905]}},{"type":"Feature","id":1159150007,"properties":{"name":"Thiruvananthapuram","name:zh":"特里凡得琅","name:en":"Thiruvananthapuram","wikidata":"Q167715","country_code":"IN","population":954000,"class":"city","rank":5,"minzoom":5.6,"capital":false,"region_capital":true,"source_class":"Admin-1 capital"},"geometry":{"type":"Point","coordinates":[76.925191,8.515521]}},{"type":"Feature","id":1159150009,"properties":{"name":"Kochi","name:zh":"戈奇","name:en":"Kochi","wikidata":"Q1800","country_code":"IN","population":1519000,"class":"city","rank":5,"minzoom":5.6,"capital":false,"region_capital":false,"source_class":"Populated place"},"geometry":{"type":"Point","coordinates":[76.22197,10.016953]}},{"type":"Feature","id":1159150011,"properties":{"name":"Cuttack","name:zh":"克塔克","name:en":"Pochinki","wikidata":"Q207324","country_code":"IN","population":580000,"class":"city","rank":5,"minzoom":5.6,"capital":false,"region_capital":false,"source_class":"Populated place"},"geometry":{"type":"Point","coordinates":[85.889941,20.470002]}},{"type":"Feature","id":1159150013,"properties":{"name":"Hubballi","name:zh":"胡布利","name:en":"Hubli","wikidata":"Q33412","country_code":"IN","population":890000,"class":"city","rank":5,"minzoom":5.6,"capital":false,"region_capital":false,"source_class":"Populated place"},"geometry":{"type":"Point","coordinates":[75.12307,15.361924]}},{"type":"Feature","id":1159150015,"properties":{"name":"Mangaluru","name:zh":"门格洛尔","name:en":"Mangalore","wikidata":"Q127041","country_code":"IN","population":776632,"class":"city","rank":5,"minzoom":5.6,"capital":false,"region_capital":false,"source_class":"Populated place"},"geometry":{"type":"Point","coordinates":[74.849994,12.900025]}},{"type":"Feature","id":1159150017,"properties":{"name":"Mysuru","name:zh":"迈索尔","name:en":"Mysore","wikidata":"Q10086","country_code":"IN","population":887000,"class":"city","rank":5,"minzoom":5.6,"capital":false,"region_capital":false,"source_class":"Populated place"},"geometry":{"type":"Point","coordinates":[76.658067,12.31193]}},{"type":"Feature","id":1159150019,"properties":{"name":"Kalaburagi","name:zh":"古巴尔嘎","name:en":"Gulbarga","wikidata":"Q37112","country_code":"IN","population":483615,"class":"city","rank":5,"minzoom":5.6,"capital":false,"region_capital":false,"source_class":"Populated place"},"geometry":{"type":"Point","coordinates":[76.820003,17.34996]}},{"type":"Feature","id":1159150021,"properties":{"name":"Kolhapur","name:zh":"戈尔哈布尔","name:en":"Kolhapur","wikidata":"Q209698","country_code":"IN","population":750000,"class":"city","rank":5,"minzoom":5.1,"capital":false,"region_capital":false,"source_class":"Populated place"},"geometry":{"type":"Point","coordinates":[74.220007,16.7]}},{"type":"Feature","id":1159150025,"properties":{"name":"Nanded","name:zh":"楠代德","name:en":"Nanded","wikidata":"Q855122","country_code":"IN","population":623708,"class":"city","rank":5,"minzoom":5.6,"capital":false,"region_capital":false,"source_class":"Populated place"},"geometry":{"type":"Point","coordinates":[77.308337,19.197259]}},{"type":"Feature","id":1159150027,"properties":{"name":"Akola","name:zh":"阿科拉","name:en":"Akola","wikidata":"Q213014","country_code":"IN","population":503502,"class":"city","rank":5,"minzoom":5.6,"capital":false,"region_capital":false,"source_class":"Populated place"},"geometry":{"type":"Point","coordinates":[77.010018,20.709988]}},{"type":"Feature","id":1159150029,"properties":{"name":"Guwahati","name:zh":"古瓦哈提","name:en":"Guwahati","wikidata":"Q199605","country_code":"IN","population":983000,"class":"city","rank":5,"minzoom":5.6,"capital":false,"region_capital":false,"source_class":"Populated place"},"geometry":{"type":"Point","coordinates":[91.768049,26.161963]}},{"type":"Feature","id":1159150031,"properties":{"name":"Kayes","name:zh":"卡耶斯","name:en":"Kayes","wikidata":"Q6271177","country_code":"CG","population":62521,"class":"city","rank":5,"minzoom":5.6,"capital":false,"region_capital":false,"source_class":"Populated place"},"geometry":{"type":"Point","coordinates":[13.280006,-4.180017]}},{"type":"Feature","id":1159150033,"properties":{"name":"Franceville","name:zh":"弗朗斯维尔","name:en":"Franceville","wikidata":"Q459369","country_code":"GA","population":42967,"class":"city","rank":5,"minzoom":5.6,"capital":false,"region_capital":true,"source_class":"Admin-1 capital"},"geometry":{"type":"Point","coordinates":[13.583295,-1.633299]}},{"type":"Feature","id":1159150035,"properties":{"name":"Bordeaux","name:zh":"波尔多","name:en":"Bordeaux","wikidata":"Q1479","country_code":"FR","population":803000,"class":"city","rank":5,"minzoom":5,"capital":false,"region_capital":true,"source_class":"Admin-1 region capital"},"geometry":{"type":"Point","coordinates":[-0.596959,44.851959]}},{"type":"Feature","id":1159150037,"properties":{"name":"Marseille","name:zh":"马赛","name:en":"Marseille","wikidata":"Q23482","country_code":"FR","population":1400000,"class":"city","rank":5,"minzoom":5,"capital":false,"region_capital":true,"source_class":"Admin-1 region capital"},"geometry":{"type":"Point","coordinates":[5.373064,43.291925]}},{"type":"Feature","id":1159150039,"properties":{"name":"Le Havre","name:zh":"勒阿弗尔","name:en":"Le Havre","wikidata":"Q42810","country_code":"FR","population":242124,"class":"city","rank":5,"minzoom":5,"capital":false,"region_capital":false,"source_class":"Populated place"},"geometry":{"type":"Point","coordinates":[0.10497,49.504974]}},{"type":"Feature","id":1159150043,"properties":{"name":"Gao","name:zh":"加奥","name:en":"Gao","wikidata":"Q188904","country_code":"ML","population":116967,"class":"city","rank":5,"minzoom":5.1,"capital":false,"region_capital":true,"source_class":"Admin-1 capital"},"geometry":{"type":"Point","coordinates":[-0.050008,16.26659]}},{"type":"Feature","id":1159150045,"properties":{"name":"Coihaique","name:zh":"科伊艾克","name:en":"Coyhaique","wikidata":"Q3810","country_code":"CL","population":45787,"class":"city","rank":5,"minzoom":5.6,"capital":false,"region_capital":true,"source_class":"Admin-1 capital"},"geometry":{"type":"Point","coordinates":[-72.070004,-45.569997]}},{"type":"Feature","id":1159150047,"properties":{"name":"Arica","name:zh":"阿里卡","name:en":"Arica","wikidata":"Q2203","country_code":"CL","population":185999,"class":"city","rank":5,"minzoom":5.6,"capital":false,"region_capital":true,"source_class":"Admin-1 capital"},"geometry":{"type":"Point","coordinates":[-70.289984,-18.500022]}},{"type":"Feature","id":1159150049,"properties":{"name":"Copiapó","name:zh":"科皮亚波","name:en":"Copiapó","wikidata":"Q3868","country_code":"CL","population":129280,"class":"city","rank":5,"minzoom":5.6,"capital":false,"region_capital":true,"source_class":"Admin-1 capital"},"geometry":{"type":"Point","coordinates":[-70.329955,-27.371779]}},{"type":"Feature","id":1159150051,"properties":{"name":"La Serena","name:zh":"拉塞雷纳","name:en":"La Serena","wikidata":"Q14467","country_code":"CL","population":154521,"class":"city","rank":5,"minzoom":5.6,"capital":false,"region_capital":true,"source_class":"Admin-1 capital"},"geometry":{"type":"Point","coordinates":[-71.249977,-29.899998]}},{"type":"Feature","id":1159150053,"properties":{"name":"Los Angeles","name:zh":"洛桑赫莱斯","name:en":"Los Ángeles","wikidata":"Q16910","country_code":"CL","population":145239,"class":"city","rank":5,"minzoom":5.6,"capital":false,"region_capital":false,"source_class":"Populated place"},"geometry":{"type":"Point","coordinates":[-72.346924,-37.479741]}},{"type":"Feature","id":1159150055,"properties":{"name":"Narsarsuaq","name:zh":"納沙斯瓦哥","name:en":"Narsarsuaq","wikidata":"Q59168","country_code":"GL","population":145,"class":"city","rank":5,"minzoom":5.1,"capital":false,"region_capital":false,"source_class":"Populated place"},"geometry":{"type":"Point","coordinates":[-45.416618,61.166588]}},{"type":"Feature","id":1159150057,"properties":{"name":"Sisimiut","name:zh":"西西缪特","name:en":"Sisimiut","wikidata":"Q208098","country_code":"GL","population":5227,"class":"city","rank":5,"minzoom":5.1,"capital":false,"region_capital":false,"source_class":"Populated place"},"geometry":{"type":"Point","coordinates":[-53.666606,66.950008]}},{"type":"Feature","id":1159150061,"properties":{"name":"Upernavik","name:zh":"乌佩纳维克","name:en":"Upernavik","wikidata":"Q303160","country_code":"GL","population":1129,"class":"city","rank":5,"minzoom":5.1,"capital":false,"region_capital":false,"source_class":"Populated place"},"geometry":{"type":"Point","coordinates":[-56.141675,72.709367]}},{"type":"Feature","id":1159150063,"properties":{"name":"Qaanaaq","name:zh":"卡纳克","name:en":"Qaanaaq","wikidata":"Q223314","country_code":"GL","population":616,"class":"city","rank":5,"minzoom":5.6,"capital":false,"region_capital":true,"source_class":"Admin-1 capital"},"geometry":{"type":"Point","coordinates":[-69.22964,77.46655]}},{"type":"Feature","id":1159150065,"properties":{"name":"Nouadhibou","name:zh":"努瓦迪布","name:en":"Nouadhibou","wikidata":"Q184184","country_code":"MR","population":86738,"class":"city","rank":5,"minzoom":5.6,"capital":false,"region_capital":true,"source_class":"Admin-1 capital"},"geometry":{"type":"Point","coordinates":[-17.056024,20.900002]}},{"type":"Feature","id":1159150067,"properties":{"name":"Kayes","name:zh":"卡伊","name:en":"Kayes","wikidata":"Q325164","country_code":"ML","population":77207,"class":"city","rank":5,"minzoom":5.6,"capital":false,"region_capital":true,"source_class":"Admin-1 capital"},"geometry":{"type":"Point","coordinates":[-11.44001,14.449982]}},{"type":"Feature","id":1159150069,"properties":{"name":"Ayoun el Atrous","name:zh":"阿尤恩阿特魯斯","name:en":"Ayoun el Atrous","wikidata":"Q175596","country_code":"MR","population":1423,"class":"city","rank":5,"minzoom":5.6,"capital":false,"region_capital":true,"source_class":"Admin-1 capital"},"geometry":{"type":"Point","coordinates":[-9.616659,16.666591]}},{"type":"Feature","id":1159150071,"properties":{"name":"Ségou","name:zh":"塞古","name:en":"Ségou","wikidata":"Q333476","country_code":"ML","population":122952,"class":"city","rank":5,"minzoom":5.6,"capital":false,"region_capital":true,"source_class":"Admin-1 capital"},"geometry":{"type":"Point","coordinates":[-6.260016,13.439992]}},{"type":"Feature","id":1159150073,"properties":{"name":"Skopje","name:zh":"斯科普里","name:en":"Skopje","wikidata":"Q384","country_code":"MK","population":494087,"class":"city","rank":5,"minzoom":5.6,"capital":true,"region_capital":false,"source_class":"Admin-0 capital"},"geometry":{"type":"Point","coordinates":[21.433461,42.000006]}},{"type":"Feature","id":1159150075,"properties":{"name":"Al Jawf","name:zh":"焦夫","name:en":"Al Jawf","wikidata":"Q134086","country_code":"LY","population":24132,"class":"city","rank":5,"minzoom":5.6,"capital":false,"region_capital":false,"source_class":"Populated place"},"geometry":{"type":"Point","coordinates":[23.289989,24.199981]}},{"type":"Feature","id":1159150079,"properties":{"name":"Tmassa","name:zh":"马萨","name:en":"Tmassa","wikidata":"Q4117083","country_code":"LY","population":500,"class":"city","rank":5,"minzoom":5.6,"capital":false,"region_capital":false,"source_class":"Populated place"},"geometry":{"type":"Point","coordinates":[15.800007,26.366645]}},{"type":"Feature","id":1159150081,"properties":{"name":"Misrata","name:zh":"米苏拉塔","name:en":"Misrata","wikidata":"Q131323","country_code":"LY","population":386120,"class":"city","rank":5,"minzoom":5.6,"capital":false,"region_capital":true,"source_class":"Admin-1 capital"},"geometry":{"type":"Point","coordinates":[15.099998,32.379973]}},{"type":"Feature","id":1159150083,"properties":{"name":"Zuwara","name:zh":"祖瓦拉","name:en":"Zuwara","wikidata":"Q231167","country_code":"LY","population":180310,"class":"city","rank":5,"minzoom":5.6,"capital":false,"region_capital":false,"source_class":"Populated place"},"geometry":{"type":"Point","coordinates":[12.079149,32.93441]}},{"type":"Feature","id":1159150085,"properties":{"name":"Kirkuk","name:zh":"基尔库克","name:en":"Kirkuk","wikidata":"Q173310","country_code":"IQ","population":601433,"class":"city","rank":5,"minzoom":5.1,"capital":false,"region_capital":true,"source_class":"Admin-1 capital"},"geometry":{"type":"Point","coordinates":[44.392267,35.472239]}},{"type":"Feature","id":1159150087,"properties":{"name":"Mosul","name:zh":"摩苏尔","name:en":"Mosul","wikidata":"Q83317","country_code":"IQ","population":1316000,"class":"city","rank":5,"minzoom":5.6,"capital":false,"region_capital":true,"source_class":"Admin-1 capital"},"geometry":{"type":"Point","coordinates":[43.143059,36.346948]}},{"type":"Feature","id":1159150089,"properties":{"name":"Najaf","name:zh":"纳杰夫","name:en":"Najaf","wikidata":"Q168193","country_code":"IQ","population":665552,"class":"city","rank":5,"minzoom":5.6,"capital":false,"region_capital":true,"source_class":"Admin-1 capital"},"geometry":{"type":"Point","coordinates":[44.335371,32.000332]}},{"type":"Feature","id":1159150091,"properties":{"name":"Bahir Dar","name:zh":"巴赫达尔","name:en":"Bahir Dar","wikidata":"Q464699","country_code":"ET","population":206748,"class":"city","rank":5,"minzoom":5.6,"capital":false,"region_capital":false,"source_class":"Populated place"},"geometry":{"type":"Point","coordinates":[37.383289,11.600053]}},{"type":"Feature","id":1159150093,"properties":{"name":"Mekele","name:zh":"默克莱","name:en":"Mek'ele","wikidata":"Q332319","country_code":"ET","population":95856,"class":"city","rank":5,"minzoom":5.6,"capital":false,"region_capital":true,"source_class":"Admin-1 capital"},"geometry":{"type":"Point","coordinates":[39.469983,13.499989]}},{"type":"Feature","id":1159150097,"properties":{"name":"Dire Dawa","name:zh":"德雷达瓦","name:en":"Dire Dawa","wikidata":"Q193486","country_code":"ET","population":252279,"class":"city","rank":5,"minzoom":5.6,"capital":false,"region_capital":false,"source_class":"Populated place"},"geometry":{"type":"Point","coordinates":[41.860018,9.589995]}},{"type":"Feature","id":1159150099,"properties":{"name":"Rovaniemi","name:zh":"罗瓦涅米","name:en":"Rovaniemi","wikidata":"Q103717","country_code":"FI","population":34781,"class":"city","rank":5,"minzoom":5.1,"capital":false,"region_capital":true,"source_class":"Admin-1 capital"},"geometry":{"type":"Point","coordinates":[25.715939,66.500035]}},{"type":"Feature","id":1159150101,"properties":{"name":"Vaasa","name:zh":"瓦萨","name:en":"Vaasa","wikidata":"Q125080","country_code":"FI","population":57014,"class":"city","rank":5,"minzoom":5.1,"capital":false,"region_capital":true,"source_class":"Admin-1 capital"},"geometry":{"type":"Point","coordinates":[21.600015,63.099984]}},{"type":"Feature","id":1159150103,"properties":{"name":"Tampere","name:zh":"坦佩雷","name:en":"Tampere","wikidata":"Q40840","country_code":"FI","population":259279,"class":"city","rank":5,"minzoom":5.1,"capital":false,"region_capital":false,"source_class":"Populated place"},"geometry":{"type":"Point","coordinates":[23.750013,61.500005]}},{"type":"Feature","id":1159150105,"properties":{"name":"Aqtobe","name:zh":"阿克托比","name:en":"Aktobe","wikidata":"Q477232","country_code":"KZ","population":262457,"class":"city","rank":5,"minzoom":5.6,"capital":false,"region_capital":true,"source_class":"Admin-1 capital"},"geometry":{"type":"Point","coordinates":[57.169988,50.280017]}},{"type":"Feature","id":1159150107,"properties":{"name":"Rudniy","name:zh":"鲁德内","name:en":"Rudniy","wikidata":"Q1008853","country_code":"KZ","population":124000,"class":"city","rank":5,"minzoom":5.6,"capital":false,"region_capital":false,"source_class":"Populated place"},"geometry":{"type":"Point","coordinates":[63.130038,52.952697]}},{"type":"Feature","id":1159150109,"properties":{"name":"Qyzylorda","name:zh":"克孜勒奥尔达","name:en":"Kyzylorda","wikidata":"Q491123","country_code":"KZ","population":300000,"class":"city","rank":5,"minzoom":5.6,"capital":false,"region_capital":true,"source_class":"Admin-1 capital"},"geometry":{"type":"Point","coordinates":[65.464986,44.800016]}},{"type":"Feature","id":1159150111,"properties":{"name":"Atyrau","name:zh":"阿特劳","name:en":"Atyrau","wikidata":"Q486913","country_code":"KZ","population":182753,"class":"city","rank":5,"minzoom":5,"capital":false,"region_capital":true,"source_class":"Admin-1 capital"},"geometry":{"type":"Point","coordinates":[51.920024,47.112691]}},{"type":"Feature","id":1159150115,"properties":{"name":"Ekibastuz","name:zh":"埃基巴斯图兹","name:en":"Ekibastuz","wikidata":"Q496442","country_code":"KZ","population":127868,"class":"city","rank":5,"minzoom":5.6,"capital":false,"region_capital":false,"source_class":"Populated place"},"geometry":{"type":"Point","coordinates":[75.31994,51.729981]}},{"type":"Feature","id":1159150117,"properties":{"name":"Pavlodar","name:zh":"巴甫洛达尔","name:en":"Pavlodar","wikidata":"Q486282","country_code":"KZ","population":329002,"class":"city","rank":5,"minzoom":5.6,"capital":false,"region_capital":true,"source_class":"Admin-1 capital"},"geometry":{"type":"Point","coordinates":[76.950021,52.299998]}},{"type":"Feature","id":1159150119,"properties":{"name":"Semey","name:zh":"塞米伊","name:en":"Semey","wikidata":"Q61944","country_code":"KZ","population":311353,"class":"city","rank":5,"minzoom":5.6,"capital":false,"region_capital":true,"source_class":"Admin-1 capital"},"geometry":{"type":"Point","coordinates":[80.275038,50.434995]}},{"type":"Feature","id":1159150121,"properties":{"name":"Oskemen","name:zh":"厄斯克门","name:en":"Oskemen","wikidata":"Q162548","country_code":"KZ","population":319067,"class":"city","rank":5,"minzoom":5.6,"capital":false,"region_capital":true,"source_class":"Admin-1 capital"},"geometry":{"type":"Point","coordinates":[82.614947,49.990035]}},{"type":"Feature","id":1159150123,"properties":{"name":"Yazd","name:zh":"亚兹德","name:en":"Yazd","wikidata":"Q182394","country_code":"IR","population":477905,"class":"city","rank":5,"minzoom":5.6,"capital":false,"region_capital":true,"source_class":"Admin-1 capital"},"geometry":{"type":"Point","coordinates":[54.370004,31.920053]}},{"type":"Feature","id":1159150125,"properties":{"name":"Ahvaz","name:zh":"阿瓦士","name:en":"Ahwaz","wikidata":"Q170366","country_code":"IR","population":996000,"class":"city","rank":5,"minzoom":5.1,"capital":false,"region_capital":true,"source_class":"Admin-1 capital"},"geometry":{"type":"Point","coordinates":[48.718067,31.281934]}},{"type":"Feature","id":1159150127,"properties":{"name":"Basra","name:zh":"巴士拉","name:en":"Basra","wikidata":"Q48195","country_code":"IQ","population":870000,"class":"city","rank":5,"minzoom":5.1,"capital":false,"region_capital":true,"source_class":"Admin-1 capital"},"geometry":{"type":"Point","coordinates":[47.811611,30.51547]}},{"type":"Feature","id":1159150129,"properties":{"name":"Bandar-e-Abbas","name:zh":"阿巴斯港","name:en":"Bandar Abbas","wikidata":"Q154814","country_code":"IR","population":461499,"class":"city","rank":5,"minzoom":5.6,"capital":false,"region_capital":true,"source_class":"Admin-1 capital"},"geometry":{"type":"Point","coordinates":[56.272135,27.20406]}},{"type":"Feature","id":1159150133,"properties":{"name":"Hamadan","name:zh":"哈马丹","name:en":"Hamadan","wikidata":"Q28587","country_code":"IR","population":528256,"class":"city","rank":5,"minzoom":5.6,"capital":false,"region_capital":true,"source_class":"Admin-1 capital"},"geometry":{"type":"Point","coordinates":[48.515013,34.796027]}},{"type":"Feature","id":1159150135,"properties":{"name":"Tabriz","name:zh":"大不里士","name:en":"Tabriz","wikidata":"Q80053","country_code":"IR","population":1413000,"class":"city","rank":5,"minzoom":5.1,"capital":false,"region_capital":true,"source_class":"Admin-1 capital"},"geometry":{"type":"Point","coordinates":[46.2993,38.088237]}},{"type":"Feature","id":1159150137,"properties":{"name":"Ludhiana","name:zh":"卢迪亚纳","name:en":"Ludhiana","wikidata":"Q200123","country_code":"IN","population":1649000,"class":"city","rank":5,"minzoom":5.6,"capital":false,"region_capital":false,"source_class":"Populated place"},"geometry":{"type":"Point","coordinates":[75.870312,30.929708]}},{"type":"Feature","id":1159150139,"properties":{"name":"Kota","name:zh":"科塔","name:en":"Kota","wikidata":"Q330531","country_code":"IN","population":827000,"class":"city","rank":5,"minzoom":5.6,"capital":false,"region_capital":false,"source_class":"Populated place"},"geometry":{"type":"Point","coordinates":[75.833053,25.181945]}},{"type":"Feature","id":1159150141,"properties":{"name":"Jodhpur","name:zh":"焦特布尔","name:en":"Jodhpur","wikidata":"Q200019","country_code":"IN","population":995000,"class":"city","rank":5,"minzoom":5.6,"capital":false,"region_capital":false,"source_class":"Populated place"},"geometry":{"type":"Point","coordinates":[73.014827,26.293712]}},{"type":"Feature","id":1159150143,"properties":{"name":"Shymkent","name:zh":"希姆肯特","name:en":"Shymkent","wikidata":"Q485496","country_code":"KZ","population":465392,"class":"city","rank":5,"minzoom":5.6,"capital":false,"region_capital":true,"source_class":"Admin-1 capital"},"geometry":{"type":"Point","coordinates":[69.595018,42.320012]}},{"type":"Feature","id":1159150145,"properties":{"name":"Taraz","name:zh":"塔拉兹","name:en":"Taraz","wikidata":"Q486545","country_code":"KZ","population":358153,"class":"city","rank":5,"minzoom":5.6,"capital":false,"region_capital":true,"source_class":"Admin-1 capital"},"geometry":{"type":"Point","coordinates":[71.364987,42.899977]}},{"type":"Feature","id":1159150147,"properties":{"name":"Lucknow","name:zh":"勒克瑙","name:en":"Lucknow","wikidata":"Q47916","country_code":"IN","population":2695000,"class":"city","rank":5,"minzoom":5.6,"capital":false,"region_capital":true,"source_class":"Admin-1 capital"},"geometry":{"type":"Point","coordinates":[80.913053,26.856985]}},{"type":"Feature","id":1159150151,"properties":{"name":"Saharanpur","name:zh":"萨哈兰普尔","name:en":"Saharanpur","wikidata":"Q242895","country_code":"IN","population":484873,"class":"city","rank":5,"minzoom":5.6,"capital":false,"region_capital":false,"source_class":"Populated place"},"geometry":{"type":"Point","coordinates":[77.550036,29.970017]}},{"type":"Feature","id":1159150153,"properties":{"name":"Ranchi","name:zh":"兰契","name:en":"Ranchi","wikidata":"Q174461","country_code":"IN","population":1044000,"class":"city","rank":5,"minzoom":5.6,"capital":false,"region_capital":true,"source_class":"Admin-1 capital"},"geometry":{"type":"Point","coordinates":[85.32808,23.371952]}},{"type":"Feature","id":1159150155,"properties":{"name":"Bhagalpur","name:zh":"帕格尔布尔","name:en":"Bhagalpur","wikidata":"Q760714","country_code":"IN","population":361548,"class":"city","rank":5,"minzoom":5.6,"capital":false,"region_capital":false,"source_class":"Populated place"},"geometry":{"type":"Point","coordinates":[86.980003,25.229996]}},{"type":"Feature","id":1159150157,"properties":{"name":"Raipur","name:zh":"赖布尔","name:en":"Raipur","wikidata":"Q372773","country_code":"IN","population":875000,"class":"city","rank":5,"minzoom":5.6,"capital":false,"region_capital":true,"source_class":"Admin-1 capital"},"geometry":{"type":"Point","coordinates":[81.633061,21.23694]}},{"type":"Feature","id":1159150159,"properties":{"name":"Jabalpur","name:zh":"贾巴尔普尔","name:en":"Jabalpur","wikidata":"Q200878","country_code":"IN","population":1285000,"class":"city","rank":5,"minzoom":5.6,"capital":false,"region_capital":false,"source_class":"Populated place"},"geometry":{"type":"Point","coordinates":[79.953112,23.177003]}},{"type":"Feature","id":1159150161,"properties":{"name":"Indore","name:zh":"因多尔","name:en":"Indore","wikidata":"Q66616","country_code":"IN","population":2026000,"class":"city","rank":5,"minzoom":5.6,"capital":false,"region_capital":false,"source_class":"Populated place"},"geometry":{"type":"Point","coordinates":[75.863077,22.717005]}},{"type":"Feature","id":1159150163,"properties":{"name":"Puducherry","name:zh":"本地治里","name:en":"Pondicherry","wikidata":"Q639421","country_code":"IN","population":227411,"class":"city","rank":5,"minzoom":5.1,"capital":false,"region_capital":true,"source_class":"Admin-1 capital"},"geometry":{"type":"Point","coordinates":[79.83,11.934994]}},{"type":"Feature","id":1159150165,"properties":{"name":"Salem","name:zh":"萨兰姆","name:en":"Salem","wikidata":"Q9863","country_code":"IN","population":873000,"class":"city","rank":5,"minzoom":5.6,"capital":false,"region_capital":false,"source_class":"Populated place"},"geometry":{"type":"Point","coordinates":[78.178129,11.671943]}},{"type":"Feature","id":1159150169,"properties":{"name":"Tiruchirappalli","name:zh":"蒂鲁吉拉帕利","name:en":"Trichy","wikidata":"Q207754","country_code":"IN","population":951000,"class":"city","rank":5,"minzoom":5.6,"capital":false,"region_capital":false,"source_class":"Populated place"},"geometry":{"type":"Point","coordinates":[78.687512,10.800541]}},{"type":"Feature","id":1159150171,"properties":{"name":"Pointe-Noire","name:zh":"黑角","name:en":"Pointe-Noire","wikidata":"Q223920","country_code":"CG","population":659084,"class":"city","rank":5,"minzoom":5.6,"capital":false,"region_capital":true,"source_class":"Admin-1 capital"},"geometry":{"type":"Point","coordinates":[11.880039,-4.770007]}},{"type":"Feature","id":1159150173,"properties":{"name":"Kankan","name:zh":"坎坎","name:en":"Kankan","wikidata":"Q874317","country_code":"GN","population":114009,"class":"city","rank":5,"minzoom":5.1,"capital":false,"region_capital":true,"source_class":"Admin-1 capital"},"geometry":{"type":"Point","coordinates":[-9.310011,10.389998]}},{"type":"Feature","id":1159150175,"properties":{"name":"Nzérékoré","name:zh":"恩泽雷科雷","name:en":"Nzérékoré","wikidata":"Q1002799","country_code":"GN","population":168121,"class":"city","rank":5,"minzoom":5.1,"capital":false,"region_capital":true,"source_class":"Admin-1 capital"},"geometry":{"type":"Point","coordinates":[-8.829988,7.760003]}},{"type":"Feature","id":1159150177,"properties":{"name":"Bouaké","name:zh":"布瓦凯","name:en":"Bouaké","wikidata":"Q271000","country_code":"CI","population":567481,"class":"city","rank":5,"minzoom":5.6,"capital":false,"region_capital":true,"source_class":"Admin-1 capital"},"geometry":{"type":"Point","coordinates":[-5.030014,7.689982]}},{"type":"Feature","id":1159150179,"properties":{"name":"St.-Denis","name:zh":"圣但尼","name:en":"Saint-Denis","wikidata":"Q47045","country_code":"RE","population":190047,"class":"city","rank":5,"minzoom":5.6,"capital":false,"region_capital":true,"source_class":"Admin-1 capital"},"geometry":{"type":"Point","coordinates":[55.448078,-20.878895]}},{"type":"Feature","id":1159150181,"properties":{"name":"Rio Branco","name:zh":"里约布兰科","name:en":"Rio Branco","wikidata":"Q171612","country_code":"BR","population":257642,"class":"city","rank":5,"minzoom":5.6,"capital":false,"region_capital":true,"source_class":"Admin-1 capital"},"geometry":{"type":"Point","coordinates":[-67.800007,-9.966589]}},{"type":"Feature","id":1159150183,"properties":{"name":"São Luís","name:zh":"圣路易斯","name:en":"São Luís","wikidata":"Q28441","country_code":"BR","population":1038000,"class":"city","rank":5,"minzoom":5.6,"capital":false,"region_capital":true,"source_class":"Admin-1 capital"},"geometry":{"type":"Point","coordinates":[-44.267937,-2.514039]}},{"type":"Feature","id":1159150187,"properties":{"name":"Porto Velho","name:zh":"韦柳港","name:en":"Porto Velho","wikidata":"Q172512","country_code":"BR","population":306180,"class":"city","rank":5,"minzoom":5.1,"capital":false,"region_capital":true,"source_class":"Admin-1 capital"},"geometry":{"type":"Point","coordinates":[-63.900012,-8.750023]}},{"type":"Feature","id":1159150189,"properties":{"name":"Alvorada","name:zh":"阿尔沃拉达","name:en":"Alvorada","wikidata":"Q22060164","country_code":"BR","population":10232,"class":"city","rank":5,"minzoom":5.6,"capital":false,"region_capital":false,"source_class":"Populated place"},"geometry":{"type":"Point","coordinates":[-49.082002,-12.470002]}},{"type":"Feature","id":1159150191,"properties":{"name":"Corumbá","name:zh":"科伦巴","name:en":"Corumbá","wikidata":"Q271215","country_code":"BR","population":96520,"class":"city","rank":5,"minzoom":5.6,"capital":false,"region_capital":false,"source_class":"Populated place"},"geometry":{"type":"Point","coordinates":[-57.650006,-19.016011]}},{"type":"Feature","id":1159150193,"properties":{"name":"Belo Horizonte","name:zh":"贝洛奥里藏特","name:en":"Belo Horizonte","wikidata":"Q42800","country_code":"BR","population":5575000,"class":"city","rank":5,"minzoom":5.1,"capital":false,"region_capital":true,"source_class":"Admin-1 capital"},"geometry":{"type":"Point","coordinates":[-43.91695,-19.91308]}},{"type":"Feature","id":1159150195,"properties":{"name":"Montes Claros","name:zh":"蒙蒂斯克拉鲁斯","name:en":"Montes Claros","wikidata":"Q651906","country_code":"BR","population":332379,"class":"city","rank":5,"minzoom":5.6,"capital":false,"region_capital":false,"source_class":"Populated place"},"geometry":{"type":"Point","coordinates":[-43.860021,-16.720027]}},{"type":"Feature","id":1159150197,"properties":{"name":"Uberlândia","name:zh":"乌贝兰迪亚","name:en":"Uberlândia","wikidata":"Q194328","country_code":"BR","population":563536,"class":"city","rank":5,"minzoom":5.6,"capital":false,"region_capital":false,"source_class":"Populated place"},"geometry":{"type":"Point","coordinates":[-48.279984,-18.899998]}},{"type":"Feature","id":1159150199,"properties":{"name":"Colíder","name:zh":"科利德尔","name:en":"Colíder","wikidata":"Q1805608","country_code":"BR","population":27139,"class":"city","rank":5,"minzoom":5.6,"capital":false,"region_capital":false,"source_class":"Populated place"},"geometry":{"type":"Point","coordinates":[-55.45058,-10.817287]}},{"type":"Feature","id":1159150201,"properties":{"name":"Alta Floresta","name:zh":"上弗洛雷斯塔","name:en":"Alta Floresta","wikidata":"Q433574","country_code":"BR","population":40466,"class":"city","rank":5,"minzoom":5.6,"capital":false,"region_capital":false,"source_class":"Populated place"},"geometry":{"type":"Point","coordinates":[-55.909983,-9.90003]}},{"type":"Feature","id":1159150205,"properties":{"name":"Cuiabá","name:zh":"库亚巴","name:en":"Cuiabá","wikidata":"Q170762","country_code":"BR","population":806000,"class":"city","rank":5,"minzoom":5.1,"capital":false,"region_capital":true,"source_class":"Admin-1 capital"},"geometry":{"type":"Point","coordinates":[-56.086931,-15.567661]}},{"type":"Feature","id":1159150207,"properties":{"name":"Pelotas","name:zh":"佩洛塔斯","name:en":"Pelotas","wikidata":"Q109188","country_code":"BR","population":320674,"class":"city","rank":5,"minzoom":5.6,"capital":false,"region_capital":false,"source_class":"Populated place"},"geometry":{"type":"Point","coordinates":[-52.330021,-31.750014]}},{"type":"Feature","id":1159150209,"properties":{"name":"Caxias do Sul","name:zh":"南卡希亚斯","name:en":"Caxias do Sul","wikidata":"Q110017","country_code":"BR","population":381270,"class":"city","rank":5,"minzoom":5.6,"capital":false,"region_capital":false,"source_class":"Populated place"},"geometry":{"type":"Point","coordinates":[-51.17004,-29.17999]}},{"type":"Feature","id":1159150211,"properties":{"name":"Ponta Grossa","name:zh":"蓬塔格罗萨","name:en":"Ponta Grossa","wikidata":"Q242906","country_code":"BR","population":292177,"class":"city","rank":5,"minzoom":5.6,"capital":false,"region_capital":false,"source_class":"Populated place"},"geometry":{"type":"Point","coordinates":[-50.16005,-25.090007]}},{"type":"Feature","id":1159150213,"properties":{"name":"Teresina","name:zh":"特雷西纳","name:en":"Teresina","wikidata":"Q165341","country_code":"BR","population":907000,"class":"city","rank":5,"minzoom":5.6,"capital":false,"region_capital":true,"source_class":"Admin-1 capital"},"geometry":{"type":"Point","coordinates":[-42.781955,-5.093055]}},{"type":"Feature","id":1159150215,"properties":{"name":"Maceió","name:zh":"马塞约","name:en":"Maceió","wikidata":"Q168888","country_code":"BR","population":1186000,"class":"city","rank":5,"minzoom":5.6,"capital":false,"region_capital":true,"source_class":"Admin-1 capital"},"geometry":{"type":"Point","coordinates":[-35.73192,-9.61805]}},{"type":"Feature","id":1159150217,"properties":{"name":"Vitória da Conquista","name:zh":"维多利亚-达孔基斯塔","name:en":"Vitória da Conquista","wikidata":"Q22062839","country_code":"BR","population":308204,"class":"city","rank":5,"minzoom":5.6,"capital":false,"region_capital":false,"source_class":"Populated place"},"geometry":{"type":"Point","coordinates":[-40.839998,-14.850012]}},{"type":"Feature","id":1159150219,"properties":{"name":"Barreiras","name:zh":"巴雷拉斯","name:en":"Barreiras","wikidata":"Q1384520","country_code":"BR","population":158292,"class":"city","rank":5,"minzoom":5.6,"capital":false,"region_capital":false,"source_class":"Populated place"},"geometry":{"type":"Point","coordinates":[-45.000003,-12.139997]}},{"type":"Feature","id":1159150223,"properties":{"name":"Vila Velha","name:zh":"韦利亚镇","name:en":"Vila Velha","wikidata":"Q334197","country_code":"BR","population":1209091,"class":"city","rank":5,"minzoom":5.6,"capital":false,"region_capital":false,"source_class":"Populated place"},"geometry":{"type":"Point","coordinates":[-40.290233,-20.338046]}},{"type":"Feature","id":1159150225,"properties":{"name":"Natal","name:zh":"纳塔尔","name:en":"Natal","wikidata":"Q131620","country_code":"BR","population":1088000,"class":"city","rank":5,"minzoom":5.6,"capital":false,"region_capital":true,"source_class":"Admin-1 capital"},"geometry":{"type":"Point","coordinates":[-35.24195,-5.778077]}},{"type":"Feature","id":1159150227,"properties":{"name":"Thompson","name:zh":"汤普森","name:en":"Thompson","wikidata":"Q991295","country_code":"CA","population":13727,"class":"city","rank":5,"minzoom":5.6,"capital":false,"region_capital":false,"source_class":"Populated place"},"geometry":{"type":"Point","coordinates":[-97.866621,55.749942]}},{"type":"Feature","id":1159150229,"properties":{"name":"Brandon","name:zh":"布兰登","name:en":"Brandon","wikidata":"Q61432","country_code":"CA","population":28418,"class":"city","rank":5,"minzoom":5.6,"capital":false,"region_capital":false,"source_class":"Populated place"},"geometry":{"type":"Point","coordinates":[-99.949982,49.833275]}},{"type":"Feature","id":1159150231,"properties":{"name":"Fort Smith","name:zh":"史密斯堡","name:en":"Fort Smith","wikidata":"Q686415","country_code":"CA","population":518,"class":"city","rank":5,"minzoom":5.1,"capital":false,"region_capital":false,"source_class":"Populated place"},"geometry":{"type":"Point","coordinates":[-111.883336,60.000019]}},{"type":"Feature","id":1159150233,"properties":{"name":"Fort McMurray","name:zh":"麦克默里堡","name:en":"Fort McMurray","wikidata":"Q126624","country_code":"CA","population":21863,"class":"city","rank":5,"minzoom":5.6,"capital":false,"region_capital":false,"source_class":"Populated place"},"geometry":{"type":"Point","coordinates":[-111.383315,56.733319]}},{"type":"Feature","id":1159150235,"properties":{"name":"Peace River","name:zh":"皮斯里弗","name:en":"Peace River","wikidata":"Q1743985","country_code":"CA","population":5340,"class":"city","rank":5,"minzoom":5.6,"capital":false,"region_capital":false,"source_class":"Populated place"},"geometry":{"type":"Point","coordinates":[-117.283291,56.233323]}},{"type":"Feature","id":1159150237,"properties":{"name":"Fort St. John","name:zh":"圣约翰堡","name:en":"Fort St. John","wikidata":"Q23021","country_code":"CA","population":18776,"class":"city","rank":5,"minzoom":5.1,"capital":false,"region_capital":false,"source_class":"Populated place"},"geometry":{"type":"Point","coordinates":[-120.833281,56.249989]}},{"type":"Feature","id":1159150241,"properties":{"name":"Iqaluit","name:zh":"伊魁特","name:en":"Iqaluit","wikidata":"Q2030","country_code":"CA","population":6124,"class":"city","rank":5,"minzoom":5.1,"capital":false,"region_capital":true,"source_class":"Admin-1 capital"},"geometry":{"type":"Point","coordinates":[-68.500192,63.750459]}},{"type":"Feature","id":1159150243,"properties":{"name":"Cambridge Bay","name:zh":"剑桥湾","name:en":"Cambridge Bay","wikidata":"Q719611","country_code":"CA","population":1477,"class":"city","rank":5,"minzoom":5.6,"capital":false,"region_capital":false,"source_class":"Populated place"},"geometry":{"type":"Point","coordinates":[-105.033315,69.116956]}},{"type":"Feature","id":1159150245,"properties":{"name":"Kugluktuk","name:zh":"库格鲁克图克","name:en":"Kugluktuk","wikidata":"Q719707","country_code":"CA","population":1302,"class":"city","rank":5,"minzoom":5.6,"capital":false,"region_capital":false,"source_class":"Populated place"},"geometry":{"type":"Point","coordinates":[-115.12535,67.798663]}},{"type":"Feature","id":1159150247,"properties":{"name":"Chesterfield Inlet","name:zh":"切斯特菲尔德入口","name:en":"Chesterfield Inlet","wikidata":"Q1070783","country_code":"CA","population":374,"class":"city","rank":5,"minzoom":5.6,"capital":false,"region_capital":false,"source_class":"Populated place"},"geometry":{"type":"Point","coordinates":[-90.700082,63.33829]}},{"type":"Feature","id":1159150249,"properties":{"name":"Arviat","name:zh":"亚怀亚特","name:en":"Arviat","wikidata":"Q643346","country_code":"CA","population":1868,"class":"city","rank":5,"minzoom":5.6,"capital":false,"region_capital":false,"source_class":"Populated place"},"geometry":{"type":"Point","coordinates":[-94.058607,61.108592]}},{"type":"Feature","id":1159150251,"properties":{"name":"Taloyoak","name:zh":"塔洛約克","name:en":"Taloyoak","wikidata":"Q719605","country_code":"CA","population":774,"class":"city","rank":5,"minzoom":5.6,"capital":false,"region_capital":false,"source_class":"Populated place"},"geometry":{"type":"Point","coordinates":[-93.53332,69.533313]}},{"type":"Feature","id":1159150253,"properties":{"name":"Igloolik","name:zh":"伊格卢利克","name:en":"Igloolik","wikidata":"Q999339","country_code":"CA","population":1612,"class":"city","rank":5,"minzoom":5.6,"capital":false,"region_capital":false,"source_class":"Populated place"},"geometry":{"type":"Point","coordinates":[-81.793592,69.256535]}},{"type":"Feature","id":1159150255,"properties":{"name":"Dawson City","name:zh":"道森","name:en":"Dawson City","wikidata":"Q372324","country_code":"CA","population":1319,"class":"city","rank":5,"minzoom":5.1,"capital":false,"region_capital":false,"source_class":"Populated place"},"geometry":{"type":"Point","coordinates":[-139.416669,64.066644]}},{"type":"Feature","id":1159150259,"properties":{"name":"Timmins","name:zh":"蒂明斯","name:en":"Timmins","wikidata":"Q991310","country_code":"CA","population":34974,"class":"city","rank":5,"minzoom":5.6,"capital":false,"region_capital":false,"source_class":"Populated place"},"geometry":{"type":"Point","coordinates":[-81.333315,48.466588]}},{"type":"Feature","id":1159150261,"properties":{"name":"North Bay","name:zh":"北湾","name:en":"North Bay","wikidata":"Q912253","country_code":"CA","population":50170,"class":"city","rank":5,"minzoom":5.6,"capital":false,"region_capital":false,"source_class":"Populated place"},"geometry":{"type":"Point","coordinates":[-79.449993,46.300002]}},{"type":"Feature","id":1159150263,"properties":{"name":"Kuujjuarapik","name:zh":"库居阿尔阿皮克","name:en":"Kuujjuarapik","wikidata":"Q1794745","country_code":"CA","population":1243,"class":"city","rank":5,"minzoom":5.6,"capital":false,"region_capital":false,"source_class":"Populated place"},"geometry":{"type":"Point","coordinates":[-77.765832,55.281495]}},{"type":"Feature","id":1159150265,"properties":{"name":"Kuujjuaq","name:zh":"库朱瓦克","name:en":"Kuujjuaq","wikidata":"Q1543830","country_code":"CA","population":1273,"class":"city","rank":5,"minzoom":5.6,"capital":false,"region_capital":false,"source_class":"Populated place"},"geometry":{"type":"Point","coordinates":[-68.399996,58.100005]}},{"type":"Feature","id":1159150267,"properties":{"name":"Sydney","name:zh":"悉尼","name:en":"Sydney","wikidata":"Q932261","country_code":"CA","population":37538,"class":"city","rank":5,"minzoom":5.6,"capital":false,"region_capital":false,"source_class":"Populated place"},"geometry":{"type":"Point","coordinates":[-60.179981,46.066114]}},{"type":"Feature","id":1159150269,"properties":{"name":"Labrador City","name:zh":"拉布拉多","name:en":"Labrador City","wikidata":"Q767147","country_code":"CA","population":10313,"class":"city","rank":5,"minzoom":5.6,"capital":false,"region_capital":false,"source_class":"Populated place"},"geometry":{"type":"Point","coordinates":[-66.915875,52.941431]}},{"type":"Feature","id":1159150271,"properties":{"name":"Ebolowa","name:zh":"埃博洛瓦","name:en":"Ebolowa","wikidata":"Q910616","country_code":"CM","population":87875,"class":"city","rank":5,"minzoom":5.6,"capital":false,"region_capital":true,"source_class":"Admin-1 capital"},"geometry":{"type":"Point","coordinates":[11.150006,2.900015]}},{"type":"Feature","id":1159150273,"properties":{"name":"Bambari","name:zh":"班巴里","name:en":"Bambari","wikidata":"Q805946","country_code":"CF","population":62098,"class":"city","rank":5,"minzoom":5.6,"capital":false,"region_capital":true,"source_class":"Admin-1 capital"},"geometry":{"type":"Point","coordinates":[20.667203,5.76196]}},{"type":"Feature","id":1159150277,"properties":{"name":"Venice","name:zh":"威尼斯","name:en":"Venice","wikidata":"Q641","country_code":"IT","population":270816,"class":"city","rank":5,"minzoom":5.1,"capital":false,"region_capital":true,"source_class":"Admin-1 region capital"},"geometry":{"type":"Point","coordinates":[12.334999,45.438659]}},{"type":"Feature","id":1159150279,"properties":{"name":"El Calafate","name:zh":"埃尔卡拉法特","name:en":"El Calafate","wikidata":"Q81561","country_code":"AR","population":8000,"class":"city","rank":5,"minzoom":5.6,"capital":false,"region_capital":false,"source_class":"Populated place"},"geometry":{"type":"Point","coordinates":[-72.300016,-50.333324]}},{"type":"Feature","id":1159150281,"properties":{"name":"San Juan","name:zh":"圣胡安","name:en":"San Juan","wikidata":"Q44241","country_code":"AR","population":447048,"class":"city","rank":5,"minzoom":5.6,"capital":false,"region_capital":true,"source_class":"Admin-1 capital"},"geometry":{"type":"Point","coordinates":[-68.519988,-31.550026]}},{"type":"Feature","id":1159150283,"properties":{"name":"Rawson","name:zh":"罗森","name:en":"Rawson","wikidata":"Q44208","country_code":"AR","population":26335,"class":"city","rank":5,"minzoom":5.1,"capital":false,"region_capital":true,"source_class":"Admin-1 capital"},"geometry":{"type":"Point","coordinates":[-65.099991,-43.300007]}},{"type":"Feature","id":1159150285,"properties":{"name":"Neuquén","name:zh":"内乌肯","name:en":"Neuquén","wikidata":"Q44239","country_code":"AR","population":242092,"class":"city","rank":5,"minzoom":5.1,"capital":false,"region_capital":true,"source_class":"Admin-1 capital"},"geometry":{"type":"Point","coordinates":[-68.059991,-38.95004]}},{"type":"Feature","id":1159150287,"properties":{"name":"Trinidad","name:zh":"特立尼达","name:en":"Trinidad","wikidata":"Q34986","country_code":"BO","population":84259,"class":"city","rank":5,"minzoom":5.6,"capital":false,"region_capital":true,"source_class":"Admin-1 capital"},"geometry":{"type":"Point","coordinates":[-64.899977,-14.833372]}},{"type":"Feature","id":1159150289,"properties":{"name":"Santa Rosa","name:zh":"圣罗莎","name:en":"Santa Rosa","wikidata":"Q44215","country_code":"AR","population":111424,"class":"city","rank":5,"minzoom":5.1,"capital":false,"region_capital":true,"source_class":"Admin-1 capital"},"geometry":{"type":"Point","coordinates":[-64.299988,-36.620001]}},{"type":"Feature","id":1159150291,"properties":{"name":"Bariloche","name:zh":"圣卡洛斯-德巴里洛切","name:en":"Bariloche","wikidata":"Q47772","country_code":"AR","population":95394,"class":"city","rank":5,"minzoom":5.6,"capital":false,"region_capital":false,"source_class":"Populated place"},"geometry":{"type":"Point","coordinates":[-71.3,-41.149957]}},{"type":"Feature","id":1159150295,"properties":{"name":"Salta","name:zh":"萨尔塔","name:en":"Salta","wikidata":"Q36307","country_code":"AR","population":512686,"class":"city","rank":5,"minzoom":5.6,"capital":false,"region_capital":true,"source_class":"Admin-1 capital"},"geometry":{"type":"Point","coordinates":[-65.416638,-24.783359]}},{"type":"Feature","id":1159150297,"properties":{"name":"Tucumán","name:zh":"圣米格尔-德-图库曼","name:en":"San Miguel de Tucumán","wikidata":"Q44255","country_code":"AR","population":830000,"class":"city","rank":5,"minzoom":5.6,"capital":false,"region_capital":true,"source_class":"Admin-1 capital"},"geometry":{"type":"Point","coordinates":[-65.21857,-26.814054]}},{"type":"Feature","id":1159150299,"properties":{"name":"Formosa","name:zh":"福莫萨","name:en":"Formosa","wikidata":"Q44214","country_code":"AR","population":221383,"class":"city","rank":5,"minzoom":5.6,"capital":false,"region_capital":true,"source_class":"Admin-1 capital"},"geometry":{"type":"Point","coordinates":[-58.182816,-26.172835]}},{"type":"Feature","id":1159150301,"properties":{"name":"Santa Fe","name:zh":"圣菲","name:en":"Santa Fe","wikidata":"Q44244","country_code":"AR","population":489505,"class":"city","rank":5,"minzoom":5.6,"capital":false,"region_capital":true,"source_class":"Admin-1 capital"},"geometry":{"type":"Point","coordinates":[-60.690001,-31.623872]}},{"type":"Feature","id":1159150303,"properties":{"name":"Rosario","name:zh":"罗萨里奥","name:en":"Rosario","wikidata":"Q52535","country_code":"AR","population":1203000,"class":"city","rank":5,"minzoom":5.1,"capital":false,"region_capital":false,"source_class":"Populated place"},"geometry":{"type":"Point","coordinates":[-60.668253,-32.949184]}},{"type":"Feature","id":1159150305,"properties":{"name":"Campinas","name:zh":"坎皮纳斯","name:en":"Campinas","wikidata":"Q171617","country_code":"BR","population":2791000,"class":"city","rank":5,"minzoom":5.6,"capital":false,"region_capital":false,"source_class":"Populated place"},"geometry":{"type":"Point","coordinates":[-47.055885,-22.907898]}},{"type":"Feature","id":1159150307,"properties":{"name":"Sorocaba","name:zh":"索罗卡巴","name:en":"Sorocaba","wikidata":"Q188901","country_code":"BR","population":563281,"class":"city","rank":5,"minzoom":5.6,"capital":false,"region_capital":false,"source_class":"Populated place"},"geometry":{"type":"Point","coordinates":[-47.469981,-23.490002]}},{"type":"Feature","id":1159150309,"properties":{"name":"Ribeirão Preto","name:zh":"里贝朗普雷图","name:en":"Ribeirão Preto","wikidata":"Q188892","country_code":"BR","population":551267,"class":"city","rank":5,"minzoom":5.6,"capital":false,"region_capital":false,"source_class":"Populated place"},"geometry":{"type":"Point","coordinates":[-47.829985,-21.17004]}},{"type":"Feature","id":1159150313,"properties":{"name":"Petrolina","name:zh":"彼得罗利纳","name:en":"Petrolina","wikidata":"Q842143","country_code":"BR","population":260985,"class":"city","rank":5,"minzoom":5.6,"capital":false,"region_capital":false,"source_class":"Populated place"},"geometry":{"type":"Point","coordinates":[-40.509967,-9.38001]}},{"type":"Feature","id":1159150315,"properties":{"name":"Bamenda","name:zh":"巴门达","name:en":"Bamenda","wikidata":"Q528432","country_code":"CM","population":445299,"class":"city","rank":5,"minzoom":5.6,"capital":false,"region_capital":true,"source_class":"Admin-1 capital"},"geometry":{"type":"Point","coordinates":[10.150016,5.959984]}},{"type":"Feature","id":1159150317,"properties":{"name":"Garoua","name:zh":"加鲁阿","name:en":"Garoua","wikidata":"Q157915","country_code":"CM","population":436899,"class":"city","rank":5,"minzoom":5.6,"capital":false,"region_capital":true,"source_class":"Admin-1 capital"},"geometry":{"type":"Point","coordinates":[13.390025,9.300012]}},{"type":"Feature","id":1159150319,"properties":{"name":"Herat","name:zh":"赫拉特","name:en":"Herat","wikidata":"Q45313","country_code":"AF","population":481009,"class":"city","rank":5,"minzoom":5.1,"capital":false,"region_capital":true,"source_class":"Admin-1 capital"},"geometry":{"type":"Point","coordinates":[62.169993,34.330009]}},{"type":"Feature","id":1159150321,"properties":{"name":"Mazar-i-Sharif","name:zh":"马扎里沙里夫","name:en":"Mazar-i-Sharif","wikidata":"Q130469","country_code":"AF","population":458151,"class":"city","rank":5,"minzoom":5.1,"capital":false,"region_capital":true,"source_class":"Admin-1 capital"},"geometry":{"type":"Point","coordinates":[67.100028,36.699994]}},{"type":"Feature","id":1159150323,"properties":{"name":"Battambang","name:zh":"马德望","name:en":"Battambang","wikidata":"Q748336","country_code":"KH","population":154773,"class":"city","rank":5,"minzoom":5.6,"capital":false,"region_capital":true,"source_class":"Admin-1 capital"},"geometry":{"type":"Point","coordinates":[103.200047,13.100013]}},{"type":"Feature","id":1159150325,"properties":{"name":"Siem Reap","name:zh":"暹粒","name:en":"Siem Reap","wikidata":"Q11711","country_code":"KH","population":109398,"class":"city","rank":5,"minzoom":5.6,"capital":false,"region_capital":true,"source_class":"Admin-1 capital"},"geometry":{"type":"Point","coordinates":[103.850033,13.366638]}},{"type":"Feature","id":1159150327,"properties":{"name":"Malanje","name:zh":"马兰哲","name:en":"Malanje","wikidata":"Q621001","country_code":"AO","population":125856,"class":"city","rank":5,"minzoom":5.6,"capital":false,"region_capital":true,"source_class":"Admin-1 capital"},"geometry":{"type":"Point","coordinates":[16.340026,-9.54]}},{"type":"Feature","id":1159150331,"properties":{"name":"Benguela","name:zh":"本格拉","name:en":"Benguela","wikidata":"Q214248","country_code":"AO","population":151226,"class":"city","rank":5,"minzoom":5.6,"capital":false,"region_capital":true,"source_class":"Admin-1 capital"},"geometry":{"type":"Point","coordinates":[13.407233,-12.578264]}},{"type":"Feature","id":1159150333,"properties":{"name":"Lubango","name:zh":"盧班戈","name:en":"Lubango","wikidata":"Q122044","country_code":"AO","population":125632,"class":"city","rank":5,"minzoom":5.6,"capital":false,"region_capital":true,"source_class":"Admin-1 capital"},"geometry":{"type":"Point","coordinates":[13.490019,-14.910008]}},{"type":"Feature","id":1159150335,"properties":{"name":"Moçâmedes","name:zh":"纳米贝","name:en":"Moçâmedes","wikidata":"Q221914","country_code":"AO","population":132900,"class":"city","rank":5,"minzoom":5.6,"capital":false,"region_capital":true,"source_class":"Admin-1 capital"},"geometry":{"type":"Point","coordinates":[12.160022,-15.190043]}},{"type":"Feature","id":1159150337,"properties":{"name":"Tarija","name:zh":"塔里哈","name:en":"Tarija","wikidata":"Q35004","country_code":"BO","population":159269,"class":"city","rank":5,"minzoom":5.6,"capital":false,"region_capital":true,"source_class":"Admin-1 capital"},"geometry":{"type":"Point","coordinates":[-64.749986,-21.516685]}},{"type":"Feature","id":1159150339,"properties":{"name":"Bridgetown","name:zh":"布里奇顿","name:en":"Bridgetown","wikidata":"Q36168","country_code":"BB","population":191152,"class":"city","rank":5,"minzoom":5.6,"capital":true,"region_capital":false,"source_class":"Admin-0 capital"},"geometry":{"type":"Point","coordinates":[-59.616527,13.102003]}},{"type":"Feature","id":1159150341,"properties":{"name":"Annaba","name:zh":"安纳巴","name:en":"Annaba","wikidata":"Q45942","country_code":"DZ","population":503524,"class":"city","rank":5,"minzoom":5.6,"capital":false,"region_capital":true,"source_class":"Admin-1 capital"},"geometry":{"type":"Point","coordinates":[7.759981,36.920006]}},{"type":"Feature","id":1159150343,"properties":{"name":"Parakou","name:zh":"帕拉库","name:en":"Parakou","wikidata":"Q688324","country_code":"BJ","population":188853,"class":"city","rank":5,"minzoom":5.6,"capital":false,"region_capital":true,"source_class":"Admin-1 capital"},"geometry":{"type":"Point","coordinates":[2.620036,9.34001]}},{"type":"Feature","id":1159150345,"properties":{"name":"Porto-Novo","name:zh":"波多诺伏","name:en":"Porto-Novo","wikidata":"Q3799","country_code":"BJ","population":300000,"class":"city","rank":5,"minzoom":5.6,"capital":false,"region_capital":false,"source_class":"Admin-0 capital alt"},"geometry":{"type":"Point","coordinates":[2.616626,6.483311]}},{"type":"Feature","id":1159150349,"properties":{"name":"Constantine","name:zh":"君士坦丁","name:en":"Constantine","wikidata":"Q187346","country_code":"DZ","population":605179,"class":"city","rank":5,"minzoom":5.6,"capital":false,"region_capital":true,"source_class":"Admin-1 capital"},"geometry":{"type":"Point","coordinates":[6.599948,36.359989]}},{"type":"Feature","id":1159150351,"properties":{"name":"Brest","name:zh":"布列斯特","name:en":"Brest","wikidata":"Q140147","country_code":"BY","population":300715,"class":"city","rank":5,"minzoom":5.1,"capital":false,"region_capital":true,"source_class":"Admin-1 capital"},"geometry":{"type":"Point","coordinates":[23.69999,52.099984]}},{"type":"Feature","id":1159150353,"properties":{"name":"Khulna","name:zh":"库尔纳","name:en":"Khulna","wikidata":"Q243325","country_code":"BD","population":1553000,"class":"city","rank":5,"minzoom":5.6,"capital":false,"region_capital":true,"source_class":"Admin-1 capital"},"geometry":{"type":"Point","coordinates":[89.558055,22.841933]}},{"type":"Feature","id":1159150355,"properties":{"name":"Francistown","name:zh":"弗朗西斯敦","name:en":"Francistown","wikidata":"Q165422","country_code":"BW","population":89979,"class":"city","rank":5,"minzoom":5.6,"capital":false,"region_capital":true,"source_class":"Admin-1 capital"},"geometry":{"type":"Point","coordinates":[27.500016,-21.17004]}},{"type":"Feature","id":1159150357,"properties":{"name":"Mahalapye","name:zh":"马哈拉佩","name:en":"Mahalapye","wikidata":"Q170724","country_code":"BW","population":50744,"class":"city","rank":5,"minzoom":5.6,"capital":false,"region_capital":false,"source_class":"Populated place"},"geometry":{"type":"Point","coordinates":[26.820006,-23.1]}},{"type":"Feature","id":1159150359,"properties":{"name":"Serowe","name:zh":"塞罗韦","name:en":"Serowe","wikidata":"Q855634","country_code":"BW","population":48573,"class":"city","rank":5,"minzoom":5.6,"capital":false,"region_capital":true,"source_class":"Admin-1 capital"},"geometry":{"type":"Point","coordinates":[26.710039,-22.390017]}},{"type":"Feature","id":1159150361,"properties":{"name":"Katherine","name:zh":"凱瑟琳","name:en":"Katherine","wikidata":"Q17980","country_code":"AU","population":10141,"class":"city","rank":5,"minzoom":5.6,"capital":false,"region_capital":false,"source_class":"Populated place"},"geometry":{"type":"Point","coordinates":[132.266593,-14.466625]}},{"type":"Feature","id":1159150363,"properties":{"name":"Busselton","name:zh":"巴瑟尔顿","name:en":"Busselton","wikidata":"Q642631","country_code":"AU","population":10214,"class":"city","rank":5,"minzoom":5.6,"capital":false,"region_capital":false,"source_class":"Populated place"},"geometry":{"type":"Point","coordinates":[115.348659,-33.65641]}},{"type":"Feature","id":1159150367,"properties":{"name":"Mandurah","name:zh":"曼杜拉","name:en":"Mandurah","wikidata":"Q595542","country_code":"AU","population":73356,"class":"city","rank":5,"minzoom":5.6,"capital":false,"region_capital":false,"source_class":"Populated place"},"geometry":{"type":"Point","coordinates":[115.747057,-32.523483]}},{"type":"Feature","id":1159150369,"properties":{"name":"Broome","name:zh":"布鲁姆","name:en":"Broome","wikidata":"Q606294","country_code":"AU","population":13218,"class":"city","rank":5,"minzoom":5,"capital":false,"region_capital":false,"source_class":"Populated place"},"geometry":{"type":"Point","coordinates":[122.230768,-17.961771]}},{"type":"Feature","id":1159150371,"properties":{"name":"Kalgoorlie","name:zh":"卡尔古利","name:en":"Kalgoorlie","wikidata":"Q329503","country_code":"AU","population":36852,"class":"city","rank":5,"minzoom":5.1,"capital":false,"region_capital":false,"source_class":"Populated place"},"geometry":{"type":"Point","coordinates":[121.460018,-30.735399]}},{"type":"Feature","id":1159150373,"properties":{"name":"Albany","name:zh":"奥班尼","name:en":"Albany","wikidata":"Q704257","country_code":"AU","population":26445,"class":"city","rank":5,"minzoom":5,"capital":false,"region_capital":false,"source_class":"Populated place"},"geometry":{"type":"Point","coordinates":[117.891605,-35.016947]}},{"type":"Feature","id":1159150375,"properties":{"name":"Port Hedland","name:zh":"黑德蘭港姆","name:en":"Port Hedland","wikidata":"Q550465","country_code":"AU","population":14288,"class":"city","rank":5,"minzoom":5.1,"capital":false,"region_capital":false,"source_class":"Populated place"},"geometry":{"type":"Point","coordinates":[118.606032,-20.310402]}},{"type":"Feature","id":1159150377,"properties":{"name":"Karratha","name:zh":"卡拉萨","name:en":"Karratha","wikidata":"Q1309107","country_code":"AU","population":16796,"class":"city","rank":5,"minzoom":5.6,"capital":false,"region_capital":false,"source_class":"Populated place"},"geometry":{"type":"Point","coordinates":[116.870013,-20.730377]}},{"type":"Feature","id":1159150379,"properties":{"name":"Geraldton","name:zh":"杰拉尔顿","name:en":"Geraldton","wikidata":"Q605267","country_code":"AU","population":27258,"class":"city","rank":5,"minzoom":5,"capital":false,"region_capital":false,"source_class":"Populated place"},"geometry":{"type":"Point","coordinates":[114.599971,-28.76663]}},{"type":"Feature","id":1159150381,"properties":{"name":"Griffith","name:zh":"葛瑞菲斯","name:en":"Griffith","wikidata":"Q14217100","country_code":"AU","population":15455,"class":"city","rank":5,"minzoom":5,"capital":false,"region_capital":false,"source_class":"Populated place"},"geometry":{"type":"Point","coordinates":[146.040016,-34.290014]}},{"type":"Feature","id":1159150385,"properties":{"name":"Orange","name:zh":"奥兰治","name:en":"Orange","wikidata":"Q580973","country_code":"AU","population":39329,"class":"city","rank":5,"minzoom":5.6,"capital":false,"region_capital":false,"source_class":"Populated place"},"geometry":{"type":"Point","coordinates":[149.099984,-33.279998]}},{"type":"Feature","id":1159150387,"properties":{"name":"Dubbo","name:zh":"达博","name:en":"Dubbo","wikidata":"Q706105","country_code":"AU","population":31574,"class":"city","rank":5,"minzoom":5,"capital":false,"region_capital":false,"source_class":"Populated place"},"geometry":{"type":"Point","coordinates":[148.597327,-32.259957]}},{"type":"Feature","id":1159150389,"properties":{"name":"Armidale","name:zh":"阿米代尔","name:en":"Armidale","wikidata":"Q606169","country_code":"AU","population":22673,"class":"city","rank":5,"minzoom":5.6,"capital":false,"region_capital":false,"source_class":"Populated place"},"geometry":{"type":"Point","coordinates":[151.667476,-30.512312]}},{"type":"Feature","id":1159150391,"properties":{"name":"Broken Hill","name:zh":"布罗肯希尔","name:en":"Broken Hill","wikidata":"Q270734","country_code":"AU","population":17395,"class":"city","rank":5,"minzoom":5.1,"capital":false,"region_capital":false,"source_class":"Populated place"},"geometry":{"type":"Point","coordinates":[141.433114,-31.94995]}},{"type":"Feature","id":1159150393,"properties":{"name":"Port Lincoln","name:zh":"林肯港","name:en":"Port Lincoln","wikidata":"Q606268","country_code":"AU","population":13630,"class":"city","rank":5,"minzoom":5.6,"capital":false,"region_capital":false,"source_class":"Populated place"},"geometry":{"type":"Point","coordinates":[135.86658,-34.733243]}},{"type":"Feature","id":1159150395,"properties":{"name":"Whyalla","name:zh":"怀阿拉","name:en":"Whyalla","wikidata":"Q706029","country_code":"AU","population":22559,"class":"city","rank":5,"minzoom":5,"capital":false,"region_capital":false,"source_class":"Populated place"},"geometry":{"type":"Point","coordinates":[137.561412,-33.025027]}},{"type":"Feature","id":1159150397,"properties":{"name":"Portland","name:zh":"波特兰","name:en":"Portland","wikidata":"Q1663450","country_code":"AU","population":11808,"class":"city","rank":5,"minzoom":5,"capital":false,"region_capital":false,"source_class":"Populated place"},"geometry":{"type":"Point","coordinates":[141.590003,-38.34]}},{"type":"Feature","id":1159150399,"properties":{"name":"Bendigo","name:zh":"本迪戈","name:en":"Bendigo","wikidata":"Q497793","country_code":"AU","population":81657,"class":"city","rank":5,"minzoom":5.6,"capital":false,"region_capital":false,"source_class":"Populated place"},"geometry":{"type":"Point","coordinates":[144.28002,-36.759993]}},{"type":"Feature","id":1159150403,"properties":{"name":"Wangaratta","name:zh":"旺加拉塔","name:en":"Wangaratta","wikidata":"Q1024728","country_code":"AU","population":14022,"class":"city","rank":5,"minzoom":5.6,"capital":false,"region_capital":false,"source_class":"Populated place"},"geometry":{"type":"Point","coordinates":[146.3,-36.360017]}},{"type":"Feature","id":1159150405,"properties":{"name":"Windorah","name:zh":"温多拉","name:en":"Windorah","wikidata":"Q935006","country_code":"AU","population":158,"class":"city","rank":5,"minzoom":5,"capital":false,"region_capital":false,"source_class":"Populated place"},"geometry":{"type":"Point","coordinates":[142.650197,-25.433242]}},{"type":"Feature","id":1159150407,"properties":{"name":"Mount Isa","name:zh":"伊萨山","name:en":"Mount Isa","wikidata":"Q606335","country_code":"AU","population":33200,"class":"city","rank":5,"minzoom":5.1,"capital":false,"region_capital":false,"source_class":"Populated place"},"geometry":{"type":"Point","coordinates":[139.490028,-20.723865]}},{"type":"Feature","id":1159150409,"properties":{"name":"Rockhampton","name:zh":"洛坎普顿","name:en":"Rockhampton","wikidata":"Q606162","country_code":"AU","population":65850,"class":"city","rank":5,"minzoom":5.6,"capital":false,"region_capital":false,"source_class":"Populated place"},"geometry":{"type":"Point","coordinates":[150.520001,-23.363911]}},{"type":"Feature","id":1159150411,"properties":{"name":"Cairns","name:zh":"凯恩斯","name:en":"Cairns","wikidata":"Q189133","country_code":"AU","population":154225,"class":"city","rank":5,"minzoom":5,"capital":false,"region_capital":false,"source_class":"Populated place"},"geometry":{"type":"Point","coordinates":[145.763331,-16.88784]}},{"type":"Feature","id":1159150413,"properties":{"name":"Gold Coast","name:zh":"黄金海岸","name:en":"Gold Coast","wikidata":"Q140075","country_code":"AU","population":527660,"class":"city","rank":5,"minzoom":5,"capital":false,"region_capital":false,"source_class":"Populated place"},"geometry":{"type":"Point","coordinates":[153.448246,-28.081504]}},{"type":"Feature","id":1159150415,"properties":{"name":"Devonport","name:zh":"德文港","name:en":"Devonport","wikidata":"Q705705","country_code":"AU","population":19317,"class":"city","rank":5,"minzoom":5.6,"capital":false,"region_capital":false,"source_class":"Populated place"},"geometry":{"type":"Point","coordinates":[146.331102,-41.192668]}},{"type":"Feature","id":1159150417,"properties":{"name":"Bobo Dioulasso","name:zh":"博博迪乌拉索","name:en":"Bobo Dioulasso","wikidata":"Q223761","country_code":"BF","population":360106,"class":"city","rank":5,"minzoom":5.6,"capital":false,"region_capital":true,"source_class":"Admin-1 capital"},"geometry":{"type":"Point","coordinates":[-4.289981,11.179975]}},{"type":"Feature","id":1159150421,"properties":{"name":"Rajshahi","name:zh":"拉杰沙希","name:en":"Rajshahi","wikidata":"Q322155","country_code":"BD","population":810000,"class":"city","rank":5,"minzoom":5.6,"capital":false,"region_capital":true,"source_class":"Admin-1 capital"},"geometry":{"type":"Point","coordinates":[88.603074,24.37693]}},{"type":"Feature","id":1159150423,"properties":{"name":"Mandalay","name:zh":"曼德勒","name:en":"Mandalay","wikidata":"Q185518","country_code":"MM","population":1300000,"class":"city","rank":5,"minzoom":5.6,"capital":false,"region_capital":true,"source_class":"Admin-1 capital"},"geometry":{"type":"Point","coordinates":[96.083083,21.971934]}},{"type":"Feature","id":1159150425,"properties":{"name":"Sittwe","name:zh":"实兑","name:en":"Sittwe","wikidata":"Q738748","country_code":"MM","population":179032,"class":"city","rank":5,"minzoom":5.6,"capital":false,"region_capital":true,"source_class":"Admin-1 capital"},"geometry":{"type":"Point","coordinates":[92.880005,20.139997]}},{"type":"Feature","id":1159150427,"properties":{"name":"Bujumbura","name:zh":"布琼布拉","name:en":"Bujumbura","wikidata":"Q3854","country_code":"BI","population":331700,"class":"city","rank":5,"minzoom":5.6,"capital":true,"region_capital":false,"source_class":"Admin-0 capital"},"geometry":{"type":"Point","coordinates":[29.360006,-3.376087]}},{"type":"Feature","id":1159150429,"properties":{"name":"Pago Pago","name:zh":"帕果帕果","name:en":"Pago Pago","wikidata":"Q51678","country_code":"AS","population":12576,"class":"city","rank":5,"minzoom":5.6,"capital":false,"region_capital":false,"source_class":"Admin-0 region capital"},"geometry":{"type":"Point","coordinates":[-170.706645,-14.276611]}},{"type":"Feature","id":1159150431,"properties":{"name":"Kingstown","name:zh":"金斯敦","name:en":"Kingstown","wikidata":"Q41474","country_code":"VC","population":49485,"class":"city","rank":5,"minzoom":5.1,"capital":true,"region_capital":false,"source_class":"Admin-0 capital"},"geometry":{"type":"Point","coordinates":[-61.220236,13.155756]}},{"type":"Feature","id":1159150433,"properties":{"name":"Castries","name:zh":"卡斯特里","name:en":"Castries","wikidata":"Q41699","country_code":"LC","population":37963,"class":"city","rank":5,"minzoom":5.6,"capital":true,"region_capital":false,"source_class":"Admin-0 capital"},"geometry":{"type":"Point","coordinates":[-60.992875,14.007875]}},{"type":"Feature","id":1159150435,"properties":{"name":"Basseterre","name:zh":"巴斯特尔","name:en":"Basseterre","wikidata":"Q41295","country_code":"KN","population":21887,"class":"city","rank":5,"minzoom":5.6,"capital":true,"region_capital":false,"source_class":"Admin-0 capital"},"geometry":{"type":"Point","coordinates":[-62.717009,17.302031]}},{"type":"Feature","id":1159150439,"properties":{"name":"Las Palmas","name:zh":"拉斯帕尔马斯","name:en":"Las Palmas de Gran Canaria","wikidata":"Q11974","country_code":"ES","population":378495,"class":"city","rank":5,"minzoom":5.1,"capital":false,"region_capital":true,"source_class":"Admin-1 capital"},"geometry":{"type":"Point","coordinates":[-15.429999,28.099976]}},{"type":"Feature","id":1159150441,"properties":{"name":"Berbera","name:zh":"柏培拉","name:en":"Berbera","wikidata":"Q191718","country_code":"","population":242344,"class":"city","rank":5,"minzoom":5.6,"capital":false,"region_capital":false,"source_class":"Populated place"},"geometry":{"type":"Point","coordinates":[45.016415,10.43555]}},{"type":"Feature","id":1159150443,"properties":{"name":"Port Louis","name:zh":"路易港","name:en":"Port Louis","wikidata":"Q3929","country_code":"MU","population":595491,"class":"city","rank":5,"minzoom":5.6,"capital":true,"region_capital":false,"source_class":"Admin-0 capital"},"geometry":{"type":"Point","coordinates":[57.499994,-20.166639]}},{"type":"Feature","id":1159150445,"properties":{"name":"Gaza City","name:zh":"加薩","name:en":"Gaza City","wikidata":"Q47492","country_code":"PS","population":505700,"class":"city","rank":5,"minzoom":5.6,"capital":false,"region_capital":false,"source_class":"Admin-0 region capital"},"geometry":{"type":"Point","coordinates":[34.445019,31.529999]}},{"type":"Feature","id":1159150447,"properties":{"name":"Saint George's","name:zh":"圣乔治","name:en":"St. George's","wikidata":"Q41547","country_code":"GD","population":33734,"class":"city","rank":5,"minzoom":5.1,"capital":true,"region_capital":false,"source_class":"Admin-0 capital"},"geometry":{"type":"Point","coordinates":[-61.741643,12.052633]}},{"type":"Feature","id":1159150449,"properties":{"name":"Papeete","name:zh":"帕皮提","name:en":"Papeete","wikidata":"Q130800","country_code":"PF","population":131695,"class":"city","rank":5,"minzoom":5.6,"capital":false,"region_capital":false,"source_class":"Admin-0 region capital"},"geometry":{"type":"Point","coordinates":[-149.566669,-17.533363]}},{"type":"Feature","id":1159150451,"properties":{"name":"Manama","name:zh":"麦纳麦","name:en":"Manama","wikidata":"Q3882","country_code":"BH","population":563920,"class":"city","rank":5,"minzoom":5.6,"capital":true,"region_capital":false,"source_class":"Admin-0 capital"},"geometry":{"type":"Point","coordinates":[50.583052,26.236136]}},{"type":"Feature","id":1159150453,"properties":{"name":"Freeport","name:zh":"自由港","name:en":"Freeport","wikidata":"Q867573","country_code":"BS","population":25383,"class":"city","rank":5,"minzoom":5.6,"capital":false,"region_capital":false,"source_class":"Populated place"},"geometry":{"type":"Point","coordinates":[-78.700013,26.533276]}},{"type":"Feature","id":1159150457,"properties":{"name":"Saint John's","name:zh":"圣约翰","name:en":"Saint John's","wikidata":"Q36262","country_code":"AG","population":35499,"class":"city","rank":5,"minzoom":5.1,"capital":true,"region_capital":false,"source_class":"Admin-0 capital"},"geometry":{"type":"Point","coordinates":[-61.850034,17.118036]}},{"type":"Feature","id":1159150461,"properties":{"name":"Taichung","name:zh":"台中","name:en":"Taichung","wikidata":"Q245023","country_code":"TW","population":2629323,"class":"city","rank":5,"minzoom":5.6,"capital":false,"region_capital":true,"source_class":"Admin-1 capital"},"geometry":{"type":"Point","coordinates":[120.681667,24.152078]}},{"type":"Feature","id":1159151687,"properties":{"name":"Napier","name:zh":"内皮尔","name:en":"Napier","wikidata":"Q203380","country_code":"NZ","population":57800,"class":"city","rank":5,"minzoom":5,"capital":false,"region_capital":true,"source_class":"Admin-1 capital"},"geometry":{"type":"Point","coordinates":[176.926451,-39.490001]}},{"type":"Feature","id":1159151689,"properties":{"name":"Manukau","name:zh":"曼努考","name:en":"Manukau City","wikidata":"Q986198","country_code":"NZ","population":375600,"class":"city","rank":5,"minzoom":5.6,"capital":false,"region_capital":false,"source_class":"Populated place"},"geometry":{"type":"Point","coordinates":[174.884971,-36.99997]}},{"type":"Feature","id":1159151691,"properties":{"name":"Hamilton","name:zh":"哈密尔顿","name:en":"Hamilton","wikidata":"Q200028","country_code":"NZ","population":148200,"class":"city","rank":5,"minzoom":5,"capital":false,"region_capital":true,"source_class":"Admin-1 capital"},"geometry":{"type":"Point","coordinates":[175.289578,-37.778269]}},{"type":"Feature","id":1159151693,"properties":{"name":"Blenheim","name:zh":"布伦亨","name:en":"Blenheim","wikidata":"Q883831","country_code":"NZ","population":30300,"class":"city","rank":5,"minzoom":5,"capital":false,"region_capital":false,"source_class":"Populated place"},"geometry":{"type":"Point","coordinates":[173.954958,-41.513517]}},{"type":"Feature","id":1159151695,"properties":{"name":"Dunedin","name:zh":"达尼丁","name:en":"Dunedin","wikidata":"Q133073","country_code":"NZ","population":117700,"class":"city","rank":5,"minzoom":5,"capital":false,"region_capital":true,"source_class":"Admin-1 capital"},"geometry":{"type":"Point","coordinates":[170.491016,-45.885423]}},{"type":"Feature","id":1730025033,"properties":{"name":"Leh","name:zh":"莱镇","name:en":"Leh","wikidata":"Q230818","country_code":"IN","population":30870,"class":"city","rank":5,"minzoom":5.6,"capital":false,"region_capital":true,"source_class":"Admin-1 capital"},"geometry":{"type":"Point","coordinates":[77.572291,34.161559]}},{"type":"Feature","id":1730025037,"properties":{"name":"Amaravati","name:zh":"阿马拉瓦蒂","name:en":"Amaravati","wikidata":"Q19881964","country_code":"IN","population":5800000,"class":"city","rank":5,"minzoom":5.6,"capital":false,"region_capital":true,"source_class":"Admin-1 capital"},"geometry":{"type":"Point","coordinates":[80.52432,16.533658]}},{"type":"Feature","id":1159150463,"properties":{"name":"Kozhikode","name:zh":"科兹科德","name:en":"Kozhikode","wikidata":"Q28729","country_code":"IN","population":953000,"class":"city","rank":4,"minzoom":5,"capital":false,"region_capital":false,"source_class":"Populated place"},"geometry":{"type":"Point","coordinates":[75.768044,11.252382]}},{"type":"Feature","id":1159150465,"properties":{"name":"Bhubaneswar","name:zh":"布巴内什瓦尔","name:en":"Bhubaneswar","wikidata":"Q171771","country_code":"IN","population":844000,"class":"city","rank":4,"minzoom":5,"capital":false,"region_capital":true,"source_class":"Admin-1 capital"},"geometry":{"type":"Point","coordinates":[85.825414,20.272374]}},{"type":"Feature","id":1159150467,"properties":{"name":"Jamshedpur","name:zh":"贾姆谢德布尔","name:en":"Jamshedpur","wikidata":"Q200054","country_code":"IN","population":1300000,"class":"city","rank":4,"minzoom":5,"capital":false,"region_capital":false,"source_class":"Populated place"},"geometry":{"type":"Point","coordinates":[86.195573,22.789481]}},{"type":"Feature","id":1159150469,"properties":{"name":"Montevideo","name:zh":"蒙得维的亚","name:en":"Montevideo","wikidata":"Q1335","country_code":"UY","population":1513000,"class":"city","rank":4,"minzoom":4,"capital":true,"region_capital":false,"source_class":"Admin-0 capital"},"geometry":{"type":"Point","coordinates":[-56.186823,-34.905376]}},{"type":"Feature","id":1159150471,"properties":{"name":"Helena","name:zh":"赫勒拿","name:en":"Helena","wikidata":"Q38733","country_code":"US","population":38725,"class":"city","rank":4,"minzoom":5,"capital":false,"region_capital":true,"source_class":"Admin-1 capital"},"geometry":{"type":"Point","coordinates":[-112.035291,46.592749]}},{"type":"Feature","id":1159150475,"properties":{"name":"Bismarck","name:zh":"俾斯麦","name:en":"Bismarck","wikidata":"Q37066","country_code":"US","population":63871,"class":"city","rank":4,"minzoom":5,"capital":false,"region_capital":true,"source_class":"Admin-1 capital"},"geometry":{"type":"Point","coordinates":[-100.783316,46.808317]}},{"type":"Feature","id":1159150477,"properties":{"name":"Boise","name:zh":"博伊西","name:en":"Boise","wikidata":"Q35775","country_code":"US","population":338071,"class":"city","rank":4,"minzoom":5,"capital":false,"region_capital":true,"source_class":"Admin-1 capital"},"geometry":{"type":"Point","coordinates":[-116.22749,43.60859]}},{"type":"Feature","id":1159150479,"properties":{"name":"San Jose","name:zh":"圣何塞","name:en":"San Jose","wikidata":"Q16553","country_code":"US","population":1668000,"class":"city","rank":4,"minzoom":5,"capital":false,"region_capital":false,"source_class":"Populated place"},"geometry":{"type":"Point","coordinates":[-121.888179,37.330943]}},{"type":"Feature","id":1159150481,"properties":{"name":"Sacramento","name:zh":"沙加缅度","name:en":"Sacramento","wikidata":"Q18013","country_code":"US","population":1604000,"class":"city","rank":4,"minzoom":5,"capital":false,"region_capital":true,"source_class":"Admin-1 capital"},"geometry":{"type":"Point","coordinates":[-121.471984,38.576967]}},{"type":"Feature","id":1159150483,"properties":{"name":"Las Vegas","name:zh":"拉斯维加斯","name:en":"Las Vegas","wikidata":"Q23768","country_code":"US","population":1823000,"class":"city","rank":4,"minzoom":5,"capital":false,"region_capital":false,"source_class":"Populated place"},"geometry":{"type":"Point","coordinates":[-115.151362,36.164763]}},{"type":"Feature","id":1159150485,"properties":{"name":"Santa Fe","name:zh":"圣菲","name:en":"Santa Fe","wikidata":"Q38555","country_code":"US","population":92681,"class":"city","rank":4,"minzoom":5,"capital":false,"region_capital":true,"source_class":"Admin-1 capital"},"geometry":{"type":"Point","coordinates":[-105.937239,35.686929]}},{"type":"Feature","id":1159150487,"properties":{"name":"Portland","name:zh":"波特兰","name:en":"Portland","wikidata":"Q6106","country_code":"US","population":1875000,"class":"city","rank":4,"minzoom":4,"capital":false,"region_capital":false,"source_class":"Populated place"},"geometry":{"type":"Point","coordinates":[-122.681936,45.52197]}},{"type":"Feature","id":1159150489,"properties":{"name":"Salt Lake City","name:zh":"盐湖城","name:en":"Salt Lake City","wikidata":"Q23337","country_code":"US","population":966000,"class":"city","rank":4,"minzoom":4,"capital":false,"region_capital":true,"source_class":"Admin-1 capital"},"geometry":{"type":"Point","coordinates":[-111.931998,40.776962]}},{"type":"Feature","id":1159150493,"properties":{"name":"Cheyenne","name:zh":"夏延","name:en":"Cheyenne","wikidata":"Q39042","country_code":"US","population":72927,"class":"city","rank":4,"minzoom":5,"capital":false,"region_capital":true,"source_class":"Admin-1 capital"},"geometry":{"type":"Point","coordinates":[-104.819711,41.140007]}},{"type":"Feature","id":1159150495,"properties":{"name":"Des Moines","name:zh":"德梅因","name:en":"Des Moines","wikidata":"Q39709","country_code":"US","population":380655,"class":"city","rank":4,"minzoom":5,"capital":false,"region_capital":true,"source_class":"Admin-1 capital"},"geometry":{"type":"Point","coordinates":[-93.619981,41.57998]}},{"type":"Feature","id":1159150497,"properties":{"name":"Omaha","name:zh":"奥马哈","name:en":"Omaha","wikidata":"Q43199","country_code":"US","population":877110,"class":"city","rank":4,"minzoom":5,"capital":false,"region_capital":false,"source_class":"Populated place"},"geometry":{"type":"Point","coordinates":[-96.00999,41.240001]}},{"type":"Feature","id":1159150499,"properties":{"name":"Oklahoma City","name:zh":"奧克拉荷馬","name:en":"Oklahoma City","wikidata":"Q34863","country_code":"US","population":788000,"class":"city","rank":4,"minzoom":5,"capital":false,"region_capital":true,"source_class":"Admin-1 capital"},"geometry":{"type":"Point","coordinates":[-97.520629,35.471989]}},{"type":"Feature","id":1159150501,"properties":{"name":"Pierre","name:zh":"皮尔","name:en":"Pierre","wikidata":"Q40747","country_code":"US","population":13879,"class":"city","rank":4,"minzoom":5,"capital":false,"region_capital":true,"source_class":"Admin-1 capital"},"geometry":{"type":"Point","coordinates":[-100.350552,44.368337]}},{"type":"Feature","id":1159150503,"properties":{"name":"San Antonio","name:zh":"圣安东尼奥","name:en":"San Antonio","wikidata":"Q975","country_code":"US","population":1473000,"class":"city","rank":4,"minzoom":5,"capital":false,"region_capital":false,"source_class":"Populated place"},"geometry":{"type":"Point","coordinates":[-98.492693,29.419848]}},{"type":"Feature","id":1159150505,"properties":{"name":"San Cristóbal","name:zh":"圣克里斯托瓦尔","name:en":"San Cristóbal","wikidata":"Q820235","country_code":"VE","population":438798,"class":"city","rank":4,"minzoom":5,"capital":false,"region_capital":true,"source_class":"Admin-1 capital"},"geometry":{"type":"Point","coordinates":[-72.249967,7.770003]}},{"type":"Feature","id":1159150507,"properties":{"name":"Valencia","name:zh":"巴伦西亚","name:en":"Valencia","wikidata":"Q54880","country_code":"VE","population":1770000,"class":"city","rank":4,"minzoom":5,"capital":false,"region_capital":true,"source_class":"Admin-1 capital"},"geometry":{"type":"Point","coordinates":[-67.981967,10.231927]}},{"type":"Feature","id":1159150511,"properties":{"name":"Jackson","name:zh":"杰克逊","name:en":"Jackson","wikidata":"Q28198","country_code":"US","population":250902,"class":"city","rank":4,"minzoom":5,"capital":false,"region_capital":true,"source_class":"Admin-1 capital"},"geometry":{"type":"Point","coordinates":[-90.184997,32.298815]}},{"type":"Feature","id":1159150513,"properties":{"name":"Raleigh","name:zh":"罗利","name:en":"Raleigh","wikidata":"Q41087","country_code":"US","population":1163515,"class":"city","rank":4,"minzoom":5,"capital":false,"region_capital":true,"source_class":"Admin-1 capital"},"geometry":{"type":"Point","coordinates":[-78.647035,35.772696]}},{"type":"Feature","id":1159150515,"properties":{"name":"Cleveland","name:zh":"克里夫兰","name:en":"Cleveland","wikidata":"Q37320","country_code":"US","population":1890000,"class":"city","rank":4,"minzoom":5,"capital":false,"region_capital":false,"source_class":"Populated place"},"geometry":{"type":"Point","coordinates":[-81.696944,41.471933]}},{"type":"Feature","id":1159150517,"properties":{"name":"Cincinnati","name:zh":"辛辛那提","name:en":"Cincinnati","wikidata":"Q43196","country_code":"US","population":1636000,"class":"city","rank":4,"minzoom":5,"capital":false,"region_capital":false,"source_class":"Populated place"},"geometry":{"type":"Point","coordinates":[-84.458868,39.163831]}},{"type":"Feature","id":1159150519,"properties":{"name":"Nashville","name:zh":"纳什维尔","name:en":"Nashville","wikidata":"Q23197","country_code":"US","population":877000,"class":"city","rank":4,"minzoom":5,"capital":false,"region_capital":true,"source_class":"Admin-1 capital"},"geometry":{"type":"Point","coordinates":[-86.781931,36.17192]}},{"type":"Feature","id":1159150521,"properties":{"name":"Memphis","name:zh":"孟菲斯","name:en":"Memphis","wikidata":"Q16563","country_code":"US","population":1081000,"class":"city","rank":4,"minzoom":5,"capital":false,"region_capital":false,"source_class":"Populated place"},"geometry":{"type":"Point","coordinates":[-90.028777,35.144701]}},{"type":"Feature","id":1159150523,"properties":{"name":"Norfolk","name:zh":"諾福克","name:en":"Norfolk","wikidata":"Q49231","country_code":"US","population":1047869,"class":"city","rank":4,"minzoom":5.7,"capital":false,"region_capital":false,"source_class":"Populated place"},"geometry":{"type":"Point","coordinates":[-76.280006,36.849959]}},{"type":"Feature","id":1159150525,"properties":{"name":"Milwaukee","name:zh":"密尔沃基","name:en":"Milwaukee","wikidata":"Q37836","country_code":"US","population":1388000,"class":"city","rank":4,"minzoom":5,"capital":false,"region_capital":false,"source_class":"Populated place"},"geometry":{"type":"Point","coordinates":[-87.916673,43.029608]}},{"type":"Feature","id":1159150529,"properties":{"name":"Buffalo","name:zh":"水牛城","name:en":"Buffalo","wikidata":"Q40435","country_code":"US","population":1016000,"class":"city","rank":4,"minzoom":5,"capital":false,"region_capital":false,"source_class":"Populated place"},"geometry":{"type":"Point","coordinates":[-78.881948,42.881924]}},{"type":"Feature","id":1159150531,"properties":{"name":"Pittsburgh","name:zh":"匹兹堡","name:en":"Pittsburgh","wikidata":"Q1342","country_code":"US","population":1838000,"class":"city","rank":4,"minzoom":5,"capital":false,"region_capital":false,"source_class":"Populated place"},"geometry":{"type":"Point","coordinates":[-80.001931,40.431945]}},{"type":"Feature","id":1159150533,"properties":{"name":"Ciudad Guayana","name:zh":"圭亚那城","name:en":"Ciudad Guayana","wikidata":"Q507080","country_code":"VE","population":746535,"class":"city","rank":4,"minzoom":5,"capital":false,"region_capital":false,"source_class":"Populated place"},"geometry":{"type":"Point","coordinates":[-62.619987,8.370017]}},{"type":"Feature","id":1159150535,"properties":{"name":"Lomé","name:zh":"洛美","name:en":"Lomé","wikidata":"Q3792","country_code":"TG","population":1452000,"class":"city","rank":4,"minzoom":5,"capital":true,"region_capital":false,"source_class":"Admin-0 capital"},"geometry":{"type":"Point","coordinates":[1.220811,6.133883]}},{"type":"Feature","id":1159150537,"properties":{"name":"Tunis","name:zh":"突尼斯","name:en":"Tunis","wikidata":"Q3572","country_code":"TN","population":2412500,"class":"city","rank":4,"minzoom":5,"capital":true,"region_capital":false,"source_class":"Admin-0 capital"},"geometry":{"type":"Point","coordinates":[10.179678,36.802778]}},{"type":"Feature","id":1159150539,"properties":{"name":"Kodiak","name:zh":"科迪亚克","name:en":"Kodiak","wikidata":"Q79985","country_code":"US","population":9461,"class":"city","rank":4,"minzoom":5,"capital":false,"region_capital":false,"source_class":"Populated place"},"geometry":{"type":"Point","coordinates":[-152.406987,57.789998]}},{"type":"Feature","id":1159150541,"properties":{"name":"Cold Bay","name:zh":"冷湾","name:en":"Cold Bay","wikidata":"Q79523","country_code":"US","population":200,"class":"city","rank":4,"minzoom":5,"capital":false,"region_capital":false,"source_class":"Populated place"},"geometry":{"type":"Point","coordinates":[-162.715092,55.200001]}},{"type":"Feature","id":1159150543,"properties":{"name":"Bethel","name:zh":"伯特利","name:en":"Bethel","wikidata":"Q80022","country_code":"US","population":6228,"class":"city","rank":4,"minzoom":5,"capital":false,"region_capital":false,"source_class":"Populated place"},"geometry":{"type":"Point","coordinates":[-161.755796,60.793303]}},{"type":"Feature","id":1159150547,"properties":{"name":"Point Hope","name:zh":"波因特霍普","name:en":"Point Hope","wikidata":"Q79813","country_code":"US","population":461,"class":"city","rank":4,"minzoom":5,"capital":false,"region_capital":false,"source_class":"Populated place"},"geometry":{"type":"Point","coordinates":[-166.80802,68.347726]}},{"type":"Feature","id":1159150549,"properties":{"name":"Utqiaġvik","name:zh":"巴罗","name:en":"Utqiagvik","wikidata":"Q79809","country_code":"US","population":4336,"class":"city","rank":4,"minzoom":5,"capital":false,"region_capital":false,"source_class":"Populated place"},"geometry":{"type":"Point","coordinates":[-156.78858,71.29057]}},{"type":"Feature","id":1159150551,"properties":{"name":"Nome","name:zh":"诺姆","name:en":"Nome","wikidata":"Q79996","country_code":"US","population":3485,"class":"city","rank":4,"minzoom":4,"capital":false,"region_capital":false,"source_class":"Populated place"},"geometry":{"type":"Point","coordinates":[-165.406374,64.5061]}},{"type":"Feature","id":1159150553,"properties":{"name":"Valdez","name:zh":"瓦尔迪兹","name:en":"Valdez","wikidata":"Q80037","country_code":"US","population":4036,"class":"city","rank":4,"minzoom":5,"capital":false,"region_capital":false,"source_class":"Populated place"},"geometry":{"type":"Point","coordinates":[-146.348287,61.135996]}},{"type":"Feature","id":1159150555,"properties":{"name":"Juneau","name:zh":"朱諾","name:en":"Juneau","wikidata":"Q29445","country_code":"US","population":30711,"class":"city","rank":4,"minzoom":4,"capital":false,"region_capital":true,"source_class":"Admin-1 capital"},"geometry":{"type":"Point","coordinates":[-134.400712,58.303386]}},{"type":"Feature","id":1159150557,"properties":{"name":"Fairbanks","name:zh":"费尔班克斯","name:en":"Fairbanks","wikidata":"Q79638","country_code":"US","population":56993,"class":"city","rank":4,"minzoom":4,"capital":false,"region_capital":false,"source_class":"Populated place"},"geometry":{"type":"Point","coordinates":[-147.710659,64.836984]}},{"type":"Feature","id":1159150559,"properties":{"name":"Prudhoe Bay","name:zh":"普拉德霍湾","name:en":"Prudhoe Bay","wikidata":"Q1013046","country_code":"US","population":2500,"class":"city","rank":4,"minzoom":3.7,"capital":false,"region_capital":false,"source_class":"Populated place"},"geometry":{"type":"Point","coordinates":[-148.66936,70.292181]}},{"type":"Feature","id":1159150561,"properties":{"name":"Sevastopol","name:zh":"塞瓦斯托波尔","name:en":"Sevastopol","wikidata":"Q7525","country_code":"RU","population":379200,"class":"city","rank":4,"minzoom":4,"capital":false,"region_capital":true,"source_class":"Admin-1 capital"},"geometry":{"type":"Point","coordinates":[33.524395,44.603925]}},{"type":"Feature","id":1159150565,"properties":{"name":"Abu Dhabi","name:zh":"阿布扎比","name:en":"Abu Dhabi","wikidata":"Q1519","country_code":"AE","population":603492,"class":"city","rank":4,"minzoom":5,"capital":true,"region_capital":false,"source_class":"Admin-0 capital"},"geometry":{"type":"Point","coordinates":[54.366593,24.466684]}},{"type":"Feature","id":1159150567,"properties":{"name":"Ashgabat","name:zh":"阿什哈巴德","name:en":"Ashgabat","wikidata":"Q23438","country_code":"TM","population":727700,"class":"city","rank":4,"minzoom":5,"capital":true,"region_capital":false,"source_class":"Admin-0 capital"},"geometry":{"type":"Point","coordinates":[58.383299,37.949995]}},{"type":"Feature","id":1159150569,"properties":{"name":"Samarkand","name:zh":"撒马尔罕","name:en":"Samarkand","wikidata":"Q5753","country_code":"UZ","population":708000,"class":"city","rank":4,"minzoom":5,"capital":false,"region_capital":true,"source_class":"Admin-1 capital"},"geometry":{"type":"Point","coordinates":[66.944999,39.670019]}},{"type":"Feature","id":1159150571,"properties":{"name":"Lusaka","name:zh":"卢萨卡","name:en":"Lusaka","wikidata":"Q3881","country_code":"ZM","population":1328000,"class":"city","rank":4,"minzoom":4,"capital":true,"region_capital":false,"source_class":"Admin-0 capital"},"geometry":{"type":"Point","coordinates":[28.281382,-15.414698]}},{"type":"Feature","id":1159150573,"properties":{"name":"Harare","name:zh":"哈拉雷","name:en":"Harare","wikidata":"Q3921","country_code":"ZW","population":1572000,"class":"city","rank":4,"minzoom":4,"capital":true,"region_capital":false,"source_class":"Admin-0 capital"},"geometry":{"type":"Point","coordinates":[31.042764,-17.815844]}},{"type":"Feature","id":1159150575,"properties":{"name":"Bulawayo","name:zh":"布拉瓦约","name:en":"Bulawayo","wikidata":"Q193250","country_code":"ZW","population":699385,"class":"city","rank":4,"minzoom":5,"capital":false,"region_capital":true,"source_class":"Admin-1 capital"},"geometry":{"type":"Point","coordinates":[28.580002,-20.169998]}},{"type":"Feature","id":1159150577,"properties":{"name":"Dili","name:zh":"帝力","name:en":"Dili","wikidata":"Q9310","country_code":"TL","population":234331,"class":"city","rank":4,"minzoom":5,"capital":true,"region_capital":false,"source_class":"Admin-0 capital"},"geometry":{"type":"Point","coordinates":[125.579456,-8.559388]}},{"type":"Feature","id":1159150579,"properties":{"name":"Port Vila","name:zh":"维拉港","name:en":"Port Vila","wikidata":"Q37806","country_code":"VU","population":44040,"class":"city","rank":4,"minzoom":4,"capital":true,"region_capital":false,"source_class":"Admin-0 capital"},"geometry":{"type":"Point","coordinates":[168.316641,-17.73335]}},{"type":"Feature","id":1159150583,"properties":{"name":"Tegucigalpa","name:zh":"特古西加尔巴","name:en":"Tegucigalpa","wikidata":"Q3238","country_code":"HN","population":946000,"class":"city","rank":4,"minzoom":5,"capital":true,"region_capital":false,"source_class":"Admin-0 capital"},"geometry":{"type":"Point","coordinates":[-87.219475,14.103991]}},{"type":"Feature","id":1159150585,"properties":{"name":"Georgetown","name:zh":"乔治敦","name:en":"Georgetown","wikidata":"Q10717","country_code":"GY","population":264350,"class":"city","rank":4,"minzoom":4,"capital":true,"region_capital":false,"source_class":"Admin-0 capital"},"geometry":{"type":"Point","coordinates":[-58.167029,6.801974]}},{"type":"Feature","id":1159150587,"properties":{"name":"Reykjavík","name:zh":"雷克雅未克","name:en":"Reykjavík","wikidata":"Q1764","country_code":"IS","population":166212,"class":"city","rank":4,"minzoom":3.7,"capital":true,"region_capital":false,"source_class":"Admin-0 capital"},"geometry":{"type":"Point","coordinates":[-21.936546,64.143459]}},{"type":"Feature","id":1159150589,"properties":{"name":"Port-au-Prince","name:zh":"太子港","name:en":"Port-au-Prince","wikidata":"Q34261","country_code":"HT","population":1998000,"class":"city","rank":4,"minzoom":5,"capital":true,"region_capital":false,"source_class":"Admin-0 capital"},"geometry":{"type":"Point","coordinates":[-72.33798,18.54297]}},{"type":"Feature","id":1159150591,"properties":{"name":"Glasgow","name:zh":"格拉斯哥","name:en":"Glasgow","wikidata":"Q4093","country_code":"GB","population":1160000,"class":"city","rank":4,"minzoom":4,"capital":false,"region_capital":false,"source_class":"Populated place"},"geometry":{"type":"Point","coordinates":[-4.239101,55.86227]}},{"type":"Feature","id":1159150593,"properties":{"name":"Kampala","name:zh":"坎帕拉","name:en":"Kampala","wikidata":"Q3894","country_code":"UG","population":1420000,"class":"city","rank":4,"minzoom":5,"capital":true,"region_capital":false,"source_class":"Admin-0 capital"},"geometry":{"type":"Point","coordinates":[32.581378,0.318605]}},{"type":"Feature","id":1159150595,"properties":{"name":"Aden","name:zh":"亚丁","name:en":"Aden","wikidata":"Q131694","country_code":"YE","population":1000000,"class":"city","rank":4,"minzoom":5,"capital":false,"region_capital":true,"source_class":"Admin-1 capital"},"geometry":{"type":"Point","coordinates":[45.00949,12.779723]}},{"type":"Feature","id":1159150597,"properties":{"name":"Paramaribo","name:zh":"帕拉马里博","name:en":"Paramaribo","wikidata":"Q3001","country_code":"SR","population":254169,"class":"city","rank":4,"minzoom":5,"capital":true,"region_capital":false,"source_class":"Admin-0 capital"},"geometry":{"type":"Point","coordinates":[-55.167031,5.83503]}},{"type":"Feature","id":1159150601,"properties":{"name":"Seville","name:zh":"塞维利亚","name:en":"Seville","wikidata":"Q8717","country_code":"ES","population":1212045,"class":"city","rank":4,"minzoom":5,"capital":false,"region_capital":true,"source_class":"Admin-1 capital"},"geometry":{"type":"Point","coordinates":[-5.980007,37.405015]}},{"type":"Feature","id":1159150603,"properties":{"name":"Zinder","name:zh":"津德尔","name:en":"Zinder","wikidata":"Q204365","country_code":"NE","population":230358,"class":"city","rank":4,"minzoom":5,"capital":false,"region_capital":true,"source_class":"Admin-1 capital"},"geometry":{"type":"Point","coordinates":[8.983317,13.799996]}},{"type":"Feature","id":1159150605,"properties":{"name":"Niamey","name:zh":"尼亚美","name:en":"Niamey","wikidata":"Q3674","country_code":"NE","population":915000,"class":"city","rank":4,"minzoom":5,"capital":true,"region_capital":false,"source_class":"Admin-0 capital"},"geometry":{"type":"Point","coordinates":[2.11471,13.518652]}},{"type":"Feature","id":1159150607,"properties":{"name":"Port Sudan","name:zh":"苏丹港","name:en":"Port Sudan","wikidata":"Q208718","country_code":"SD","population":489725,"class":"city","rank":4,"minzoom":5,"capital":false,"region_capital":true,"source_class":"Admin-1 capital"},"geometry":{"type":"Point","coordinates":[37.216426,19.615791]}},{"type":"Feature","id":1159150609,"properties":{"name":"Dushanbe","name:zh":"杜尚别","name:en":"Dushanbe","wikidata":"Q9365","country_code":"TJ","population":1086244,"class":"city","rank":4,"minzoom":5,"capital":true,"region_capital":false,"source_class":"Admin-0 capital"},"geometry":{"type":"Point","coordinates":[68.773879,38.560035]}},{"type":"Feature","id":1159150611,"properties":{"name":"Cusco","name:zh":"库斯科","name:en":"Cuzco","wikidata":"Q5582862","country_code":"PE","population":361182,"class":"city","rank":4,"minzoom":4,"capital":false,"region_capital":true,"source_class":"Admin-1 capital"},"geometry":{"type":"Point","coordinates":[-71.972155,-13.525028]}},{"type":"Feature","id":1159150613,"properties":{"name":"Tacna","name:zh":"塔克纳","name:en":"Tacna","wikidata":"Q272795","country_code":"PE","population":280098,"class":"city","rank":4,"minzoom":5,"capital":false,"region_capital":true,"source_class":"Admin-1 capital"},"geometry":{"type":"Point","coordinates":[-70.250012,-18.000001]}},{"type":"Feature","id":1159150615,"properties":{"name":"Trujillo","name:zh":"特鲁希略","name:en":"Trujillo","wikidata":"Q214173","country_code":"PE","population":765171,"class":"city","rank":4,"minzoom":4,"capital":false,"region_capital":true,"source_class":"Admin-1 capital"},"geometry":{"type":"Point","coordinates":[-79.019968,-8.120035]}},{"type":"Feature","id":1159150619,"properties":{"name":"Ica","name:zh":"伊卡","name:en":"Ica","wikidata":"Q840712","country_code":"PE","population":279420,"class":"city","rank":4,"minzoom":5,"capital":false,"region_capital":true,"source_class":"Admin-1 capital"},"geometry":{"type":"Point","coordinates":[-75.725492,-14.067993]}},{"type":"Feature","id":1159150621,"properties":{"name":"Asunción","name:zh":"亚松森","name:en":"Asunción","wikidata":"Q2933","country_code":"PY","population":1870000,"class":"city","rank":4,"minzoom":4,"capital":true,"region_capital":false,"source_class":"Admin-0 capital"},"geometry":{"type":"Point","coordinates":[-57.625834,-25.290671]}},{"type":"Feature","id":1159150623,"properties":{"name":"Managua","name:zh":"馬拿瓜","name:en":"Managua","wikidata":"Q3274","country_code":"NI","population":920000,"class":"city","rank":4,"minzoom":5,"capital":true,"region_capital":false,"source_class":"Admin-0 capital"},"geometry":{"type":"Point","coordinates":[-86.270437,12.154962]}},{"type":"Feature","id":1159150625,"properties":{"name":"Freetown","name:zh":"弗里敦","name:en":"Freetown","wikidata":"Q3780","country_code":"SL","population":827000,"class":"city","rank":4,"minzoom":5,"capital":true,"region_capital":false,"source_class":"Admin-0 capital"},"geometry":{"type":"Point","coordinates":[-13.236162,8.471957]}},{"type":"Feature","id":1159150627,"properties":{"name":"Agadez","name:zh":"阿加德兹","name:en":"Agadez","wikidata":"Q320049","country_code":"NE","population":117770,"class":"city","rank":4,"minzoom":5,"capital":false,"region_capital":true,"source_class":"Admin-1 capital"},"geometry":{"type":"Point","coordinates":[7.98281,16.995873]}},{"type":"Feature","id":1159150629,"properties":{"name":"Nyala","name:zh":"尼亚拉","name:en":"Nyala","wikidata":"Q851576","country_code":"SD","population":392373,"class":"city","rank":4,"minzoom":5,"capital":false,"region_capital":true,"source_class":"Admin-1 capital"},"geometry":{"type":"Point","coordinates":[24.889995,12.059973]}},{"type":"Feature","id":1159150631,"properties":{"name":"Wau","name:zh":"瓦乌","name:en":"Wau","wikidata":"Q276534","country_code":"SS","population":127384,"class":"city","rank":4,"minzoom":5,"capital":false,"region_capital":true,"source_class":"Admin-1 region capital"},"geometry":{"type":"Point","coordinates":[27.98996,7.699981]}},{"type":"Feature","id":1159150633,"properties":{"name":"Dongola","name:zh":"栋古拉","name:en":"Karma","wikidata":"Q821321","country_code":"SD","population":26404,"class":"city","rank":4,"minzoom":5,"capital":false,"region_capital":true,"source_class":"Admin-1 region capital"},"geometry":{"type":"Point","coordinates":[30.483297,19.166594]}},{"type":"Feature","id":1159150637,"properties":{"name":"Kassala","name:zh":"卡薩拉","name:en":"Kassala","wikidata":"Q686813","country_code":"SD","population":401477,"class":"city","rank":4,"minzoom":5,"capital":false,"region_capital":true,"source_class":"Admin-1 capital"},"geometry":{"type":"Point","coordinates":[36.390016,15.459972]}},{"type":"Feature","id":1159150639,"properties":{"name":"Tromsø","name:zh":"特罗姆瑟","name:en":"Tromsø","wikidata":"Q26087","country_code":"NO","population":52436,"class":"city","rank":4,"minzoom":3.7,"capital":false,"region_capital":true,"source_class":"Admin-1 capital"},"geometry":{"type":"Point","coordinates":[18.992025,69.635076]}},{"type":"Feature","id":1159150641,"properties":{"name":"Trondheim","name:zh":"特隆赫姆","name:en":"Trondheim","wikidata":"Q25804","country_code":"NO","population":147139,"class":"city","rank":4,"minzoom":4,"capital":false,"region_capital":true,"source_class":"Admin-1 capital"},"geometry":{"type":"Point","coordinates":[10.416666,63.416657]}},{"type":"Feature","id":1159150643,"properties":{"name":"Bergen","name:zh":"卑尔根","name:en":"Bergen","wikidata":"Q26793","country_code":"NO","population":213585,"class":"city","rank":4,"minzoom":5,"capital":false,"region_capital":true,"source_class":"Admin-1 capital"},"geometry":{"type":"Point","coordinates":[5.324522,60.391002]}},{"type":"Feature","id":1159150645,"properties":{"name":"Islamabad","name:zh":"伊斯兰堡","name:en":"Islamabad","wikidata":"Q1362","country_code":"PK","population":780000,"class":"city","rank":4,"minzoom":5,"capital":true,"region_capital":false,"source_class":"Admin-0 capital"},"geometry":{"type":"Point","coordinates":[73.08063,33.689368]}},{"type":"Feature","id":1159150647,"properties":{"name":"Multan","name:zh":"木尔坦","name:en":"Multan","wikidata":"Q185453","country_code":"PK","population":1522000,"class":"city","rank":4,"minzoom":5,"capital":false,"region_capital":false,"source_class":"Populated place"},"geometry":{"type":"Point","coordinates":[71.453062,30.201923]}},{"type":"Feature","id":1159150649,"properties":{"name":"Hyderabad","name:zh":"海得拉巴","name:en":"Hyderabad","wikidata":"Q1640079","country_code":"PK","population":1459000,"class":"city","rank":4,"minzoom":5,"capital":false,"region_capital":false,"source_class":"Populated place"},"geometry":{"type":"Point","coordinates":[68.373043,25.381933]}},{"type":"Feature","id":1159150651,"properties":{"name":"Peshawar","name:zh":"白沙瓦","name:en":"Peshawar","wikidata":"Q1113311","country_code":"PK","population":1303000,"class":"city","rank":4,"minzoom":5,"capital":false,"region_capital":true,"source_class":"Admin-1 capital"},"geometry":{"type":"Point","coordinates":[71.533057,34.006962]}},{"type":"Feature","id":1159150655,"properties":{"name":"Kathmandu","name:zh":"加德满都","name:en":"Kathmandu","wikidata":"Q3037","country_code":"NP","population":895000,"class":"city","rank":4,"minzoom":5,"capital":true,"region_capital":false,"source_class":"Admin-0 capital"},"geometry":{"type":"Point","coordinates":[85.314696,27.718638]}},{"type":"Feature","id":1159150657,"properties":{"name":"Nacala","name:zh":"纳卡拉","name:en":"Nacala","wikidata":"Q990080","country_code":"MZ","population":224795,"class":"city","rank":4,"minzoom":5,"capital":false,"region_capital":false,"source_class":"Populated place"},"geometry":{"type":"Point","coordinates":[40.715024,-14.518611]}},{"type":"Feature","id":1159150659,"properties":{"name":"Bloemfontein","name:zh":"布隆方丹","name:en":"Bloemfontein","wikidata":"Q37701","country_code":"ZA","population":463064,"class":"city","rank":4,"minzoom":5,"capital":true,"region_capital":false,"source_class":"Admin-0 capital"},"geometry":{"type":"Point","coordinates":[26.229913,-29.119994]}},{"type":"Feature","id":1159150661,"properties":{"name":"Pretoria","name:zh":"比勒陀利亚","name:en":"Pretoria","wikidata":"Q3926","country_code":"ZA","population":1338000,"class":"city","rank":4,"minzoom":5,"capital":true,"region_capital":false,"source_class":"Admin-0 capital"},"geometry":{"type":"Point","coordinates":[28.227483,-25.704975]}},{"type":"Feature","id":1159150663,"properties":{"name":"Port Moresby","name:zh":"莫尔兹比港","name:en":"Port Moresby","wikidata":"Q36526","country_code":"PG","population":283733,"class":"city","rank":4,"minzoom":4,"capital":true,"region_capital":false,"source_class":"Admin-0 capital"},"geometry":{"type":"Point","coordinates":[147.192504,-9.464708]}},{"type":"Feature","id":1159150665,"properties":{"name":"Honiara","name:zh":"霍尼亚拉","name:en":"Honiara","wikidata":"Q40921","country_code":"SB","population":76328,"class":"city","rank":4,"minzoom":5,"capital":true,"region_capital":false,"source_class":"Admin-0 capital"},"geometry":{"type":"Point","coordinates":[159.949766,-9.437994]}},{"type":"Feature","id":1159150667,"properties":{"name":"Panama City","name:zh":"巴拿马城","name:en":"Panama City","wikidata":"Q3306","country_code":"PA","population":1281000,"class":"city","rank":4,"minzoom":5,"capital":true,"region_capital":false,"source_class":"Admin-0 capital"},"geometry":{"type":"Point","coordinates":[-79.534983,8.969963]}},{"type":"Feature","id":1159150669,"properties":{"name":"Fez","name:zh":"非斯","name:en":"Fez","wikidata":"Q80985","country_code":"MA","population":1002000,"class":"city","rank":4,"minzoom":5,"capital":false,"region_capital":true,"source_class":"Admin-1 capital"},"geometry":{"type":"Point","coordinates":[-5.002323,34.056545]}},{"type":"Feature","id":1159150673,"properties":{"name":"Rabat","name:zh":"拉巴特","name:en":"Rabat","wikidata":"Q3551","country_code":"MA","population":1705000,"class":"city","rank":4,"minzoom":5,"capital":true,"region_capital":false,"source_class":"Admin-0 capital"},"geometry":{"type":"Point","coordinates":[-6.836408,34.025307]}},{"type":"Feature","id":1159150675,"properties":{"name":"Marrakesh","name:zh":"马拉喀什","name:en":"Marrakesh","wikidata":"Q101625","country_code":"MA","population":872000,"class":"city","rank":4,"minzoom":5,"capital":false,"region_capital":true,"source_class":"Admin-1 capital"},"geometry":{"type":"Point","coordinates":[-8.001933,31.631939]}},{"type":"Feature","id":1159150677,"properties":{"name":"Chișinău","name:zh":"基希讷乌","name:en":"Chișinău","wikidata":"Q21197","country_code":"MD","population":688134,"class":"city","rank":4,"minzoom":5,"capital":true,"region_capital":false,"source_class":"Admin-0 capital"},"geometry":{"type":"Point","coordinates":[28.857711,47.005024]}},{"type":"Feature","id":1159150679,"properties":{"name":"Beira","name:zh":"贝拉","name:en":"Beira","wikidata":"Q211563","country_code":"MZ","population":530604,"class":"city","rank":4,"minzoom":5,"capital":false,"region_capital":true,"source_class":"Admin-1 capital"},"geometry":{"type":"Point","coordinates":[34.870006,-19.820045]}},{"type":"Feature","id":1159150681,"properties":{"name":"Port Elizabeth","name:zh":"伊莉莎白港","name:en":"Port Elizabeth","wikidata":"Q125434","country_code":"ZA","population":1021000,"class":"city","rank":4,"minzoom":5,"capital":false,"region_capital":false,"source_class":"Populated place"},"geometry":{"type":"Point","coordinates":[25.598083,-33.968088]}},{"type":"Feature","id":1159150683,"properties":{"name":"Maputo","name:zh":"马普托","name:en":"Maputo","wikidata":"Q3889","country_code":"MZ","population":1446000,"class":"city","rank":4,"minzoom":5,"capital":true,"region_capital":false,"source_class":"Admin-0 capital"},"geometry":{"type":"Point","coordinates":[32.587217,-25.953332]}},{"type":"Feature","id":1159150685,"properties":{"name":"Tomsk","name:zh":"托木斯克","name:en":"Tomsk","wikidata":"Q976","country_code":"RU","population":535479,"class":"city","rank":4,"minzoom":4,"capital":false,"region_capital":true,"source_class":"Admin-1 capital"},"geometry":{"type":"Point","coordinates":[84.975009,56.494987]}},{"type":"Feature","id":1159150687,"properties":{"name":"Anadyr","name:zh":"阿纳德尔","name:en":"Anadyr","wikidata":"Q7978","country_code":"RU","population":10332,"class":"city","rank":4,"minzoom":5,"capital":false,"region_capital":true,"source_class":"Admin-1 capital"},"geometry":{"type":"Point","coordinates":[177.474996,64.73699]}},{"type":"Feature","id":1159150691,"properties":{"name":"Murmansk","name:zh":"摩尔曼斯克","name:en":"Murmansk","wikidata":"Q1763","country_code":"RU","population":319263,"class":"city","rank":4,"minzoom":3.7,"capital":false,"region_capital":true,"source_class":"Admin-1 capital"},"geometry":{"type":"Point","coordinates":[33.100036,68.969988]}},{"type":"Feature","id":1159150693,"properties":{"name":"Archangel","name:zh":"阿尔汉格尔斯克","name:en":"Arkhangelsk","wikidata":"Q1851","country_code":"RU","population":356051,"class":"city","rank":4,"minzoom":4,"capital":false,"region_capital":true,"source_class":"Admin-1 capital"},"geometry":{"type":"Point","coordinates":[40.545008,64.574959]}},{"type":"Feature","id":1159150695,"properties":{"name":"Nizhny Novgorod","name:zh":"下诺夫哥罗德","name:en":"Nizhny Novgorod","wikidata":"Q891","country_code":"RU","population":1278000,"class":"city","rank":4,"minzoom":5,"capital":false,"region_capital":true,"source_class":"Admin-1 capital"},"geometry":{"type":"Point","coordinates":[43.998148,56.334953]}},{"type":"Feature","id":1159150697,"properties":{"name":"Volgograd","name:zh":"伏尔加格勒","name:en":"Volgograd","wikidata":"Q914","country_code":"RU","population":984000,"class":"city","rank":4,"minzoom":4,"capital":false,"region_capital":true,"source_class":"Admin-1 capital"},"geometry":{"type":"Point","coordinates":[44.498015,48.711956]}},{"type":"Feature","id":1159150699,"properties":{"name":"Ufa","name:zh":"乌法","name:en":"Ufa","wikidata":"Q911","country_code":"RU","population":1018000,"class":"city","rank":4,"minzoom":5,"capital":false,"region_capital":true,"source_class":"Admin-1 capital"},"geometry":{"type":"Point","coordinates":[56.038085,54.791921]}},{"type":"Feature","id":1159150701,"properties":{"name":"Yekaterinburg","name:zh":"叶卡捷琳堡","name:en":"Yekaterinburg","wikidata":"Q887","country_code":"RU","population":1313000,"class":"city","rank":4,"minzoom":5,"capital":false,"region_capital":true,"source_class":"Admin-1 capital"},"geometry":{"type":"Point","coordinates":[60.598014,56.851976]}},{"type":"Feature","id":1159150703,"properties":{"name":"Samara","name:zh":"萨马拉","name:en":"Samara","wikidata":"Q894","country_code":"RU","population":1137000,"class":"city","rank":4,"minzoom":3.7,"capital":false,"region_capital":true,"source_class":"Admin-1 capital"},"geometry":{"type":"Point","coordinates":[50.149349,53.196953]}},{"type":"Feature","id":1159150705,"properties":{"name":"Kazan","name:zh":"喀山","name:en":"Kazan","wikidata":"Q900","country_code":"RU","population":1115000,"class":"city","rank":4,"minzoom":5,"capital":false,"region_capital":true,"source_class":"Admin-1 capital"},"geometry":{"type":"Point","coordinates":[49.124399,55.751888]}},{"type":"Feature","id":1159150709,"properties":{"name":"Surgut","name:zh":"苏尔古特","name:en":"Surgut","wikidata":"Q183002","country_code":"RU","population":400000,"class":"city","rank":4,"minzoom":4,"capital":false,"region_capital":false,"source_class":"Populated place"},"geometry":{"type":"Point","coordinates":[73.425017,61.259942]}},{"type":"Feature","id":1159150711,"properties":{"name":"Barnaul","name:zh":"巴尔瑙尔","name:en":"Barnaul","wikidata":"Q6014","country_code":"RU","population":599579,"class":"city","rank":4,"minzoom":5,"capital":false,"region_capital":true,"source_class":"Admin-1 capital"},"geometry":{"type":"Point","coordinates":[83.745007,53.354998]}},{"type":"Feature","id":1159150713,"properties":{"name":"Novosibirsk","name:zh":"新西伯利亚","name:en":"Novosibirsk","wikidata":"Q883","country_code":"RU","population":1389000,"class":"city","rank":4,"minzoom":5,"capital":false,"region_capital":true,"source_class":"Admin-1 capital"},"geometry":{"type":"Point","coordinates":[82.958096,55.031906]}},{"type":"Feature","id":1159150715,"properties":{"name":"Mogadishu","name:zh":"摩加迪休","name:en":"Mogadishu","wikidata":"Q2449","country_code":"SO","population":1100000,"class":"city","rank":4,"minzoom":4,"capital":true,"region_capital":false,"source_class":"Admin-0 capital"},"geometry":{"type":"Point","coordinates":[45.364732,2.068627]}},{"type":"Feature","id":1159150717,"properties":{"name":"Muscat","name:zh":"马斯喀特","name:en":"Muscat","wikidata":"Q3826","country_code":"OM","population":734697,"class":"city","rank":4,"minzoom":5,"capital":true,"region_capital":false,"source_class":"Admin-0 capital"},"geometry":{"type":"Point","coordinates":[58.378311,23.585179]}},{"type":"Feature","id":1159150719,"properties":{"name":"Colombo","name:zh":"科伦坡","name:en":"Colombo","wikidata":"Q35381","country_code":"LK","population":217000,"class":"city","rank":4,"minzoom":5,"capital":true,"region_capital":false,"source_class":"Admin-0 capital"},"geometry":{"type":"Point","coordinates":[79.857751,6.931966]}},{"type":"Feature","id":1159150721,"properties":{"name":"Cebu","name:zh":"宿雾","name:en":"Cebu City","wikidata":"Q1467","country_code":"PH","population":815000,"class":"city","rank":4,"minzoom":4,"capital":false,"region_capital":false,"source_class":"Populated place"},"geometry":{"type":"Point","coordinates":[123.898129,10.321922]}},{"type":"Feature","id":1159150723,"properties":{"name":"Iloilo","name:zh":"伊洛伊洛","name:en":"Iloilo City","wikidata":"Q459787","country_code":"PH","population":387681,"class":"city","rank":4,"minzoom":5,"capital":false,"region_capital":false,"source_class":"Populated place"},"geometry":{"type":"Point","coordinates":[122.545016,10.705043]}},{"type":"Feature","id":1159150727,"properties":{"name":"Davao","name:zh":"达沃","name:en":"Davao City","wikidata":"Q1473","country_code":"PH","population":1402000,"class":"city","rank":4,"minzoom":5,"capital":false,"region_capital":false,"source_class":"Populated place"},"geometry":{"type":"Point","coordinates":[125.62805,7.111963]}},{"type":"Feature","id":1159150729,"properties":{"name":"Bratsk","name:zh":"布拉茨克","name:en":"Bratsk","wikidata":"Q132732","country_code":"RU","population":246348,"class":"city","rank":4,"minzoom":5,"capital":false,"region_capital":false,"source_class":"Populated place"},"geometry":{"type":"Point","coordinates":[101.615027,56.156997]}},{"type":"Feature","id":1159150731,"properties":{"name":"Irkutsk","name:zh":"伊尔库茨克","name:en":"Irkutsk","wikidata":"Q6576","country_code":"RU","population":586695,"class":"city","rank":4,"minzoom":3.7,"capital":false,"region_capital":true,"source_class":"Admin-1 capital"},"geometry":{"type":"Point","coordinates":[104.283869,52.284604]}},{"type":"Feature","id":1159150733,"properties":{"name":"Krasnoyarsk","name:zh":"克拉斯诺亚尔斯克","name:en":"Krasnoyarsk","wikidata":"Q919","country_code":"RU","population":925000,"class":"city","rank":4,"minzoom":5,"capital":false,"region_capital":true,"source_class":"Admin-1 capital"},"geometry":{"type":"Point","coordinates":[92.864055,56.015929]}},{"type":"Feature","id":1159150735,"properties":{"name":"Dikson","name:zh":"迪克森","name:en":"Dikson","wikidata":"Q678299","country_code":"RU","population":1113,"class":"city","rank":4,"minzoom":5,"capital":false,"region_capital":false,"source_class":"Populated place"},"geometry":{"type":"Point","coordinates":[80.545099,73.506972]}},{"type":"Feature","id":1159150737,"properties":{"name":"Chita","name:zh":"赤塔","name:en":"Chita","wikidata":"Q53139","country_code":"RU","population":308500,"class":"city","rank":4,"minzoom":5,"capital":false,"region_capital":true,"source_class":"Admin-1 capital"},"geometry":{"type":"Point","coordinates":[113.465002,52.055025]}},{"type":"Feature","id":1159150739,"properties":{"name":"Vladivostok","name:zh":"海参崴","name:en":"Vladivostok","wikidata":"Q959","country_code":"RU","population":587022,"class":"city","rank":4,"minzoom":5,"capital":false,"region_capital":true,"source_class":"Admin-1 capital"},"geometry":{"type":"Point","coordinates":[131.910026,43.130015]}},{"type":"Feature","id":1159150741,"properties":{"name":"Nizhneyansk","name:zh":"下揚斯克","name:en":"Nizhneyansk","wikidata":"Q1993488","country_code":"RU","population":400,"class":"city","rank":4,"minzoom":5,"capital":false,"region_capital":false,"source_class":"Populated place"},"geometry":{"type":"Point","coordinates":[136.066619,71.433326]}},{"type":"Feature","id":1159150745,"properties":{"name":"Yakutsk","name:zh":"雅库茨克","name:en":"Yakutsk","wikidata":"Q6610","country_code":"RU","population":235600,"class":"city","rank":4,"minzoom":4,"capital":false,"region_capital":true,"source_class":"Admin-1 capital"},"geometry":{"type":"Point","coordinates":[129.735016,62.034959]}},{"type":"Feature","id":1159150747,"properties":{"name":"Tiksi","name:zh":"季克西","name:en":"Tiksi","wikidata":"Q500895","country_code":"RU","population":5700,"class":"city","rank":4,"minzoom":4,"capital":false,"region_capital":false,"source_class":"Populated place"},"geometry":{"type":"Point","coordinates":[128.834967,71.626886]}},{"type":"Feature","id":1159150749,"properties":{"name":"Magadan","name:zh":"马加丹","name:en":"Magadan","wikidata":"Q7968","country_code":"RU","population":95282,"class":"city","rank":4,"minzoom":3.7,"capital":false,"region_capital":true,"source_class":"Admin-1 capital"},"geometry":{"type":"Point","coordinates":[150.810009,59.57498]}},{"type":"Feature","id":1159150751,"properties":{"name":"Tijuana","name:zh":"蒂华纳","name:en":"Tijuana","wikidata":"Q124739","country_code":"MX","population":1553000,"class":"city","rank":4,"minzoom":5,"capital":false,"region_capital":false,"source_class":"Populated place"},"geometry":{"type":"Point","coordinates":[-117.081942,32.501963]}},{"type":"Feature","id":1159150753,"properties":{"name":"Chihuahua","name:zh":"奇瓦瓦","name:en":"Chihuahua City","wikidata":"Q61302","country_code":"MX","population":793000,"class":"city","rank":4,"minzoom":4,"capital":false,"region_capital":true,"source_class":"Admin-1 capital"},"geometry":{"type":"Point","coordinates":[-106.086928,28.646927]}},{"type":"Feature","id":1159150755,"properties":{"name":"Mazatlán","name:zh":"马萨特兰","name:en":"Juarez","wikidata":"Q40194","country_code":"MX","population":368204,"class":"city","rank":4,"minzoom":5,"capital":false,"region_capital":false,"source_class":"Populated place"},"geometry":{"type":"Point","coordinates":[-106.420001,23.221101]}},{"type":"Feature","id":1159150757,"properties":{"name":"Tampico","name:zh":"坦皮科","name:en":"Ciudad Madero Tamaulipas","wikidata":"Q273014","country_code":"MX","population":859419,"class":"city","rank":4,"minzoom":5,"capital":false,"region_capital":false,"source_class":"Populated place"},"geometry":{"type":"Point","coordinates":[-97.870006,22.30002]}},{"type":"Feature","id":1159150759,"properties":{"name":"Acapulco","name:zh":"阿卡普尔科","name:en":"Acapulco de Juárez","wikidata":"Q81398","country_code":"MX","population":715584,"class":"city","rank":4,"minzoom":5,"capital":false,"region_capital":false,"source_class":"Populated place"},"geometry":{"type":"Point","coordinates":[-99.915979,16.849991]}},{"type":"Feature","id":1159150763,"properties":{"name":"Veracruz","name:zh":"韦拉克鲁斯","name:en":"Veracruz","wikidata":"Q173270","country_code":"MX","population":578963,"class":"city","rank":4,"minzoom":5,"capital":false,"region_capital":false,"source_class":"Populated place"},"geometry":{"type":"Point","coordinates":[-96.159981,19.177342]}},{"type":"Feature","id":1159150765,"properties":{"name":"Tuxtla Gutiérrez","name:zh":"图斯特拉－古铁雷斯","name:en":"Tuxtla Gutiérrez","wikidata":"Q207429","country_code":"MX","population":481128,"class":"city","rank":4,"minzoom":5,"capital":false,"region_capital":true,"source_class":"Admin-1 capital"},"geometry":{"type":"Point","coordinates":[-93.15001,16.749997]}},{"type":"Feature","id":1159150767,"properties":{"name":"Cancún","name:zh":"坎昆","name:en":"Cancun","wikidata":"Q8969","country_code":"MX","population":542043,"class":"city","rank":4,"minzoom":4,"capital":false,"region_capital":false,"source_class":"Populated place"},"geometry":{"type":"Point","coordinates":[-86.830008,21.16996]}},{"type":"Feature","id":1159150769,"properties":{"name":"Mérida","name:zh":"梅里达","name:en":"Mérida","wikidata":"Q165204","country_code":"MX","population":965000,"class":"city","rank":4,"minzoom":5,"capital":false,"region_capital":true,"source_class":"Admin-1 capital"},"geometry":{"type":"Point","coordinates":[-89.618579,20.968585]}},{"type":"Feature","id":1159150771,"properties":{"name":"Enugu","name:zh":"埃努古","name:en":"Enugu","wikidata":"Q465022","country_code":"NG","population":688862,"class":"city","rank":4,"minzoom":5,"capital":false,"region_capital":true,"source_class":"Admin-1 capital"},"geometry":{"type":"Point","coordinates":[7.499997,6.450031]}},{"type":"Feature","id":1159150773,"properties":{"name":"Sokoto","name:zh":"索科托","name:en":"Sokoto","wikidata":"Q336350","country_code":"NG","population":732178,"class":"city","rank":4,"minzoom":5,"capital":false,"region_capital":true,"source_class":"Admin-1 capital"},"geometry":{"type":"Point","coordinates":[5.240031,13.060016]}},{"type":"Feature","id":1159150775,"properties":{"name":"Perm","name:zh":"彼尔姆","name:en":"Perm","wikidata":"Q915","country_code":"RU","population":997000,"class":"city","rank":4,"minzoom":4,"capital":false,"region_capital":true,"source_class":"Admin-1 capital"},"geometry":{"type":"Point","coordinates":[56.248047,58.001906]}},{"type":"Feature","id":1159150777,"properties":{"name":"Erdenet","name:zh":"额尔登特","name:en":"Erdenet","wikidata":"Q230628","country_code":"MN","population":79647,"class":"city","rank":4,"minzoom":5,"capital":false,"region_capital":true,"source_class":"Admin-1 capital"},"geometry":{"type":"Point","coordinates":[104.118337,49.053297]}},{"type":"Feature","id":1159150781,"properties":{"name":"Ulaanbaatar","name:zh":"乌兰巴托","name:en":"Ulaanbaatar","wikidata":"Q23430","country_code":"MN","population":885000,"class":"city","rank":4,"minzoom":4,"capital":true,"region_capital":false,"source_class":"Admin-0 capital"},"geometry":{"type":"Point","coordinates":[106.91467,47.918619]}},{"type":"Feature","id":1159150783,"properties":{"name":"Mbeya","name:zh":"姆贝亚","name:en":"Mbeya","wikidata":"Q335548","country_code":"TZ","population":291649,"class":"city","rank":4,"minzoom":5,"capital":false,"region_capital":true,"source_class":"Admin-1 capital"},"geometry":{"type":"Point","coordinates":[33.430042,-8.890014]}},{"type":"Feature","id":1159150785,"properties":{"name":"Windhoek","name:zh":"温得和克","name:en":"Windhoek","wikidata":"Q3935","country_code":"NA","population":268132,"class":"city","rank":4,"minzoom":5,"capital":true,"region_capital":false,"source_class":"Admin-0 capital"},"geometry":{"type":"Point","coordinates":[17.083546,-22.570006]}},{"type":"Feature","id":1159150787,"properties":{"name":"Grootfontein","name:zh":"赫鲁特方丹","name:en":"Grootfontein","wikidata":"Q986336","country_code":"NA","population":24099,"class":"city","rank":4,"minzoom":5,"capital":false,"region_capital":false,"source_class":"Populated place"},"geometry":{"type":"Point","coordinates":[18.116558,-19.566623]}},{"type":"Feature","id":1159150789,"properties":{"name":"Zanzibar","name:zh":"桑给巴尔","name:en":"Zanzibar City","wikidata":"Q2222874","country_code":"TZ","population":403658,"class":"city","rank":4,"minzoom":5,"capital":false,"region_capital":true,"source_class":"Admin-1 capital"},"geometry":{"type":"Point","coordinates":[39.200026,-6.16]}},{"type":"Feature","id":1159150791,"properties":{"name":"Valencia","name:zh":"巴伦西亚","name:en":"Valencia","wikidata":"Q8818","country_code":"ES","population":808000,"class":"city","rank":4,"minzoom":4.7,"capital":false,"region_capital":true,"source_class":"Admin-1 capital"},"geometry":{"type":"Point","coordinates":[-0.401958,39.486963]}},{"type":"Feature","id":1159150793,"properties":{"name":"Palana","name:zh":"帕拉纳","name:en":"Palana","wikidata":"Q695360","country_code":"RU","population":3671,"class":"city","rank":4,"minzoom":5,"capital":false,"region_capital":true,"source_class":"Admin-1 capital"},"geometry":{"type":"Point","coordinates":[159.950019,59.084002]}},{"type":"Feature","id":1159150795,"properties":{"name":"Petropavlovsk-Kamchatsky","name:zh":"堪察加彼得巴甫洛夫斯克","name:en":"Petropavlovsk-Kamchatsky","wikidata":"Q7951","country_code":"RU","population":187282,"class":"city","rank":4,"minzoom":5,"capital":false,"region_capital":true,"source_class":"Admin-1 capital"},"geometry":{"type":"Point","coordinates":[158.62302,53.061992]}},{"type":"Feature","id":1159150799,"properties":{"name":"Abuja","name:zh":"阿布贾","name:en":"Abuja","wikidata":"Q3787","country_code":"NG","population":1576000,"class":"city","rank":4,"minzoom":4,"capital":true,"region_capital":false,"source_class":"Admin-0 capital"},"geometry":{"type":"Point","coordinates":[7.489505,9.05462]}},{"type":"Feature","id":1159150801,"properties":{"name":"Padang","name:zh":"巴东","name:en":"Padang","wikidata":"Q7253","country_code":"ID","population":855000,"class":"city","rank":4,"minzoom":5,"capital":false,"region_capital":true,"source_class":"Admin-1 capital"},"geometry":{"type":"Point","coordinates":[100.358068,-0.958061]}},{"type":"Feature","id":1159150803,"properties":{"name":"Bissau","name:zh":"比绍","name:en":"Bissau","wikidata":"Q3739","country_code":"GW","population":403339,"class":"city","rank":4,"minzoom":5,"capital":true,"region_capital":false,"source_class":"Admin-0 capital"},"geometry":{"type":"Point","coordinates":[-15.598361,11.865024]}},{"type":"Feature","id":1159150805,"properties":{"name":"Palermo","name:zh":"巴勒莫","name:en":"Palermo","wikidata":"Q2656","country_code":"IT","population":863000,"class":"city","rank":4,"minzoom":5,"capital":false,"region_capital":true,"source_class":"Admin-1 region capital"},"geometry":{"type":"Point","coordinates":[13.348081,38.126969]}},{"type":"Feature","id":1159150807,"properties":{"name":"Amman","name:zh":"安曼","name:en":"Amman","wikidata":"Q3805","country_code":"JO","population":1060000,"class":"city","rank":4,"minzoom":5,"capital":true,"region_capital":false,"source_class":"Admin-0 capital"},"geometry":{"type":"Point","coordinates":[35.931354,31.951971]}},{"type":"Feature","id":1159150809,"properties":{"name":"Vilnius","name:zh":"维尔纽斯","name:en":"Vilnius","wikidata":"Q216","country_code":"LT","population":542366,"class":"city","rank":4,"minzoom":5,"capital":true,"region_capital":false,"source_class":"Admin-0 capital"},"geometry":{"type":"Point","coordinates":[25.316635,54.683366]}},{"type":"Feature","id":1159150811,"properties":{"name":"Riga","name:zh":"里加","name:en":"Riga","wikidata":"Q1773","country_code":"LV","population":742572,"class":"city","rank":4,"minzoom":4,"capital":true,"region_capital":false,"source_class":"Admin-0 capital"},"geometry":{"type":"Point","coordinates":[24.099965,56.950024]}},{"type":"Feature","id":1159150813,"properties":{"name":"Bishkek","name:zh":"比什凯克","name:en":"Bishkek","wikidata":"Q9361","country_code":"KG","population":837000,"class":"city","rank":4,"minzoom":5,"capital":true,"region_capital":false,"source_class":"Admin-0 capital"},"geometry":{"type":"Point","coordinates":[74.583258,42.875025]}},{"type":"Feature","id":1159150817,"properties":{"name":"Jiayuguan","name:zh":"嘉峪关","name:en":"Jiayuguan City","wikidata":"Q532560","country_code":"CN","population":148279,"class":"city","rank":4,"minzoom":5,"capital":false,"region_capital":false,"source_class":"Populated place"},"geometry":{"type":"Point","coordinates":[98.299984,39.82001]}},{"type":"Feature","id":1159150819,"properties":{"name":"Xining","name:zh":"西宁","name:en":"Xining","wikidata":"Q69060","country_code":"CN","population":1048000,"class":"city","rank":4,"minzoom":4.7,"capital":false,"region_capital":true,"source_class":"Admin-1 capital"},"geometry":{"type":"Point","coordinates":[101.768059,36.621944]}},{"type":"Feature","id":1159150821,"properties":{"name":"Guilin","name:zh":"桂林","name:en":"Guilin","wikidata":"Q189633","country_code":"CN","population":987000,"class":"city","rank":4,"minzoom":5,"capital":false,"region_capital":false,"source_class":"Populated place"},"geometry":{"type":"Point","coordinates":[110.278082,25.281939]}},{"type":"Feature","id":1159150823,"properties":{"name":"Huainan","name:zh":"淮南","name:en":"Huainan","wikidata":"Q360178","country_code":"CN","population":1451000,"class":"city","rank":4,"minzoom":5,"capital":false,"region_capital":false,"source_class":"Populated place"},"geometry":{"type":"Point","coordinates":[116.978035,32.63193]}},{"type":"Feature","id":1159150825,"properties":{"name":"Shantou","name:zh":"汕头","name:en":"Shantou","wikidata":"Q59100","country_code":"CN","population":1601000,"class":"city","rank":4,"minzoom":5,"capital":false,"region_capital":false,"source_class":"Populated place"},"geometry":{"type":"Point","coordinates":[116.66808,23.371952]}},{"type":"Feature","id":1159150827,"properties":{"name":"Tarakan","name:zh":"打拉根","name:en":"Tarakan","wikidata":"Q14501","country_code":"ID","population":193069,"class":"city","rank":4,"minzoom":5,"capital":false,"region_capital":false,"source_class":"Populated place"},"geometry":{"type":"Point","coordinates":[117.633016,3.300017]}},{"type":"Feature","id":1159150829,"properties":{"name":"Mombasa","name:zh":"蒙巴萨","name:en":"Mombasa","wikidata":"Q225641","country_code":"KE","population":882000,"class":"city","rank":4,"minzoom":5,"capital":false,"region_capital":true,"source_class":"Admin-1 capital"},"geometry":{"type":"Point","coordinates":[39.687972,-4.03808]}},{"type":"Feature","id":1159150831,"properties":{"name":"Maseru","name:zh":"马塞卢","name:en":"Maseru","wikidata":"Q3909","country_code":"LS","population":361324,"class":"city","rank":4,"minzoom":5,"capital":true,"region_capital":false,"source_class":"Admin-0 capital"},"geometry":{"type":"Point","coordinates":[27.483273,-29.316674]}},{"type":"Feature","id":1159150835,"properties":{"name":"Antananarivo","name:zh":"塔那那利佛","name:en":"Antananarivo","wikidata":"Q3915","country_code":"MG","population":1697000,"class":"city","rank":4,"minzoom":5,"capital":true,"region_capital":false,"source_class":"Admin-0 capital"},"geometry":{"type":"Point","coordinates":[47.514678,-18.914691]}},{"type":"Feature","id":1159150837,"properties":{"name":"Semarang","name:zh":"三宝垄","name:en":"Semarang","wikidata":"Q11025","country_code":"ID","population":1396000,"class":"city","rank":4,"minzoom":5,"capital":false,"region_capital":true,"source_class":"Admin-1 capital"},"geometry":{"type":"Point","coordinates":[110.418074,-6.964672]}},{"type":"Feature","id":1159150839,"properties":{"name":"Palembang","name:zh":"巨港","name:en":"Palembang","wikidata":"Q8131","country_code":"ID","population":1749000,"class":"city","rank":4,"minzoom":5,"capital":false,"region_capital":true,"source_class":"Admin-1 capital"},"geometry":{"type":"Point","coordinates":[104.748084,-2.978093]}},{"type":"Feature","id":1159150841,"properties":{"name":"Bandjarmasin","name:zh":"马辰","name:en":"Banjarmasin","wikidata":"Q14182","country_code":"ID","population":603576,"class":"city","rank":4,"minzoom":5,"capital":false,"region_capital":true,"source_class":"Admin-1 capital"},"geometry":{"type":"Point","coordinates":[114.580076,-3.329992]}},{"type":"Feature","id":1159150843,"properties":{"name":"Makassar","name:zh":"望加锡","name:en":"Makassar","wikidata":"Q14634","country_code":"ID","population":1262000,"class":"city","rank":4,"minzoom":5,"capital":false,"region_capital":true,"source_class":"Admin-1 capital"},"geometry":{"type":"Point","coordinates":[119.430082,-5.138013]}},{"type":"Feature","id":1159150845,"properties":{"name":"Lyon","name:zh":"里昂","name:en":"Lyon","wikidata":"Q456","country_code":"FR","population":1423000,"class":"city","rank":4,"minzoom":4.7,"capital":false,"region_capital":true,"source_class":"Admin-1 region capital"},"geometry":{"type":"Point","coordinates":[4.828085,45.771954]}},{"type":"Feature","id":1159150847,"properties":{"name":"Quito","name:zh":"基多","name:en":"Quito","wikidata":"Q2900","country_code":"EC","population":1701000,"class":"city","rank":4,"minzoom":4,"capital":true,"region_capital":false,"source_class":"Admin-0 capital"},"geometry":{"type":"Point","coordinates":[-78.501997,-0.213042]}},{"type":"Feature","id":1159150849,"properties":{"name":"San José","name:zh":"圣荷西","name:en":"San José","wikidata":"Q3070","country_code":"CR","population":1284000,"class":"city","rank":4,"minzoom":5,"capital":true,"region_capital":false,"source_class":"Admin-0 capital"},"geometry":{"type":"Point","coordinates":[-84.078814,9.930371]}},{"type":"Feature","id":1159150853,"properties":{"name":"San Salvador","name:zh":"圣萨尔瓦多","name:en":"San Salvador","wikidata":"Q3110","country_code":"SV","population":1433000,"class":"city","rank":4,"minzoom":5,"capital":true,"region_capital":false,"source_class":"Admin-0 capital"},"geometry":{"type":"Point","coordinates":[-89.215576,13.70328]}},{"type":"Feature","id":1159150855,"properties":{"name":"Kingston","name:zh":"京斯敦","name:en":"Kingston","wikidata":"Q34692","country_code":"JM","population":937700,"class":"city","rank":4,"minzoom":5,"capital":true,"region_capital":false,"source_class":"Admin-0 capital"},"geometry":{"type":"Point","coordinates":[-76.767434,17.977077]}},{"type":"Feature","id":1159150857,"properties":{"name":"Cartagena","name:zh":"卡塔赫纳","name:en":"Cartagena","wikidata":"Q657461","country_code":"CO","population":887000,"class":"city","rank":4,"minzoom":5,"capital":false,"region_capital":true,"source_class":"Admin-1 capital"},"geometry":{"type":"Point","coordinates":[-75.516339,10.401684]}},{"type":"Feature","id":1159150859,"properties":{"name":"Mitú","name:zh":"米图","name:en":"Mitú","wikidata":"Q130242","country_code":"CO","population":5917,"class":"city","rank":4,"minzoom":5,"capital":false,"region_capital":true,"source_class":"Admin-1 capital"},"geometry":{"type":"Point","coordinates":[-70.173608,1.198311]}},{"type":"Feature","id":1159150861,"properties":{"name":"Bumba","name:zh":"奔巴","name:en":"Bumba","wikidata":"Q1004822","country_code":"CD","population":160539,"class":"city","rank":4,"minzoom":5,"capital":false,"region_capital":false,"source_class":"Populated place"},"geometry":{"type":"Point","coordinates":[22.459962,2.189981]}},{"type":"Feature","id":1159150863,"properties":{"name":"N'Djamena","name:zh":"恩贾梅纳","name:en":"N'Djamena","wikidata":"Q3659","country_code":"TD","population":989000,"class":"city","rank":4,"minzoom":5,"capital":true,"region_capital":false,"source_class":"Admin-0 capital"},"geometry":{"type":"Point","coordinates":[15.047202,12.115042]}},{"type":"Feature","id":1159150865,"properties":{"name":"Abéché","name:zh":"阿贝歇","name:en":"Abéché","wikidata":"Q242587","country_code":"TD","population":158317,"class":"city","rank":4,"minzoom":5,"capital":false,"region_capital":true,"source_class":"Admin-1 capital"},"geometry":{"type":"Point","coordinates":[20.829984,13.839994]}},{"type":"Feature","id":1159150867,"properties":{"name":"Malabo","name:zh":"马拉博","name:en":"Malabo","wikidata":"Q3818","country_code":"GQ","population":155963,"class":"city","rank":4,"minzoom":5,"capital":true,"region_capital":false,"source_class":"Admin-0 capital"},"geometry":{"type":"Point","coordinates":[8.783278,3.750015]}},{"type":"Feature","id":1159150871,"properties":{"name":"Luxor","name:zh":"卢克索","name:en":"Luxor","wikidata":"Q130514","country_code":"EG","population":609248,"class":"city","rank":4,"minzoom":5,"capital":false,"region_capital":false,"source_class":"Populated place"},"geometry":{"type":"Point","coordinates":[32.650038,25.700019]}},{"type":"Feature","id":1159150873,"properties":{"name":"Asmara","name:zh":"阿斯马拉","name:en":"Asmara","wikidata":"Q3642","country_code":"ER","population":620802,"class":"city","rank":4,"minzoom":5,"capital":true,"region_capital":false,"source_class":"Admin-0 capital"},"geometry":{"type":"Point","coordinates":[38.933324,15.333339]}},{"type":"Feature","id":1159150875,"properties":{"name":"Zagreb","name:zh":"萨格勒布","name:en":"Zagreb","wikidata":"Q1435","country_code":"HR","population":722526,"class":"city","rank":4,"minzoom":5,"capital":true,"region_capital":false,"source_class":"Admin-0 capital"},"geometry":{"type":"Point","coordinates":[15.999995,45.800007]}},{"type":"Feature","id":1159150877,"properties":{"name":"Tallinn","name:zh":"塔林","name:en":"Tallinn","wikidata":"Q1770","country_code":"EE","population":394024,"class":"city","rank":4,"minzoom":5,"capital":true,"region_capital":false,"source_class":"Admin-0 capital"},"geometry":{"type":"Point","coordinates":[24.728041,59.433877]}},{"type":"Feature","id":1159150879,"properties":{"name":"Lhasa","name:zh":"拉萨","name:en":"Lhasa","wikidata":"Q5869","country_code":"CN","population":219599,"class":"city","rank":4,"minzoom":4,"capital":false,"region_capital":true,"source_class":"Admin-1 capital"},"geometry":{"type":"Point","coordinates":[91.10001,29.645024]}},{"type":"Feature","id":1159150881,"properties":{"name":"Hami","name:zh":"伊州区","name:en":"Yizhou","wikidata":"Q650585","country_code":"CN","population":580000,"class":"city","rank":4,"minzoom":5,"capital":false,"region_capital":false,"source_class":"Populated place"},"geometry":{"type":"Point","coordinates":[93.515005,42.826984]}},{"type":"Feature","id":1159150883,"properties":{"name":"Hotan","name:zh":"和田","name:en":"Hotan","wikidata":"Q235389","country_code":"CN","population":408894,"class":"city","rank":4,"minzoom":4,"capital":false,"region_capital":false,"source_class":"Populated place"},"geometry":{"type":"Point","coordinates":[79.926945,37.099711]}},{"type":"Feature","id":1159150885,"properties":{"name":"Kashgar","name:zh":"喀什","name:en":"Kashgar City","wikidata":"Q170521","country_code":"CN","population":506640,"class":"city","rank":4,"minzoom":5,"capital":false,"region_capital":false,"source_class":"Populated place"},"geometry":{"type":"Point","coordinates":[75.969926,39.476336]}},{"type":"Feature","id":1159150889,"properties":{"name":"Yinchuan","name:zh":"银川","name:en":"Yinchuan","wikidata":"Q211243","country_code":"CN","population":991000,"class":"city","rank":4,"minzoom":5,"capital":false,"region_capital":true,"source_class":"Admin-1 capital"},"geometry":{"type":"Point","coordinates":[106.271092,38.46992]}},{"type":"Feature","id":1159150891,"properties":{"name":"Pingxiang","name:zh":"萍乡","name:en":"Pingxiang","wikidata":"Q362865","country_code":"CN","population":961000,"class":"city","rank":4,"minzoom":5,"capital":false,"region_capital":false,"source_class":"Populated place"},"geometry":{"type":"Point","coordinates":[113.848097,27.621951]}},{"type":"Feature","id":1159150893,"properties":{"name":"Nagasaki","name:zh":"长崎","name:en":"Nagasaki","wikidata":"Q38234","country_code":"JP","population":435455,"class":"city","rank":4,"minzoom":5,"capital":false,"region_capital":true,"source_class":"Admin-1 capital"},"geometry":{"type":"Point","coordinates":[129.885033,32.764988]}},{"type":"Feature","id":1159150895,"properties":{"name":"Qiqihar","name:zh":"齐齐哈尔","name:en":"Qiqihar","wikidata":"Q205922","country_code":"CN","population":1641000,"class":"city","rank":4,"minzoom":4,"capital":false,"region_capital":false,"source_class":"Populated place"},"geometry":{"type":"Point","coordinates":[123.988046,47.346923]}},{"type":"Feature","id":1159150897,"properties":{"name":"Kikwit","name:zh":"基奎特","name:en":"Kikwit","wikidata":"Q261887","country_code":"CD","population":637736,"class":"city","rank":4,"minzoom":5,"capital":false,"region_capital":false,"source_class":"Populated place"},"geometry":{"type":"Point","coordinates":[18.850002,-5.030043]}},{"type":"Feature","id":1159150899,"properties":{"name":"Matadi","name:zh":"马塔迪","name:en":"Matadi","wikidata":"Q211073","country_code":"CD","population":245862,"class":"city","rank":4,"minzoom":5,"capital":false,"region_capital":true,"source_class":"Admin-1 capital"},"geometry":{"type":"Point","coordinates":[13.450021,-5.81661]}},{"type":"Feature","id":1159150901,"properties":{"name":"Kolwezi","name:zh":"科卢韦齐","name:en":"Kolwezi","wikidata":"Q271404","country_code":"CD","population":418000,"class":"city","rank":4,"minzoom":5,"capital":false,"region_capital":true,"source_class":"Admin-1 capital"},"geometry":{"type":"Point","coordinates":[25.47244,-10.716724]}},{"type":"Feature","id":1159150903,"properties":{"name":"Lubumbashi","name:zh":"卢本巴希","name:en":"Lubumbashi","wikidata":"Q187593","country_code":"CD","population":1352000,"class":"city","rank":4,"minzoom":5,"capital":false,"region_capital":true,"source_class":"Admin-1 capital"},"geometry":{"type":"Point","coordinates":[27.478072,-11.678079]}},{"type":"Feature","id":1159150907,"properties":{"name":"Lilongwe","name:zh":"利隆圭","name:en":"Lilongwe","wikidata":"Q3876","country_code":"MW","population":646750,"class":"city","rank":4,"minzoom":5,"capital":true,"region_capital":false,"source_class":"Admin-0 capital"},"geometry":{"type":"Point","coordinates":[33.783302,-13.983295]}},{"type":"Feature","id":1159150909,"properties":{"name":"Guatemala City","name:zh":"瓜地馬拉","name:en":"Guatemala City","wikidata":"Q1555","country_code":"GT","population":1024000,"class":"city","rank":4,"minzoom":5,"capital":true,"region_capital":false,"source_class":"Admin-0 capital"},"geometry":{"type":"Point","coordinates":[-90.528911,14.623081]}},{"type":"Feature","id":1159150911,"properties":{"name":"Cayenne","name:zh":"卡宴","name:en":"Cayenne","wikidata":"Q44401","country_code":"GF","population":61550,"class":"city","rank":4,"minzoom":4,"capital":false,"region_capital":true,"source_class":"Admin-1 capital"},"geometry":{"type":"Point","coordinates":[-52.330021,4.932992]}},{"type":"Feature","id":1159150913,"properties":{"name":"Libreville","name:zh":"利伯维尔","name:en":"Libreville","wikidata":"Q3825","country_code":"GA","population":578156,"class":"city","rank":4,"minzoom":5,"capital":true,"region_capital":false,"source_class":"Admin-0 capital"},"geometry":{"type":"Point","coordinates":[9.457965,0.385389]}},{"type":"Feature","id":1159150915,"properties":{"name":"Vishakhapatnam","name:zh":"维沙卡帕特南","name:en":"Visakhapatnam","wikidata":"Q200016","country_code":"IN","population":1529000,"class":"city","rank":4,"minzoom":5,"capital":false,"region_capital":false,"source_class":"Populated place"},"geometry":{"type":"Point","coordinates":[83.219848,17.682903]}},{"type":"Feature","id":1159150917,"properties":{"name":"Suva","name:zh":"苏瓦","name:en":"Suva","wikidata":"Q38807","country_code":"FJ","population":175399,"class":"city","rank":4,"minzoom":5,"capital":true,"region_capital":false,"source_class":"Admin-0 capital"},"geometry":{"type":"Point","coordinates":[178.441707,-18.133016]}},{"type":"Feature","id":1159150919,"properties":{"name":"Port-Gentil","name:zh":"让蒂尔港","name:en":"Port-Gentil","wikidata":"Q501715","country_code":"GA","population":116836,"class":"city","rank":4,"minzoom":5,"capital":false,"region_capital":true,"source_class":"Admin-1 capital"},"geometry":{"type":"Point","coordinates":[8.780022,-0.720022]}},{"type":"Feature","id":1159150921,"properties":{"name":"Timbuktu","name:zh":"通布图","name:en":"Timbuktu","wikidata":"Q9427","country_code":"ML","population":68872,"class":"city","rank":4,"minzoom":5,"capital":false,"region_capital":true,"source_class":"Admin-1 capital"},"geometry":{"type":"Point","coordinates":[-3.016596,16.766585]}},{"type":"Feature","id":1159150925,"properties":{"name":"Punta Arenas","name:zh":"蓬塔阿雷纳斯","name:en":"Punta Arenas","wikidata":"Q51599","country_code":"CL","population":117430,"class":"city","rank":4,"minzoom":3,"capital":false,"region_capital":true,"source_class":"Admin-1 capital"},"geometry":{"type":"Point","coordinates":[-70.939996,-53.164986]}},{"type":"Feature","id":1159150927,"properties":{"name":"Iquique","name:zh":"伊基克","name:en":"Iquique","wikidata":"Q14440","country_code":"CL","population":227499,"class":"city","rank":4,"minzoom":5,"capital":false,"region_capital":true,"source_class":"Admin-1 capital"},"geometry":{"type":"Point","coordinates":[-70.129968,-20.249993]}},{"type":"Feature","id":1159150929,"properties":{"name":"Antofagasta","name:zh":"安托法加斯塔","name:en":"Antofagasta","wikidata":"Q3612","country_code":"CL","population":309832,"class":"city","rank":4,"minzoom":4,"capital":false,"region_capital":true,"source_class":"Admin-1 capital"},"geometry":{"type":"Point","coordinates":[-70.400003,-23.649992]}},{"type":"Feature","id":1159150931,"properties":{"name":"Valparaíso","name:zh":"瓦尔帕莱索","name:en":"Valparaíso","wikidata":"Q33986","country_code":"CL","population":854000,"class":"city","rank":4,"minzoom":5,"capital":false,"region_capital":false,"source_class":"Admin-0 capital alt"},"geometry":{"type":"Point","coordinates":[-71.617026,-33.047739]}},{"type":"Feature","id":1159150933,"properties":{"name":"Valdivia","name:zh":"瓦尔迪维亚","name:en":"Valdivia","wikidata":"Q160687","country_code":"CL","population":159599,"class":"city","rank":4,"minzoom":4,"capital":false,"region_capital":true,"source_class":"Admin-1 capital"},"geometry":{"type":"Point","coordinates":[-73.233111,-39.821651]}},{"type":"Feature","id":1159150935,"properties":{"name":"Concepción","name:zh":"康塞普西翁","name:en":"Concepción","wikidata":"Q1880","country_code":"CL","population":889725,"class":"city","rank":4,"minzoom":5,"capital":false,"region_capital":true,"source_class":"Admin-1 capital"},"geometry":{"type":"Point","coordinates":[-73.050022,-36.830014]}},{"type":"Feature","id":1159150937,"properties":{"name":"Puerto Montt","name:zh":"蒙特港","name:en":"Puerto Montt","wikidata":"Q36214","country_code":"CL","population":174629,"class":"city","rank":4,"minzoom":5,"capital":false,"region_capital":true,"source_class":"Admin-1 capital"},"geometry":{"type":"Point","coordinates":[-72.929978,-41.469989]}},{"type":"Feature","id":1159150939,"properties":{"name":"Nuuk","name:zh":"努克","name:en":"Nuuk","wikidata":"Q226","country_code":"GL","population":14798,"class":"city","rank":4,"minzoom":4,"capital":false,"region_capital":false,"source_class":"Admin-0 region capital"},"geometry":{"type":"Point","coordinates":[-51.732659,64.198281]}},{"type":"Feature","id":1159150943,"properties":{"name":"Nouakchott","name:zh":"努瓦克肖特","name:en":"Nouakchott","wikidata":"Q3688","country_code":"MR","population":742144,"class":"city","rank":4,"minzoom":5,"capital":true,"region_capital":false,"source_class":"Admin-0 capital"},"geometry":{"type":"Point","coordinates":[-15.97534,18.086427]}},{"type":"Feature","id":1159150945,"properties":{"name":"Bamako","name:zh":"巴马科","name:en":"Bamako","wikidata":"Q3703","country_code":"ML","population":1494000,"class":"city","rank":4,"minzoom":4,"capital":true,"region_capital":false,"source_class":"Admin-0 capital"},"geometry":{"type":"Point","coordinates":[-8.001985,12.65196]}},{"type":"Feature","id":1159150947,"properties":{"name":"Atar","name:zh":"阿塔尔","name:en":"Atar","wikidata":"Q735645","country_code":"MR","population":44265,"class":"city","rank":4,"minzoom":5,"capital":false,"region_capital":true,"source_class":"Admin-1 capital"},"geometry":{"type":"Point","coordinates":[-13.049989,20.51664]}},{"type":"Feature","id":1159150949,"properties":{"name":"Djenné","name:zh":"杰内","name:en":"Djenné","wikidata":"Q213507","country_code":"ML","population":32944,"class":"city","rank":4,"minzoom":5,"capital":false,"region_capital":false,"source_class":"Populated place"},"geometry":{"type":"Point","coordinates":[-4.549991,13.89999]}},{"type":"Feature","id":1159150951,"properties":{"name":"Sabha","name:zh":"塞卜哈","name:en":"Sabha","wikidata":"Q208389","country_code":"LY","population":100249,"class":"city","rank":4,"minzoom":5,"capital":false,"region_capital":true,"source_class":"Admin-1 capital"},"geometry":{"type":"Point","coordinates":[14.43332,27.033271]}},{"type":"Feature","id":1159150953,"properties":{"name":"Banghazi","name:zh":"班加西","name:en":"Benghazi","wikidata":"Q40816","country_code":"LY","population":1180000,"class":"city","rank":4,"minzoom":4.7,"capital":false,"region_capital":true,"source_class":"Admin-1 capital"},"geometry":{"type":"Point","coordinates":[20.064777,32.118679]}},{"type":"Feature","id":1159150955,"properties":{"name":"Thessaloniki","name:zh":"塞萨洛尼基","name:en":"Thessaloniki","wikidata":"Q17151","country_code":"GR","population":828000,"class":"city","rank":4,"minzoom":5,"capital":false,"region_capital":true,"source_class":"Admin-1 capital"},"geometry":{"type":"Point","coordinates":[22.883055,40.698052]}},{"type":"Feature","id":1159150957,"properties":{"name":"Beirut","name:zh":"贝鲁特","name:en":"Beirut","wikidata":"Q3820","country_code":"LB","population":1846000,"class":"city","rank":4,"minzoom":5,"capital":true,"region_capital":false,"source_class":"Admin-0 capital"},"geometry":{"type":"Point","coordinates":[35.507762,33.873921]}},{"type":"Feature","id":1159150961,"properties":{"name":"Tbilisi","name:zh":"第比利斯","name:en":"Tbilisi","wikidata":"Q994","country_code":"GE","population":1100000,"class":"city","rank":4,"minzoom":5,"capital":true,"region_capital":false,"source_class":"Admin-0 capital"},"geometry":{"type":"Point","coordinates":[44.78885,41.726956]}},{"type":"Feature","id":1159150963,"properties":{"name":"Gondar","name:zh":"贡德尔","name:en":"Gondar","wikidata":"Q218861","country_code":"ET","population":156230,"class":"city","rank":4,"minzoom":5,"capital":false,"region_capital":true,"source_class":"Admin-1 capital"},"geometry":{"type":"Point","coordinates":[37.460028,12.610043]}},{"type":"Feature","id":1159150965,"properties":{"name":"Nur-Sultan","name:zh":"努尔苏丹","name:en":"Nur-Sultan","wikidata":"Q1520","country_code":"KZ","population":345604,"class":"city","rank":4,"minzoom":4,"capital":true,"region_capital":false,"source_class":"Admin-0 capital"},"geometry":{"type":"Point","coordinates":[71.427774,51.181125]}},{"type":"Feature","id":1159150967,"properties":{"name":"Qaraghandy","name:zh":"卡拉干达","name:en":"Karaganda","wikidata":"Q484706","country_code":"KZ","population":451800,"class":"city","rank":4,"minzoom":5,"capital":false,"region_capital":true,"source_class":"Admin-1 capital"},"geometry":{"type":"Point","coordinates":[73.11501,49.884977]}},{"type":"Feature","id":1159150969,"properties":{"name":"Almaty","name:zh":"阿拉木图","name:en":"Almaty","wikidata":"Q35493","country_code":"KZ","population":1209000,"class":"city","rank":4,"minzoom":5,"capital":false,"region_capital":true,"source_class":"Admin-1 capital"},"geometry":{"type":"Point","coordinates":[76.91309,43.326936]}},{"type":"Feature","id":1159150971,"properties":{"name":"Isfahan","name:zh":"伊斯法罕","name:en":"Isfahan","wikidata":"Q42053","country_code":"IR","population":1628000,"class":"city","rank":4,"minzoom":5,"capital":false,"region_capital":true,"source_class":"Admin-1 capital"},"geometry":{"type":"Point","coordinates":[51.698092,32.701951]}},{"type":"Feature","id":1159150973,"properties":{"name":"Shiraz","name:zh":"西菈子","name:en":"Shiraz","wikidata":"Q6397066","country_code":"IR","population":1240000,"class":"city","rank":4,"minzoom":5,"capital":false,"region_capital":true,"source_class":"Admin-1 capital"},"geometry":{"type":"Point","coordinates":[52.568065,29.631906]}},{"type":"Feature","id":1159150975,"properties":{"name":"Amritsar","name:zh":"阿姆利则","name:en":"Amritsar","wikidata":"Q48403","country_code":"IN","population":1212000,"class":"city","rank":4,"minzoom":5,"capital":false,"region_capital":false,"source_class":"Populated place"},"geometry":{"type":"Point","coordinates":[74.868047,31.641938]}},{"type":"Feature","id":1159150979,"properties":{"name":"Varanasi","name:zh":"瓦兰希","name:en":"Varanasi","wikidata":"Q79980","country_code":"IN","population":1352000,"class":"city","rank":4,"minzoom":5,"capital":false,"region_capital":false,"source_class":"Populated place"},"geometry":{"type":"Point","coordinates":[82.998094,25.331936]}},{"type":"Feature","id":1159150981,"properties":{"name":"Asansol","name:zh":"阿桑索尔","name:en":"Asansol","wikidata":"Q202139","country_code":"IN","population":1328000,"class":"city","rank":4,"minzoom":5,"capital":false,"region_capital":false,"source_class":"Populated place"},"geometry":{"type":"Point","coordinates":[86.981387,23.685279]}},{"type":"Feature","id":1159150983,"properties":{"name":"Bhilai","name:zh":"比莱","name:en":"Bhilai","wikidata":"Q242144","country_code":"IN","population":1097000,"class":"city","rank":4,"minzoom":5,"capital":false,"region_capital":false,"source_class":"Populated place"},"geometry":{"type":"Point","coordinates":[81.372213,21.211262]}},{"type":"Feature","id":1159150985,"properties":{"name":"Bhopal","name:zh":"博帕尔","name:en":"Bhopal","wikidata":"Q80989","country_code":"IN","population":1727000,"class":"city","rank":4,"minzoom":5,"capital":false,"region_capital":true,"source_class":"Admin-1 capital"},"geometry":{"type":"Point","coordinates":[77.408047,23.251934]}},{"type":"Feature","id":1159150987,"properties":{"name":"Madurai","name:zh":"马杜赖","name:en":"Madurai","wikidata":"Q228405","country_code":"IN","population":1294000,"class":"city","rank":4,"minzoom":5,"capital":false,"region_capital":false,"source_class":"Populated place"},"geometry":{"type":"Point","coordinates":[78.118081,9.921972]}},{"type":"Feature","id":1159150989,"properties":{"name":"Coimbatore","name:zh":"科伊巴拓雷","name:en":"Coimbatore","wikidata":"Q9885","country_code":"IN","population":1696000,"class":"city","rank":4,"minzoom":5,"capital":false,"region_capital":false,"source_class":"Populated place"},"geometry":{"type":"Point","coordinates":[76.948075,11.001906]}},{"type":"Feature","id":1159150991,"properties":{"name":"Vientiane","name:zh":"万象","name:en":"Vientiane","wikidata":"Q9326","country_code":"LA","population":754000,"class":"city","rank":4,"minzoom":5,"capital":true,"region_capital":false,"source_class":"Admin-0 capital"},"geometry":{"type":"Point","coordinates":[102.59998,17.966693]}},{"type":"Feature","id":1159150993,"properties":{"name":"Brazzaville","name:zh":"布拉柴维尔","name:en":"Brazzaville","wikidata":"Q3844","country_code":"CG","population":1355000,"class":"city","rank":4,"minzoom":5,"capital":true,"region_capital":false,"source_class":"Admin-0 capital"},"geometry":{"type":"Point","coordinates":[15.282744,-4.25724]}},{"type":"Feature","id":1159150997,"properties":{"name":"Conakry","name:zh":"科纳克里","name:en":"Conakry","wikidata":"Q3733","country_code":"GN","population":1494000,"class":"city","rank":4,"minzoom":5,"capital":true,"region_capital":false,"source_class":"Admin-0 capital"},"geometry":{"type":"Point","coordinates":[-13.682181,9.533469]}},{"type":"Feature","id":1159150999,"properties":{"name":"Yamoussoukro","name:zh":"亚穆苏克罗","name:en":"Yamoussoukro","wikidata":"Q3768","country_code":"CI","population":206499,"class":"city","rank":4,"minzoom":5,"capital":true,"region_capital":false,"source_class":"Admin-0 capital"},"geometry":{"type":"Point","coordinates":[-5.275503,6.818381]}},{"type":"Feature","id":1159151001,"properties":{"name":"Cruzeiro do Sul","name:zh":"南克魯賽羅","name:en":"Cruzeiro do Sul","wikidata":"Q941136","country_code":"BR","population":56862,"class":"city","rank":4,"minzoom":5,"capital":false,"region_capital":false,"source_class":"Populated place"},"geometry":{"type":"Point","coordinates":[-72.669968,-7.629988]}},{"type":"Feature","id":1159151003,"properties":{"name":"Leticia","name:zh":"莱蒂西亚","name:en":"Leticia","wikidata":"Q214913","country_code":"CO","population":59575,"class":"city","rank":4,"minzoom":5,"capital":false,"region_capital":true,"source_class":"Admin-1 capital"},"geometry":{"type":"Point","coordinates":[-69.955261,-4.201207]}},{"type":"Feature","id":1159151005,"properties":{"name":"Manaus","name:zh":"马瑙斯","name:en":"Manaus","wikidata":"Q40236","country_code":"BR","population":1753000,"class":"city","rank":4,"minzoom":4,"capital":false,"region_capital":true,"source_class":"Admin-1 capital"},"geometry":{"type":"Point","coordinates":[-60.001963,-3.098086]}},{"type":"Feature","id":1159151007,"properties":{"name":"Caxias","name:zh":"卡希亚斯","name:en":"Caxias","wikidata":"Q997107","country_code":"BR","population":134640,"class":"city","rank":4,"minzoom":5,"capital":false,"region_capital":false,"source_class":"Populated place"},"geometry":{"type":"Point","coordinates":[-43.350026,-4.833001]}},{"type":"Feature","id":1159151009,"properties":{"name":"Santarém","name:zh":"圣塔伦","name:en":"Santarém","wikidata":"Q659450","country_code":"BR","population":230428,"class":"city","rank":4,"minzoom":5,"capital":false,"region_capital":false,"source_class":"Populated place"},"geometry":{"type":"Point","coordinates":[-54.699979,-2.433251]}},{"type":"Feature","id":1159151011,"properties":{"name":"Marabá","name:zh":"马拉巴","name:en":"Marabá","wikidata":"Q509818","country_code":"BR","population":166182,"class":"city","rank":4,"minzoom":5,"capital":false,"region_capital":false,"source_class":"Populated place"},"geometry":{"type":"Point","coordinates":[-49.115979,-5.349972]}},{"type":"Feature","id":1159151015,"properties":{"name":"Vilhena","name:zh":"维列纳","name:en":"Vilhena","wikidata":"Q1749958","country_code":"BR","population":63231,"class":"city","rank":4,"minzoom":5,"capital":false,"region_capital":false,"source_class":"Populated place"},"geometry":{"type":"Point","coordinates":[-60.1166,-12.716602]}},{"type":"Feature","id":1159151017,"properties":{"name":"Ji-Paraná","name:zh":"日帕拉纳","name:en":"Ji-Paraná","wikidata":"Q983815","country_code":"BR","population":65016,"class":"city","rank":4,"minzoom":5,"capital":false,"region_capital":false,"source_class":"Populated place"},"geometry":{"type":"Point","coordinates":[-61.967003,-10.833307]}},{"type":"Feature","id":1159151019,"properties":{"name":"Campo Grande","name:zh":"大坎普","name:en":"Campo Grande","wikidata":"Q168929","country_code":"BR","population":778000,"class":"city","rank":4,"minzoom":5,"capital":false,"region_capital":true,"source_class":"Admin-1 capital"},"geometry":{"type":"Point","coordinates":[-54.618571,-20.448086]}},{"type":"Feature","id":1159151021,"properties":{"name":"Florianópolis","name:zh":"弗洛里亚诺波利斯","name:en":"Florianópolis","wikidata":"Q132997","country_code":"BR","population":1023000,"class":"city","rank":4,"minzoom":5,"capital":false,"region_capital":true,"source_class":"Admin-1 capital"},"geometry":{"type":"Point","coordinates":[-48.521966,-27.578039]}},{"type":"Feature","id":1159151023,"properties":{"name":"Feira de Santana","name:zh":"费拉迪圣安娜","name:en":"Feira de Santana","wikidata":"Q194343","country_code":"BR","population":481911,"class":"city","rank":4,"minzoom":5,"capital":false,"region_capital":false,"source_class":"Populated place"},"geometry":{"type":"Point","coordinates":[-38.970009,-12.250016]}},{"type":"Feature","id":1159151025,"properties":{"name":"Winnipeg","name:zh":"温尼伯","name:en":"Winnipeg","wikidata":"Q2135","country_code":"CA","population":632063,"class":"city","rank":4,"minzoom":4,"capital":false,"region_capital":true,"source_class":"Admin-1 capital"},"geometry":{"type":"Point","coordinates":[-97.165992,49.882987]}},{"type":"Feature","id":1159151027,"properties":{"name":"Churchill","name:zh":"邱吉尔","name:en":"Churchill","wikidata":"Q744553","country_code":"CA","population":1000,"class":"city","rank":4,"minzoom":4,"capital":false,"region_capital":false,"source_class":"Populated place"},"geometry":{"type":"Point","coordinates":[-94.165994,58.765985]}},{"type":"Feature","id":1159151029,"properties":{"name":"Regina","name:zh":"里贾纳","name:en":"Regina","wikidata":"Q2123","country_code":"CA","population":176183,"class":"city","rank":4,"minzoom":5,"capital":false,"region_capital":true,"source_class":"Admin-1 capital"},"geometry":{"type":"Point","coordinates":[-104.61701,50.450033]}},{"type":"Feature","id":1159151033,"properties":{"name":"Saskatoon","name:zh":"萨斯卡通","name:en":"Saskatoon","wikidata":"Q10566","country_code":"CA","population":198958,"class":"city","rank":4,"minzoom":5,"capital":false,"region_capital":false,"source_class":"Populated place"},"geometry":{"type":"Point","coordinates":[-106.669985,52.170031]}},{"type":"Feature","id":1159151035,"properties":{"name":"Calgary","name:zh":"卡尔加里","name:en":"Calgary","wikidata":"Q36312","country_code":"CA","population":1110000,"class":"city","rank":4,"minzoom":4,"capital":false,"region_capital":false,"source_class":"Populated place"},"geometry":{"type":"Point","coordinates":[-114.081944,51.084938]}},{"type":"Feature","id":1159151037,"properties":{"name":"Prince Rupert","name:zh":"鲁珀特王子港","name:en":"Prince Rupert","wikidata":"Q1015639","country_code":"CA","population":14708,"class":"city","rank":4,"minzoom":4,"capital":false,"region_capital":false,"source_class":"Populated place"},"geometry":{"type":"Point","coordinates":[-130.329988,54.31667]}},{"type":"Feature","id":1159151039,"properties":{"name":"Victoria","name:zh":"维多利亚","name:en":"Victoria","wikidata":"Q2132","country_code":"CA","population":289625,"class":"city","rank":4,"minzoom":5,"capital":false,"region_capital":true,"source_class":"Admin-1 capital"},"geometry":{"type":"Point","coordinates":[-123.350001,48.433283]}},{"type":"Feature","id":1159151041,"properties":{"name":"Arctic Bay","name:zh":"北極灣","name:en":"Arctic Bay","wikidata":"Q638017","country_code":"CA","population":604,"class":"city","rank":4,"minzoom":5,"capital":false,"region_capital":false,"source_class":"Populated place"},"geometry":{"type":"Point","coordinates":[-85.166621,73.033306]}},{"type":"Feature","id":1159151043,"properties":{"name":"Resolute","name:zh":"雷索卢特","name:en":"Resolute","wikidata":"Q606622","country_code":"CA","population":250,"class":"city","rank":4,"minzoom":5,"capital":false,"region_capital":false,"source_class":"Populated place"},"geometry":{"type":"Point","coordinates":[-94.900006,74.683334]}},{"type":"Feature","id":1159151045,"properties":{"name":"Naujaat","name:zh":"努雅特","name:en":"Naujaat","wikidata":"Q1723761","country_code":"CA","population":1000,"class":"city","rank":4,"minzoom":4,"capital":false,"region_capital":false,"source_class":"Populated place"},"geometry":{"type":"Point","coordinates":[-86.282935,66.529467]}},{"type":"Feature","id":1159151047,"properties":{"name":"Yellowknife","name:zh":"黄刀镇","name:en":"Yellowknife","wikidata":"Q2061","country_code":"CA","population":19234,"class":"city","rank":4,"minzoom":4,"capital":false,"region_capital":true,"source_class":"Admin-1 capital"},"geometry":{"type":"Point","coordinates":[-114.396981,62.442014]}},{"type":"Feature","id":1159151051,"properties":{"name":"Fort Good Hope","name:zh":"德望堡","name:en":"Fort Good Hope","wikidata":"Q201313","country_code":"CA","population":597,"class":"city","rank":4,"minzoom":5,"capital":false,"region_capital":false,"source_class":"Populated place"},"geometry":{"type":"Point","coordinates":[-128.633322,66.266613]}},{"type":"Feature","id":1159151053,"properties":{"name":"Whitehorse","name:zh":"白马","name:en":"Whitehorse","wikidata":"Q2058","country_code":"CA","population":23276,"class":"city","rank":4,"minzoom":4,"capital":false,"region_capital":true,"source_class":"Admin-1 capital"},"geometry":{"type":"Point","coordinates":[-135.049984,60.716719]}},{"type":"Feature","id":1159151055,"properties":{"name":"Boa Vista","name:zh":"博阿维斯塔","name:en":"Boa Vista","wikidata":"Q181056","country_code":"BR","population":235150,"class":"city","rank":4,"minzoom":5,"capital":false,"region_capital":true,"source_class":"Admin-1 capital"},"geometry":{"type":"Point","coordinates":[-60.665998,2.816093]}},{"type":"Feature","id":1159151057,"properties":{"name":"Macapá","name:zh":"马卡帕","name:en":"Macapá","wikidata":"Q180215","country_code":"BR","population":499166,"class":"city","rank":4,"minzoom":5,"capital":false,"region_capital":true,"source_class":"Admin-1 capital"},"geometry":{"type":"Point","coordinates":[-51.050021,0.033007]}},{"type":"Feature","id":1159151059,"properties":{"name":"Ottawa","name:zh":"渥太华","name:en":"Ottawa","wikidata":"Q1930","country_code":"CA","population":1145000,"class":"city","rank":4,"minzoom":3,"capital":true,"region_capital":false,"source_class":"Admin-0 capital"},"geometry":{"type":"Point","coordinates":[-75.701961,45.418643]}},{"type":"Feature","id":1159151061,"properties":{"name":"Fort Severn","name:zh":"塞文堡","name:en":"Fort Severn","wikidata":"Q3078079","country_code":"CA","population":125,"class":"city","rank":4,"minzoom":5,"capital":false,"region_capital":false,"source_class":"Populated place"},"geometry":{"type":"Point","coordinates":[-87.649984,55.983339]}},{"type":"Feature","id":1159151063,"properties":{"name":"Thunder Bay","name:zh":"桑德贝","name:en":"Thunder Bay","wikidata":"Q34116","country_code":"CA","population":99334,"class":"city","rank":4,"minzoom":5,"capital":false,"region_capital":false,"source_class":"Populated place"},"geometry":{"type":"Point","coordinates":[-89.274975,48.44615]}},{"type":"Feature","id":1159151065,"properties":{"name":"Québec","name:zh":"魁北克","name:en":"Quebec City","wikidata":"Q2145","country_code":"CA","population":624177,"class":"city","rank":4,"minzoom":4,"capital":false,"region_capital":true,"source_class":"Admin-1 capital"},"geometry":{"type":"Point","coordinates":[-71.24561,46.839969]}},{"type":"Feature","id":1159151069,"properties":{"name":"Halifax","name:zh":"哈利法克斯","name:en":"Halifax","wikidata":"Q2141","country_code":"CA","population":359111,"class":"city","rank":4,"minzoom":4,"capital":false,"region_capital":true,"source_class":"Admin-1 capital"},"geometry":{"type":"Point","coordinates":[-63.600004,44.650025]}},{"type":"Feature","id":1159151071,"properties":{"name":"St. John's","name:zh":"圣约翰斯","name:en":"St. John's","wikidata":"Q2082","country_code":"CA","population":131469,"class":"city","rank":4,"minzoom":4,"capital":false,"region_capital":true,"source_class":"Admin-1 capital"},"geometry":{"type":"Point","coordinates":[-52.681007,47.584988]}},{"type":"Feature","id":1159151073,"properties":{"name":"Nain","name:zh":"奈恩","name:en":"Nain","wikidata":"Q3335210","country_code":"CA","population":1151,"class":"city","rank":4,"minzoom":5,"capital":false,"region_capital":false,"source_class":"Populated place"},"geometry":{"type":"Point","coordinates":[-61.686045,56.547351]}},{"type":"Feature","id":1159151075,"properties":{"name":"Charlottetown","name:zh":"夏洛特顿","name:en":"Charlottetown","wikidata":"Q2127","country_code":"CA","population":42402,"class":"city","rank":4,"minzoom":5,"capital":false,"region_capital":true,"source_class":"Admin-1 capital"},"geometry":{"type":"Point","coordinates":[-63.131325,46.249282]}},{"type":"Feature","id":1159151077,"properties":{"name":"N'Délé","name:zh":"恩代萊","name:en":"N'Délé","wikidata":"Q612713","country_code":"CF","population":11764,"class":"city","rank":4,"minzoom":5,"capital":false,"region_capital":true,"source_class":"Admin-1 capital"},"geometry":{"type":"Point","coordinates":[20.653044,8.409137]}},{"type":"Feature","id":1159151079,"properties":{"name":"Belgrade","name:zh":"贝尔格莱德","name:en":"Belgrade","wikidata":"Q3711","country_code":"RS","population":1099000,"class":"city","rank":4,"minzoom":5,"capital":true,"region_capital":false,"source_class":"Admin-0 capital"},"geometry":{"type":"Point","coordinates":[20.466045,44.820591]}},{"type":"Feature","id":1159151081,"properties":{"name":"Obo","name:zh":"奥博","name:en":"Obo","wikidata":"Q1025617","country_code":"CF","population":12887,"class":"city","rank":4,"minzoom":5,"capital":false,"region_capital":true,"source_class":"Admin-1 capital"},"geometry":{"type":"Point","coordinates":[26.500026,5.399992]}},{"type":"Feature","id":1159151083,"properties":{"name":"Bandar Seri Begawan","name:zh":"斯里巴加湾","name:en":"Bandar Seri Begawan","wikidata":"Q9279","country_code":"BN","population":296500,"class":"city","rank":4,"minzoom":5,"capital":true,"region_capital":false,"source_class":"Admin-0 capital"},"geometry":{"type":"Point","coordinates":[114.933284,4.883331]}},{"type":"Feature","id":1159151087,"properties":{"name":"Puerto Deseado","name:zh":"德塞阿多港","name:en":"Puerto Deseado","wikidata":"Q923541","country_code":"AR","population":3305,"class":"city","rank":4,"minzoom":5,"capital":false,"region_capital":false,"source_class":"Populated place"},"geometry":{"type":"Point","coordinates":[-65.899968,-47.75002]}},{"type":"Feature","id":1159151089,"properties":{"name":"Río Gallegos","name:zh":"里奥加耶戈斯","name:en":"Río Gallegos","wikidata":"Q44242","country_code":"AR","population":85700,"class":"city","rank":4,"minzoom":5,"capital":false,"region_capital":true,"source_class":"Admin-1 capital"},"geometry":{"type":"Point","coordinates":[-69.216587,-51.633297]}},{"type":"Feature","id":1159151091,"properties":{"name":"Comodoro Rivadavia","name:zh":"里瓦达维亚海军准将城","name:en":"Comodoro Rivadavia","wikidata":"Q221921","country_code":"AR","population":140850,"class":"city","rank":4,"minzoom":5,"capital":false,"region_capital":false,"source_class":"Populated place"},"geometry":{"type":"Point","coordinates":[-67.499999,-45.870031]}},{"type":"Feature","id":1159151093,"properties":{"name":"Mendoza","name:zh":"门多萨","name:en":"Mendoza","wikidata":"Q44237","country_code":"AR","population":893000,"class":"city","rank":4,"minzoom":5,"capital":false,"region_capital":true,"source_class":"Admin-1 capital"},"geometry":{"type":"Point","coordinates":[-68.818557,-32.881384]}},{"type":"Feature","id":1159151095,"properties":{"name":"Sucre","name:zh":"苏克雷","name:en":"Sucre","wikidata":"Q2907","country_code":"BO","population":224838,"class":"city","rank":4,"minzoom":4.7,"capital":true,"region_capital":false,"source_class":"Admin-0 capital"},"geometry":{"type":"Point","coordinates":[-65.259516,-19.040971]}},{"type":"Feature","id":1159151097,"properties":{"name":"Riberalta","name:zh":"里韦拉尔塔","name:en":"Riberalta","wikidata":"Q941357","country_code":"BO","population":74014,"class":"city","rank":4,"minzoom":5,"capital":false,"region_capital":false,"source_class":"Populated place"},"geometry":{"type":"Point","coordinates":[-66.100007,-10.983013]}},{"type":"Feature","id":1159151099,"properties":{"name":"Bahía Blanca","name:zh":"布兰卡港","name:en":"Bahía Blanca","wikidata":"Q54108","country_code":"AR","population":281536,"class":"city","rank":4,"minzoom":5,"capital":false,"region_capital":false,"source_class":"Populated place"},"geometry":{"type":"Point","coordinates":[-62.265021,-38.740027]}},{"type":"Feature","id":1159151101,"properties":{"name":"Mar del Plata","name:zh":"马德普拉塔","name:en":"Mar del Plata","wikidata":"Q52607","country_code":"AR","population":555897,"class":"city","rank":4,"minzoom":5,"capital":false,"region_capital":false,"source_class":"Populated place"},"geometry":{"type":"Point","coordinates":[-57.579984,-38.00002]}},{"type":"Feature","id":1159151105,"properties":{"name":"Córdoba","name:zh":"科尔多瓦","name:en":"Córdoba","wikidata":"Q44210","country_code":"AR","population":1452000,"class":"city","rank":4,"minzoom":4,"capital":false,"region_capital":true,"source_class":"Admin-1 capital"},"geometry":{"type":"Point","coordinates":[-64.18424,-31.398012]}},{"type":"Feature","id":1159151107,"properties":{"name":"Posadas","name:zh":"波萨达斯","name:en":"Posadas","wikidata":"Q44238","country_code":"AR","population":357119,"class":"city","rank":4,"minzoom":5,"capital":false,"region_capital":true,"source_class":"Admin-1 capital"},"geometry":{"type":"Point","coordinates":[-55.885107,-27.357832]}},{"type":"Feature","id":1159151109,"properties":{"name":"Belmopan","name:zh":"贝尔墨邦","name:en":"Belmopan","wikidata":"Q3043","country_code":"BZ","population":15220,"class":"city","rank":4,"minzoom":5,"capital":true,"region_capital":false,"source_class":"Admin-0 capital"},"geometry":{"type":"Point","coordinates":[-88.767073,17.252033]}},{"type":"Feature","id":1159151111,"properties":{"name":"Bangui","name:zh":"班吉","name:en":"Bangui","wikidata":"Q3832","country_code":"CF","population":831925,"class":"city","rank":4,"minzoom":5,"capital":true,"region_capital":false,"source_class":"Admin-0 capital"},"geometry":{"type":"Point","coordinates":[18.558288,4.366644]}},{"type":"Feature","id":1159151113,"properties":{"name":"Maroua","name:zh":"马鲁阿","name:en":"Maroua","wikidata":"Q818824","country_code":"CM","population":319941,"class":"city","rank":4,"minzoom":5,"capital":false,"region_capital":true,"source_class":"Admin-1 capital"},"geometry":{"type":"Point","coordinates":[14.324696,10.595566]}},{"type":"Feature","id":1159151115,"properties":{"name":"Yaoundé","name:zh":"雅温得","name:en":"Yaoundé","wikidata":"Q3808","country_code":"CM","population":1611000,"class":"city","rank":4,"minzoom":5,"capital":true,"region_capital":false,"source_class":"Admin-0 capital"},"geometry":{"type":"Point","coordinates":[11.514705,3.868647]}},{"type":"Feature","id":1159151117,"properties":{"name":"Tirana","name:zh":"地拉那","name:en":"Tirana","wikidata":"Q19689","country_code":"AL","population":895350,"class":"city","rank":4,"minzoom":5,"capital":true,"region_capital":false,"source_class":"Admin-0 capital"},"geometry":{"type":"Point","coordinates":[19.818883,41.327541]}},{"type":"Feature","id":1159151119,"properties":{"name":"Yerevan","name:zh":"埃里温","name:en":"Yerevan","wikidata":"Q1953","country_code":"AM","population":1102000,"class":"city","rank":4,"minzoom":5,"capital":true,"region_capital":false,"source_class":"Admin-0 capital"},"geometry":{"type":"Point","coordinates":[44.511606,40.183097]}},{"type":"Feature","id":1159151123,"properties":{"name":"Baku","name:zh":"巴库","name:en":"Baku","wikidata":"Q9248","country_code":"AZ","population":2122300,"class":"city","rank":4,"minzoom":5,"capital":true,"region_capital":false,"source_class":"Admin-0 capital"},"geometry":{"type":"Point","coordinates":[49.860271,40.397218]}},{"type":"Feature","id":1159151125,"properties":{"name":"Kandahar","name:zh":"坎大哈","name:en":"Kandahar","wikidata":"Q45604","country_code":"AF","population":715542,"class":"city","rank":4,"minzoom":5,"capital":false,"region_capital":true,"source_class":"Admin-1 capital"},"geometry":{"type":"Point","coordinates":[65.694946,31.61002]}},{"type":"Feature","id":1159151127,"properties":{"name":"Phnom Penh","name:zh":"金边","name:en":"Phnom Penh","wikidata":"Q1850","country_code":"KH","population":1466000,"class":"city","rank":4,"minzoom":5,"capital":true,"region_capital":false,"source_class":"Admin-0 capital"},"geometry":{"type":"Point","coordinates":[104.914689,11.551976]}},{"type":"Feature","id":1159151129,"properties":{"name":"Menongue","name:zh":"梅农盖","name:en":"Menongue","wikidata":"Q818731","country_code":"AO","population":13030,"class":"city","rank":4,"minzoom":5,"capital":false,"region_capital":true,"source_class":"Admin-1 capital"},"geometry":{"type":"Point","coordinates":[17.699994,-14.666612]}},{"type":"Feature","id":1159151131,"properties":{"name":"Huambo","name:zh":"万博","name:en":"Huambo","wikidata":"Q207322","country_code":"AO","population":1100000,"class":"city","rank":4,"minzoom":5,"capital":false,"region_capital":true,"source_class":"Admin-1 capital"},"geometry":{"type":"Point","coordinates":[15.758064,-12.74804]}},{"type":"Feature","id":1159151133,"properties":{"name":"La Paz","name:zh":"拉巴斯","name:en":"La Paz","wikidata":"Q1491","country_code":"BO","population":1590000,"class":"city","rank":4,"minzoom":4,"capital":true,"region_capital":false,"source_class":"Admin-0 capital"},"geometry":{"type":"Point","coordinates":[-68.151931,-16.496028]}},{"type":"Feature","id":1159151135,"properties":{"name":"Santa Cruz","name:zh":"圣克鲁斯","name:en":"Santa Cruz de la Sierra","wikidata":"Q170688","country_code":"BO","population":2102998,"class":"city","rank":4,"minzoom":5,"capital":false,"region_capital":true,"source_class":"Admin-1 capital"},"geometry":{"type":"Point","coordinates":[-63.227942,-17.751972]}},{"type":"Feature","id":1159151137,"properties":{"name":"Oran","name:zh":"瓦赫兰","name:en":"Oran","wikidata":"Q131818","country_code":"DZ","population":798000,"class":"city","rank":4,"minzoom":5,"capital":false,"region_capital":false,"source_class":"Populated place"},"geometry":{"type":"Point","coordinates":[-0.621919,35.711948]}},{"type":"Feature","id":1159151141,"properties":{"name":"Cotonou","name:zh":"科托努","name:en":"Cotonou","wikidata":"Q43595","country_code":"BJ","population":762000,"class":"city","rank":4,"minzoom":5,"capital":true,"region_capital":false,"source_class":"Admin-0 capital"},"geometry":{"type":"Point","coordinates":[2.404355,6.36298]}},{"type":"Feature","id":1159151143,"properties":{"name":"Tamanrasset","name:zh":"塔曼拉塞特","name:en":"Tamanrasset","wikidata":"Q205792","country_code":"DZ","population":76000,"class":"city","rank":4,"minzoom":5,"capital":false,"region_capital":true,"source_class":"Admin-1 capital"},"geometry":{"type":"Point","coordinates":[5.522805,22.785003]}},{"type":"Feature","id":1159151145,"properties":{"name":"Ghardaia","name:zh":"盖尔达耶","name:en":"Ghardaia","wikidata":"Q622841","country_code":"DZ","population":125480,"class":"city","rank":4,"minzoom":5,"capital":false,"region_capital":false,"source_class":"Populated place"},"geometry":{"type":"Point","coordinates":[3.669998,32.489992]}},{"type":"Feature","id":1159151147,"properties":{"name":"Sofia","name:zh":"索非亚","name:en":"Sofia","wikidata":"Q472","country_code":"BG","population":1185000,"class":"city","rank":4,"minzoom":5,"capital":true,"region_capital":false,"source_class":"Admin-0 capital"},"geometry":{"type":"Point","coordinates":[23.314708,42.685295]}},{"type":"Feature","id":1159151149,"properties":{"name":"Minsk","name:zh":"明斯克","name:en":"Minsk","wikidata":"Q2280","country_code":"BY","population":1805000,"class":"city","rank":4,"minzoom":5,"capital":true,"region_capital":false,"source_class":"Admin-0 capital"},"geometry":{"type":"Point","coordinates":[27.564681,53.901923]}},{"type":"Feature","id":1159151151,"properties":{"name":"Thimphu","name:zh":"廷布","name:en":"Thimphu","wikidata":"Q9270","country_code":"BT","population":98676,"class":"city","rank":4,"minzoom":5,"capital":true,"region_capital":false,"source_class":"Admin-0 capital"},"geometry":{"type":"Point","coordinates":[89.639014,27.472986]}},{"type":"Feature","id":1159151153,"properties":{"name":"Gaborone","name:zh":"嘉柏隆里","name:en":"Gaborone","wikidata":"Q3919","country_code":"BW","population":208411,"class":"city","rank":4,"minzoom":5,"capital":true,"region_capital":false,"source_class":"Admin-0 capital"},"geometry":{"type":"Point","coordinates":[25.911948,-24.646314]}},{"type":"Feature","id":1159151155,"properties":{"name":"Darwin","name:zh":"达尔文","name:en":"Darwin","wikidata":"Q11568","country_code":"AU","population":93080,"class":"city","rank":4,"minzoom":3.7,"capital":false,"region_capital":true,"source_class":"Admin-1 capital"},"geometry":{"type":"Point","coordinates":[130.850039,-12.425354]}},{"type":"Feature","id":1159151159,"properties":{"name":"Alice Springs","name:zh":"爱丽斯泉","name:en":"Alice Springs","wikidata":"Q17872","country_code":"AU","population":27710,"class":"city","rank":4,"minzoom":5,"capital":false,"region_capital":false,"source_class":"Populated place"},"geometry":{"type":"Point","coordinates":[133.880034,-23.700996]}},{"type":"Feature","id":1159151161,"properties":{"name":"Canberra","name:zh":"堪培拉","name:en":"Canberra","wikidata":"Q3114","country_code":"AU","population":327700,"class":"city","rank":4,"minzoom":4,"capital":true,"region_capital":false,"source_class":"Admin-0 capital"},"geometry":{"type":"Point","coordinates":[149.129026,-35.283029]}},{"type":"Feature","id":1159151163,"properties":{"name":"Newcastle","name:zh":"纽卡斯尔","name:en":"Newcastle","wikidata":"Q57278","country_code":"AU","population":540796,"class":"city","rank":4,"minzoom":5,"capital":false,"region_capital":false,"source_class":"Populated place"},"geometry":{"type":"Point","coordinates":[151.770249,-32.929508]}},{"type":"Feature","id":1159151165,"properties":{"name":"Adelaide","name:zh":"阿德莱德","name:en":"Adelaide","wikidata":"Q5112","country_code":"AU","population":1145000,"class":"city","rank":4,"minzoom":3.7,"capital":false,"region_capital":true,"source_class":"Admin-1 capital"},"geometry":{"type":"Point","coordinates":[138.598059,-34.933042]}},{"type":"Feature","id":1159151167,"properties":{"name":"Townsville","name:zh":"汤斯维尔","name:en":"Townsville","wikidata":"Q190021","country_code":"AU","population":138954,"class":"city","rank":4,"minzoom":5,"capital":false,"region_capital":false,"source_class":"Populated place"},"geometry":{"type":"Point","coordinates":[146.769997,-19.24995]}},{"type":"Feature","id":1159151169,"properties":{"name":"Brisbane","name:zh":"布里斯班","name:en":"Brisbane","wikidata":"Q34932","country_code":"AU","population":1860000,"class":"city","rank":4,"minzoom":4,"capital":false,"region_capital":true,"source_class":"Admin-1 capital"},"geometry":{"type":"Point","coordinates":[153.033147,-27.453085]}},{"type":"Feature","id":1159151171,"properties":{"name":"Hobart","name:zh":"霍巴特","name:en":"Hobart","wikidata":"Q40191","country_code":"AU","population":80870,"class":"city","rank":4,"minzoom":5,"capital":false,"region_capital":true,"source_class":"Admin-1 capital"},"geometry":{"type":"Point","coordinates":[147.29503,-42.850009]}},{"type":"Feature","id":1159151173,"properties":{"name":"Ouagadougou","name:zh":"瓦加杜古","name:en":"Ouagadougou","wikidata":"Q3777","country_code":"BF","population":1149000,"class":"city","rank":4,"minzoom":5,"capital":true,"region_capital":false,"source_class":"Admin-0 capital"},"geometry":{"type":"Point","coordinates":[-1.52667,12.372262]}},{"type":"Feature","id":1159151177,"properties":{"name":"Sarajevo","name:zh":"萨拉热窝","name:en":"Sarajevo","wikidata":"Q11194","country_code":"BA","population":696731,"class":"city","rank":4,"minzoom":5,"capital":true,"region_capital":false,"source_class":"Admin-0 capital"},"geometry":{"type":"Point","coordinates":[18.383002,43.850022]}},{"type":"Feature","id":1159151179,"properties":{"name":"Naypyidaw","name:zh":"奈比多","name:en":"Naypyidaw","wikidata":"Q37400","country_code":"MM","population":930000,"class":"city","rank":4,"minzoom":5,"capital":true,"region_capital":false,"source_class":"Admin-0 capital"},"geometry":{"type":"Point","coordinates":[96.116673,19.768503]}},{"type":"Feature","id":1159151181,"properties":{"name":"San Juan","name:zh":"圣胡安","name:en":"San Juan","wikidata":"Q41211","country_code":"PR","population":2478905,"class":"city","rank":4,"minzoom":5,"capital":false,"region_capital":true,"source_class":"Admin-1 capital"},"geometry":{"type":"Point","coordinates":[-66.129979,18.440023]}},{"type":"Feature","id":1159151183,"properties":{"name":"Stanley","name:zh":"斯坦利","name:en":"Stanley","wikidata":"Q12245","country_code":"FK","population":2213,"class":"city","rank":4,"minzoom":5,"capital":false,"region_capital":false,"source_class":"Admin-0 region capital"},"geometry":{"type":"Point","coordinates":[-57.849968,-51.700011]}},{"type":"Feature","id":1159151185,"properties":{"name":"Hamilton","name:zh":"哈密尔顿","name:en":"Hamilton","wikidata":"Q30985","country_code":"BM","population":52320,"class":"city","rank":4,"minzoom":5,"capital":true,"region_capital":false,"source_class":"Admin-0 region capital"},"geometry":{"type":"Point","coordinates":[-64.783937,32.29419]}},{"type":"Feature","id":1159151187,"properties":{"name":"Nuku'alofa","name:zh":"努库阿洛法","name:en":"Nuku'alofa","wikidata":"Q38834","country_code":"TO","population":42620,"class":"city","rank":4,"minzoom":5,"capital":true,"region_capital":false,"source_class":"Admin-0 capital"},"geometry":{"type":"Point","coordinates":[-175.220564,-21.138512]}},{"type":"Feature","id":1159151189,"properties":{"name":"Hargeisa","name:zh":"哈尔格萨","name:en":"Hargeisa","wikidata":"Q168652","country_code":"","population":477876,"class":"city","rank":4,"minzoom":5,"capital":true,"region_capital":false,"source_class":"Admin-0 capital"},"geometry":{"type":"Point","coordinates":[44.06531,9.560022]}},{"type":"Feature","id":1159151191,"properties":{"name":"Victoria","name:zh":"維多利亞","name:en":"Victoria","wikidata":"Q3940","country_code":"SC","population":33576,"class":"city","rank":4,"minzoom":5,"capital":true,"region_capital":false,"source_class":"Admin-0 capital"},"geometry":{"type":"Point","coordinates":[55.44999,-4.616632]}},{"type":"Feature","id":1159151195,"properties":{"name":"São Tomé","name:zh":"圣多美","name:en":"São Tomé","wikidata":"Q3932","country_code":"ST","population":88219,"class":"city","rank":4,"minzoom":5,"capital":true,"region_capital":false,"source_class":"Admin-0 capital"},"geometry":{"type":"Point","coordinates":[6.72965,0.337466]}},{"type":"Feature","id":1159151197,"properties":{"name":"Apia","name:zh":"阿皮亚","name:en":"Apia","wikidata":"Q36260","country_code":"WS","population":61916,"class":"city","rank":4,"minzoom":5,"capital":true,"region_capital":false,"source_class":"Admin-0 capital"},"geometry":{"type":"Point","coordinates":[-171.768599,-13.835715]}},{"type":"Feature","id":1159151199,"properties":{"name":"Valletta","name:zh":"瓦莱塔","name:en":"Valletta","wikidata":"Q23800","country_code":"MT","population":368250,"class":"city","rank":4,"minzoom":5,"capital":true,"region_capital":false,"source_class":"Admin-0 capital"},"geometry":{"type":"Point","coordinates":[14.514711,35.899732]}},{"type":"Feature","id":1159151201,"properties":{"name":"Malé","name:zh":"马累","name:en":"Malé","wikidata":"Q9347","country_code":"MV","population":112927,"class":"city","rank":4,"minzoom":5,"capital":true,"region_capital":false,"source_class":"Admin-0 capital"},"geometry":{"type":"Point","coordinates":[73.508901,4.172037]}},{"type":"Feature","id":1159151203,"properties":{"name":"Jerusalem","name:zh":"耶路撒冷","name:en":"Jerusalem","wikidata":"Q1218","country_code":"IL","population":1029300,"class":"city","rank":4,"minzoom":3.7,"capital":true,"region_capital":false,"source_class":"Admin-0 capital"},"geometry":{"type":"Point","coordinates":[35.206626,31.778408]}},{"type":"Feature","id":1159151205,"properties":{"name":"Praia","name:zh":"培亞","name:en":"Praia","wikidata":"Q3751","country_code":"CV","population":113364,"class":"city","rank":4,"minzoom":5,"capital":true,"region_capital":false,"source_class":"Admin-0 capital"},"geometry":{"type":"Point","coordinates":[-23.516689,14.916698]}},{"type":"Feature","id":1159151207,"properties":{"name":"Nassau","name:zh":"拿骚","name:en":"Nassau","wikidata":"Q2467","country_code":"BS","population":227940,"class":"city","rank":4,"minzoom":5,"capital":true,"region_capital":false,"source_class":"Admin-0 capital"},"geometry":{"type":"Point","coordinates":[-77.350044,25.08339]}},{"type":"Feature","id":1159151209,"properties":{"name":"Nicosia","name:zh":"尼科西亚","name:en":"Nicosia","wikidata":"Q3856","country_code":"CY","population":224300,"class":"city","rank":4,"minzoom":5,"capital":true,"region_capital":false,"source_class":"Admin-0 capital"},"geometry":{"type":"Point","coordinates":[33.366635,35.166677]}},{"type":"Feature","id":1159151213,"properties":{"name":"Kaohsiung","name:zh":"高雄","name:en":"Kaohsiung","wikidata":"Q181557","country_code":"TW","population":2769072,"class":"city","rank":4,"minzoom":5,"capital":false,"region_capital":true,"source_class":"Admin-1 capital"},"geometry":{"type":"Point","coordinates":[120.266602,22.633307]}},{"type":"Feature","id":1159151699,"properties":{"name":"Wellington","name:zh":"惠灵顿","name:en":"Wellington","wikidata":"Q23661","country_code":"NZ","population":393400,"class":"city","rank":4,"minzoom":4,"capital":true,"region_capital":false,"source_class":"Admin-0 capital"},"geometry":{"type":"Point","coordinates":[174.777201,-41.292068]}},{"type":"Feature","id":1159151701,"properties":{"name":"Christchurch","name:zh":"克赖斯特彻奇","name:en":"Christchurch","wikidata":"Q79990","country_code":"NZ","population":363200,"class":"city","rank":4,"minzoom":4,"capital":false,"region_capital":true,"source_class":"Admin-1 capital"},"geometry":{"type":"Point","coordinates":[172.630023,-43.535022]}},{"type":"Feature","id":1159151215,"properties":{"name":"Shenzhen","name:zh":"深圳","name:en":"Shenzhen","wikidata":"Q15174","country_code":"CN","population":7581000,"class":"city","rank":3,"minzoom":4.7,"capital":false,"region_capital":false,"source_class":"Populated place"},"geometry":{"type":"Point","coordinates":[114.061154,22.548097]}},{"type":"Feature","id":1159151217,"properties":{"name":"Zibo","name:zh":"淄博","name:en":"Zibo","wikidata":"Q198370","country_code":"CN","population":3061000,"class":"city","rank":3,"minzoom":4.7,"capital":false,"region_capital":false,"source_class":"Populated place"},"geometry":{"type":"Point","coordinates":[117.99646,36.821365]}},{"type":"Feature","id":1159151219,"properties":{"name":"Minneapolis","name:zh":"明尼阿波利斯","name:en":"Minneapolis","wikidata":"Q36091","country_code":"US","population":2616000,"class":"city","rank":3,"minzoom":4,"capital":false,"region_capital":false,"source_class":"Populated place"},"geometry":{"type":"Point","coordinates":[-93.253732,44.981925]}},{"type":"Feature","id":1159151221,"properties":{"name":"Honolulu","name:zh":"檀香山","name:en":"Honolulu","wikidata":"Q18094","country_code":"US","population":786000,"class":"city","rank":3,"minzoom":4,"capital":false,"region_capital":true,"source_class":"Admin-1 capital"},"geometry":{"type":"Point","coordinates":[-157.858301,21.303429]}},{"type":"Feature","id":1159151223,"properties":{"name":"Seattle","name:zh":"西雅图","name:en":"Seattle","wikidata":"Q5083","country_code":"US","population":3074000,"class":"city","rank":3,"minzoom":4,"capital":false,"region_capital":false,"source_class":"Populated place"},"geometry":{"type":"Point","coordinates":[-122.315322,47.600423]}},{"type":"Feature","id":1159151225,"properties":{"name":"Phoenix","name:zh":"菲尼克斯","name:en":"Phoenix","wikidata":"Q16556","country_code":"US","population":3551000,"class":"city","rank":3,"minzoom":4,"capital":false,"region_capital":true,"source_class":"Admin-1 capital"},"geometry":{"type":"Point","coordinates":[-112.067365,33.448322]}},{"type":"Feature","id":1159151227,"properties":{"name":"San Diego","name:zh":"圣迭戈","name:en":"San Diego","wikidata":"Q16552","country_code":"US","population":2916000,"class":"city","rank":3,"minzoom":4,"capital":false,"region_capital":false,"source_class":"Populated place"},"geometry":{"type":"Point","coordinates":[-117.150881,32.718914]}},{"type":"Feature","id":1159151231,"properties":{"name":"St. Louis","name:zh":"圣路易斯","name:en":"St. Louis","wikidata":"Q38022","country_code":"US","population":2199000,"class":"city","rank":3,"minzoom":4,"capital":false,"region_capital":false,"source_class":"Populated place"},"geometry":{"type":"Point","coordinates":[-90.241926,38.636964]}},{"type":"Feature","id":1159151233,"properties":{"name":"New Orleans","name:zh":"新奥尔良","name:en":"New Orleans","wikidata":"Q34404","country_code":"US","population":785000,"class":"city","rank":3,"minzoom":4,"capital":false,"region_capital":false,"source_class":"Populated place"},"geometry":{"type":"Point","coordinates":[-90.088368,29.968908]}},{"type":"Feature","id":1159151235,"properties":{"name":"Dallas","name:zh":"达拉斯","name:en":"Dallas","wikidata":"Q16557","country_code":"US","population":4798000,"class":"city","rank":3,"minzoom":4,"capital":false,"region_capital":false,"source_class":"Populated place"},"geometry":{"type":"Point","coordinates":[-96.794687,32.771958]}},{"type":"Feature","id":1159151237,"properties":{"name":"Maracaibo","name:zh":"马拉开波","name:en":"Maracaibo","wikidata":"Q171632","country_code":"VE","population":2072000,"class":"city","rank":3,"minzoom":4,"capital":false,"region_capital":true,"source_class":"Admin-1 capital"},"geometry":{"type":"Point","coordinates":[-71.661924,10.731923]}},{"type":"Feature","id":1159151239,"properties":{"name":"Boston","name:zh":"波士顿","name:en":"Boston","wikidata":"Q100","country_code":"US","population":4467000,"class":"city","rank":3,"minzoom":4,"capital":false,"region_capital":true,"source_class":"Admin-1 capital"},"geometry":{"type":"Point","coordinates":[-71.07196,42.331906]}},{"type":"Feature","id":1159151241,"properties":{"name":"Tampa","name:zh":"坦帕","name:en":"Tampa","wikidata":"Q49255","country_code":"US","population":2314000,"class":"city","rank":3,"minzoom":5,"capital":false,"region_capital":false,"source_class":"Populated place"},"geometry":{"type":"Point","coordinates":[-82.460567,27.948934]}},{"type":"Feature","id":1159151243,"properties":{"name":"Philadelphia","name:zh":"费城","name:en":"Philadelphia","wikidata":"Q1345","country_code":"US","population":5492000,"class":"city","rank":3,"minzoom":5,"capital":false,"region_capital":false,"source_class":"Populated place"},"geometry":{"type":"Point","coordinates":[-75.179841,39.945942]}},{"type":"Feature","id":1159151245,"properties":{"name":"Detroit","name:zh":"底特律","name:en":"Detroit","wikidata":"Q12439","country_code":"US","population":4101000,"class":"city","rank":3,"minzoom":4,"capital":false,"region_capital":false,"source_class":"Populated place"},"geometry":{"type":"Point","coordinates":[-83.051334,42.333558]}},{"type":"Feature","id":1159151249,"properties":{"name":"Anchorage","name:zh":"安克雷奇","name:en":"Anchorage","wikidata":"Q39450","country_code":"US","population":260283,"class":"city","rank":3,"minzoom":3,"capital":false,"region_capital":false,"source_class":"Populated place"},"geometry":{"type":"Point","coordinates":[-149.887446,61.214004]}},{"type":"Feature","id":1159151251,"properties":{"name":"Hanoi","name:zh":"河内","name:en":"Hanoi","wikidata":"Q1858","country_code":"VN","population":4378000,"class":"city","rank":3,"minzoom":4,"capital":true,"region_capital":false,"source_class":"Admin-0 capital"},"geometry":{"type":"Point","coordinates":[105.848068,21.035273]}},{"type":"Feature","id":1159151253,"properties":{"name":"Ho Chi Minh City","name:zh":"胡志明","name:en":"Ho Chi Minh City","wikidata":"Q1854","country_code":"VN","population":5314000,"class":"city","rank":3,"minzoom":4,"capital":false,"region_capital":true,"source_class":"Admin-1 capital"},"geometry":{"type":"Point","coordinates":[106.702985,10.762125]}},{"type":"Feature","id":1159151255,"properties":{"name":"Ankara","name:zh":"安卡拉","name:en":"Ankara","wikidata":"Q3640","country_code":"TR","population":3716000,"class":"city","rank":3,"minzoom":4,"capital":true,"region_capital":false,"source_class":"Admin-0 capital"},"geometry":{"type":"Point","coordinates":[32.862446,39.929184]}},{"type":"Feature","id":1159151257,"properties":{"name":"Budapest","name:zh":"布达佩斯","name:en":"Budapest","wikidata":"Q1781","country_code":"HU","population":1679000,"class":"city","rank":3,"minzoom":4.7,"capital":true,"region_capital":false,"source_class":"Admin-0 capital"},"geometry":{"type":"Point","coordinates":[19.081375,47.501952]}},{"type":"Feature","id":1159151259,"properties":{"name":"Sanaa","name:zh":"萨那","name:en":"Sanaa","wikidata":"Q2471","country_code":"YE","population":2008000,"class":"city","rank":3,"minzoom":4,"capital":true,"region_capital":false,"source_class":"Admin-0 capital"},"geometry":{"type":"Point","coordinates":[44.204648,15.356679]}},{"type":"Feature","id":1159151261,"properties":{"name":"Barcelona","name:zh":"巴塞罗那","name:en":"Barcelona","wikidata":"Q1492","country_code":"ES","population":4920000,"class":"city","rank":3,"minzoom":4,"capital":false,"region_capital":true,"source_class":"Admin-1 capital"},"geometry":{"type":"Point","coordinates":[2.181424,41.385245]}},{"type":"Feature","id":1159151263,"properties":{"name":"Bucharest","name:zh":"布加勒斯特","name:en":"Bucharest","wikidata":"Q19660","country_code":"RO","population":1942000,"class":"city","rank":3,"minzoom":4,"capital":true,"region_capital":false,"source_class":"Admin-0 capital"},"geometry":{"type":"Point","coordinates":[26.098001,44.435318]}},{"type":"Feature","id":1159151267,"properties":{"name":"Aleppo","name:zh":"阿勒颇","name:en":"Aleppo","wikidata":"Q41183","country_code":"SY","population":2738000,"class":"city","rank":3,"minzoom":4.7,"capital":false,"region_capital":false,"source_class":"Populated place"},"geometry":{"type":"Point","coordinates":[37.168074,36.231917]}},{"type":"Feature","id":1159151269,"properties":{"name":"Damascus","name:zh":"大马士革","name:en":"Damascus","wikidata":"Q3766","country_code":"SY","population":2466000,"class":"city","rank":3,"minzoom":4.7,"capital":true,"region_capital":false,"source_class":"Admin-0 capital"},"geometry":{"type":"Point","coordinates":[36.29805,33.50198]}},{"type":"Feature","id":1159151271,"properties":{"name":"Zürich","name:zh":"苏黎世","name:en":"Zürich","wikidata":"Q72","country_code":"CH","population":1108000,"class":"city","rank":3,"minzoom":4.7,"capital":false,"region_capital":true,"source_class":"Admin-1 capital"},"geometry":{"type":"Point","coordinates":[8.548064,47.381934]}},{"type":"Feature","id":1159151273,"properties":{"name":"Lisbon","name:zh":"里斯本","name:en":"Lisbon","wikidata":"Q597","country_code":"PT","population":2812000,"class":"city","rank":3,"minzoom":4,"capital":true,"region_capital":false,"source_class":"Admin-0 capital"},"geometry":{"type":"Point","coordinates":[-9.146812,38.724669]}},{"type":"Feature","id":1159151275,"properties":{"name":"Khartoum","name:zh":"喀土穆","name:en":"Khartoum","wikidata":"Q1963","country_code":"SD","population":4754000,"class":"city","rank":3,"minzoom":4,"capital":true,"region_capital":false,"source_class":"Admin-0 capital"},"geometry":{"type":"Point","coordinates":[32.532233,15.590024]}},{"type":"Feature","id":1159151277,"properties":{"name":"Jeddah","name:zh":"吉达","name:en":"Jeddah","wikidata":"Q374365","country_code":"SA","population":3012000,"class":"city","rank":3,"minzoom":4,"capital":false,"region_capital":false,"source_class":"Populated place"},"geometry":{"type":"Point","coordinates":[39.217252,21.518835]}},{"type":"Feature","id":1159151279,"properties":{"name":"Makkah","name:zh":"麦加","name:en":"Mecca","wikidata":"Q5806","country_code":"SA","population":1385000,"class":"city","rank":3,"minzoom":3.7,"capital":false,"region_capital":false,"source_class":"Populated place"},"geometry":{"type":"Point","coordinates":[39.818094,21.431967]}},{"type":"Feature","id":1159151281,"properties":{"name":"Oslo","name:zh":"奥斯陆","name:en":"Oslo","wikidata":"Q585","country_code":"NO","population":835000,"class":"city","rank":3,"minzoom":4,"capital":true,"region_capital":false,"source_class":"Admin-0 capital"},"geometry":{"type":"Point","coordinates":[10.748033,59.918636]}},{"type":"Feature","id":1159151285,"properties":{"name":"Lahore","name:zh":"拉合尔","name:en":"Lahore","wikidata":"Q11739","country_code":"PK","population":6577000,"class":"city","rank":3,"minzoom":4,"capital":false,"region_capital":true,"source_class":"Admin-1 capital"},"geometry":{"type":"Point","coordinates":[74.348079,31.561917]}},{"type":"Feature","id":1159151287,"properties":{"name":"Karachi","name:zh":"卡拉奇","name:en":"Karachi","wikidata":"Q8660","country_code":"PK","population":12130000,"class":"city","rank":3,"minzoom":4,"capital":false,"region_capital":true,"source_class":"Admin-1 capital"},"geometry":{"type":"Point","coordinates":[66.988063,24.871938]}},{"type":"Feature","id":1159151289,"properties":{"name":"Durban","name:zh":"德班","name:en":"Durban","wikidata":"Q5468","country_code":"ZA","population":2729000,"class":"city","rank":3,"minzoom":4,"capital":false,"region_capital":false,"source_class":"Populated place"},"geometry":{"type":"Point","coordinates":[31.010944,-29.860662]}},{"type":"Feature","id":1159151291,"properties":{"name":"St.  Petersburg","name:zh":"圣彼得堡","name:en":"Saint Petersburg","wikidata":"Q656","country_code":"RU","population":4553000,"class":"city","rank":3,"minzoom":3.7,"capital":false,"region_capital":true,"source_class":"Admin-1 capital"},"geometry":{"type":"Point","coordinates":[30.314074,59.94096]}},{"type":"Feature","id":1159151293,"properties":{"name":"Guadalajara","name:zh":"瓜达拉哈拉","name:en":"Guadalajara","wikidata":"Q9022","country_code":"MX","population":4198000,"class":"city","rank":3,"minzoom":4,"capital":false,"region_capital":true,"source_class":"Admin-1 capital"},"geometry":{"type":"Point","coordinates":[-103.33198,20.671962]}},{"type":"Feature","id":1159151295,"properties":{"name":"Puebla","name:zh":"普埃布拉","name:en":"Puebla City","wikidata":"Q125293","country_code":"MX","population":2195000,"class":"city","rank":3,"minzoom":4,"capital":false,"region_capital":true,"source_class":"Admin-1 capital"},"geometry":{"type":"Point","coordinates":[-98.203737,19.032594]}},{"type":"Feature","id":1159151297,"properties":{"name":"Kano","name:zh":"卡诺","name:en":"Kano","wikidata":"Q182984","country_code":"NG","population":3140000,"class":"city","rank":3,"minzoom":4.7,"capital":false,"region_capital":true,"source_class":"Admin-1 capital"},"geometry":{"type":"Point","coordinates":[8.518092,12.001923]}},{"type":"Feature","id":1159151299,"properties":{"name":"Warsaw","name:zh":"华沙","name:en":"Warsaw","wikidata":"Q270","country_code":"PL","population":1707000,"class":"city","rank":3,"minzoom":4,"capital":true,"region_capital":false,"source_class":"Admin-0 capital"},"geometry":{"type":"Point","coordinates":[21.005347,52.230872]}},{"type":"Feature","id":1159151303,"properties":{"name":"Pyongyang","name:zh":"平壤","name:en":"Pyongyang","wikidata":"Q18808","country_code":"KP","population":3300000,"class":"city","rank":3,"minzoom":4.7,"capital":true,"region_capital":false,"source_class":"Admin-0 capital"},"geometry":{"type":"Point","coordinates":[125.752745,39.021385]}},{"type":"Feature","id":1159151305,"properties":{"name":"Dar es Salaam","name:zh":"三蘭港","name:en":"Dar es Salaam","wikidata":"Q1960","country_code":"TZ","population":2930000,"class":"city","rank":3,"minzoom":4,"capital":true,"region_capital":false,"source_class":"Admin-0 capital"},"geometry":{"type":"Point","coordinates":[39.266396,-6.798067]}},{"type":"Feature","id":1159151307,"properties":{"name":"Medan","name:zh":"棉兰","name:en":"Medan","wikidata":"Q5972","country_code":"ID","population":2115000,"class":"city","rank":3,"minzoom":4,"capital":false,"region_capital":true,"source_class":"Admin-1 capital"},"geometry":{"type":"Point","coordinates":[98.648094,3.58192]}},{"type":"Feature","id":1159151309,"properties":{"name":"Dublin","name:zh":"都柏林","name:en":"Dublin","wikidata":"Q1761","country_code":"IE","population":1059000,"class":"city","rank":3,"minzoom":4,"capital":true,"region_capital":false,"source_class":"Admin-0 capital"},"geometry":{"type":"Point","coordinates":[-6.25698,53.346731]}},{"type":"Feature","id":1159151311,"properties":{"name":"Monrovia","name:zh":"蒙罗维亚","name:en":"Monrovia","wikidata":"Q3748","country_code":"LR","population":1041000,"class":"city","rank":3,"minzoom":4,"capital":true,"region_capital":false,"source_class":"Admin-0 capital"},"geometry":{"type":"Point","coordinates":[-10.79966,6.314582]}},{"type":"Feature","id":1159151313,"properties":{"name":"Naples","name:zh":"那不勒斯","name:en":"Naples","wikidata":"Q2634","country_code":"IT","population":2250000,"class":"city","rank":3,"minzoom":4.7,"capital":false,"region_capital":true,"source_class":"Admin-1 region capital"},"geometry":{"type":"Point","coordinates":[14.243066,40.841971]}},{"type":"Feature","id":1159151315,"properties":{"name":"Milan","name:zh":"米兰","name:en":"Milan","wikidata":"Q490","country_code":"IT","population":2945000,"class":"city","rank":3,"minzoom":4.7,"capital":false,"region_capital":true,"source_class":"Admin-1 region capital"},"geometry":{"type":"Point","coordinates":[9.203063,45.471921]}},{"type":"Feature","id":1159151317,"properties":{"name":"Kuala Lumpur","name:zh":"吉隆坡","name:en":"Kuala Lumpur","wikidata":"Q1865","country_code":"MY","population":1448000,"class":"city","rank":3,"minzoom":4,"capital":true,"region_capital":false,"source_class":"Admin-0 capital"},"geometry":{"type":"Point","coordinates":[101.688699,3.139797]}},{"type":"Feature","id":1159151321,"properties":{"name":"Lanzhou","name:zh":"兰州","name:en":"Lanzhou","wikidata":"Q183584","country_code":"CN","population":2561000,"class":"city","rank":3,"minzoom":4,"capital":false,"region_capital":true,"source_class":"Admin-1 capital"},"geometry":{"type":"Point","coordinates":[103.790054,36.057974]}},{"type":"Feature","id":1159151323,"properties":{"name":"Nanning","name:zh":"南宁","name:en":"Nanning","wikidata":"Q179608","country_code":"CN","population":2167000,"class":"city","rank":3,"minzoom":4,"capital":false,"region_capital":true,"source_class":"Admin-1 capital"},"geometry":{"type":"Point","coordinates":[108.318099,22.821934]}},{"type":"Feature","id":1159151325,"properties":{"name":"Guiyang","name:zh":"贵阳","name:en":"Guiyang","wikidata":"Q192271","country_code":"CN","population":3662000,"class":"city","rank":3,"minzoom":4.7,"capital":false,"region_capital":true,"source_class":"Admin-1 capital"},"geometry":{"type":"Point","coordinates":[106.718093,26.581989]}},{"type":"Feature","id":1159151327,"properties":{"name":"Chongqing","name:zh":"重庆","name:en":"Chongqing","wikidata":"Q11725","country_code":"CN","population":6461000,"class":"city","rank":3,"minzoom":4,"capital":false,"region_capital":true,"source_class":"Admin-1 capital"},"geometry":{"type":"Point","coordinates":[106.593036,29.566923]}},{"type":"Feature","id":1159151329,"properties":{"name":"Fuzhou","name:zh":"福州","name:en":"Fuzhou","wikidata":"Q68481","country_code":"CN","population":2606000,"class":"city","rank":3,"minzoom":4.7,"capital":false,"region_capital":true,"source_class":"Admin-1 capital"},"geometry":{"type":"Point","coordinates":[119.2981,26.081942]}},{"type":"Feature","id":1159151331,"properties":{"name":"Guangzhou","name:zh":"广州","name:en":"Guangzhou","wikidata":"Q16572","country_code":"CN","population":8829000,"class":"city","rank":3,"minzoom":4,"capital":false,"region_capital":true,"source_class":"Admin-1 capital"},"geometry":{"type":"Point","coordinates":[113.261785,23.124723]}},{"type":"Feature","id":1159151333,"properties":{"name":"Dongguan","name:zh":"东莞","name:en":"Dongguan","wikidata":"Q59218","country_code":"CN","population":4528000,"class":"city","rank":3,"minzoom":5.6,"capital":false,"region_capital":false,"source_class":"Populated place"},"geometry":{"type":"Point","coordinates":[113.750474,23.021537]}},{"type":"Feature","id":1159151335,"properties":{"name":"Bandung","name:zh":"万隆","name:en":"Bandung","wikidata":"Q10389","country_code":"ID","population":2394000,"class":"city","rank":3,"minzoom":4.7,"capital":false,"region_capital":true,"source_class":"Admin-1 capital"},"geometry":{"type":"Point","coordinates":[107.568067,-6.948083]}},{"type":"Feature","id":1159151339,"properties":{"name":"Surabaya","name:zh":"泗水","name:en":"Surabaya","wikidata":"Q11462","country_code":"ID","population":2845000,"class":"city","rank":3,"minzoom":4,"capital":false,"region_capital":true,"source_class":"Admin-1 capital"},"geometry":{"type":"Point","coordinates":[112.748887,-7.24729]}},{"type":"Feature","id":1159151341,"properties":{"name":"Guayaquil","name:zh":"瓜亚基尔","name:en":"Guayaquil","wikidata":"Q43509","country_code":"EC","population":2514000,"class":"city","rank":3,"minzoom":4.7,"capital":false,"region_capital":true,"source_class":"Admin-1 capital"},"geometry":{"type":"Point","coordinates":[-79.921988,-2.218088]}},{"type":"Feature","id":1159151343,"properties":{"name":"Medellín","name:zh":"麦德林","name:en":"Medellin","wikidata":"Q48278","country_code":"CO","population":3297000,"class":"city","rank":3,"minzoom":4,"capital":false,"region_capital":true,"source_class":"Admin-1 capital"},"geometry":{"type":"Point","coordinates":[-75.576956,6.276949]}},{"type":"Feature","id":1159151345,"properties":{"name":"Cali","name:zh":"卡利","name:en":"Cali","wikidata":"Q51103","country_code":"CO","population":2254000,"class":"city","rank":3,"minzoom":4,"capital":false,"region_capital":true,"source_class":"Admin-1 capital"},"geometry":{"type":"Point","coordinates":[-76.501912,3.401905]}},{"type":"Feature","id":1159151347,"properties":{"name":"Havana","name:zh":"哈瓦那","name:en":"Havana","wikidata":"Q1563","country_code":"CU","population":2174000,"class":"city","rank":3,"minzoom":4,"capital":true,"region_capital":false,"source_class":"Admin-0 capital"},"geometry":{"type":"Point","coordinates":[-82.366128,23.133905]}},{"type":"Feature","id":1159151349,"properties":{"name":"Alexandria","name:zh":"亚历山大港","name:en":"Alexandria","wikidata":"Q87","country_code":"EG","population":4165000,"class":"city","rank":3,"minzoom":4,"capital":false,"region_capital":false,"source_class":"Populated place"},"geometry":{"type":"Point","coordinates":[29.94805,31.201965]}},{"type":"Feature","id":1159151351,"properties":{"name":"Frankfurt","name:zh":"美因河畔法兰克福","name:en":"Frankfurt","wikidata":"Q1794","country_code":"DE","population":2895000,"class":"city","rank":3,"minzoom":4,"capital":false,"region_capital":false,"source_class":"Populated place"},"geometry":{"type":"Point","coordinates":[8.675015,50.099977]}},{"type":"Feature","id":1159151353,"properties":{"name":"Hamburg","name:zh":"汉堡","name:en":"Hamburg","wikidata":"Q1055","country_code":"DE","population":1757000,"class":"city","rank":3,"minzoom":5,"capital":false,"region_capital":true,"source_class":"Admin-1 capital"},"geometry":{"type":"Point","coordinates":[9.998053,53.551971]}},{"type":"Feature","id":1159151357,"properties":{"name":"Munich","name:zh":"慕尼黑","name:en":"Munich","wikidata":"Q1726","country_code":"DE","population":1275000,"class":"city","rank":3,"minzoom":4.7,"capital":false,"region_capital":true,"source_class":"Admin-1 capital"},"geometry":{"type":"Point","coordinates":[11.573048,48.131888]}},{"type":"Feature","id":1159151359,"properties":{"name":"Prague","name:zh":"布拉格","name:en":"Prague","wikidata":"Q1085","country_code":"CZ","population":1162000,"class":"city","rank":3,"minzoom":4.7,"capital":true,"region_capital":false,"source_class":"Admin-0 capital"},"geometry":{"type":"Point","coordinates":[14.422939,50.086967]}},{"type":"Feature","id":1159151361,"properties":{"name":"Kuwait City","name:zh":"科威特城","name:en":"Kuwait City","wikidata":"Q35178","country_code":"KW","population":2063000,"class":"city","rank":3,"minzoom":4,"capital":true,"region_capital":false,"source_class":"Admin-0 capital"},"geometry":{"type":"Point","coordinates":[47.976355,29.371664]}},{"type":"Feature","id":1159151363,"properties":{"name":"Xian","name:zh":"西安","name:en":"Xi'an","wikidata":"Q5826","country_code":"CN","population":4009000,"class":"city","rank":3,"minzoom":3.7,"capital":false,"region_capital":true,"source_class":"Admin-1 capital"},"geometry":{"type":"Point","coordinates":[108.89305,34.276971]}},{"type":"Feature","id":1159151365,"properties":{"name":"Taiyuan","name:zh":"太原","name:en":"Taiyuan","wikidata":"Q72778","country_code":"CN","population":2913000,"class":"city","rank":3,"minzoom":4,"capital":false,"region_capital":true,"source_class":"Admin-1 capital"},"geometry":{"type":"Point","coordinates":[112.543112,37.876958]}},{"type":"Feature","id":1159151367,"properties":{"name":"Wuhan","name:zh":"武汉","name:en":"Wuhan","wikidata":"Q11746","country_code":"CN","population":7243000,"class":"city","rank":3,"minzoom":4,"capital":false,"region_capital":true,"source_class":"Admin-1 capital"},"geometry":{"type":"Point","coordinates":[114.268071,30.581977]}},{"type":"Feature","id":1159151369,"properties":{"name":"Changsha","name:zh":"长沙","name:en":"Changsha","wikidata":"Q174091","country_code":"CN","population":2604000,"class":"city","rank":3,"minzoom":4.7,"capital":false,"region_capital":true,"source_class":"Admin-1 capital"},"geometry":{"type":"Point","coordinates":[112.968047,28.201916]}},{"type":"Feature","id":1159151371,"properties":{"name":"Kunming","name:zh":"昆明","name:en":"Kunming","wikidata":"Q182852","country_code":"CN","population":2931000,"class":"city","rank":3,"minzoom":4,"capital":false,"region_capital":true,"source_class":"Admin-1 capital"},"geometry":{"type":"Point","coordinates":[102.69744,25.042859]}},{"type":"Feature","id":1159151375,"properties":{"name":"Zhengzhou","name:zh":"郑州","name:en":"Zhengzhou","wikidata":"Q30340","country_code":"CN","population":2636000,"class":"city","rank":3,"minzoom":4,"capital":false,"region_capital":true,"source_class":"Admin-1 capital"},"geometry":{"type":"Point","coordinates":[113.663147,34.756942]}},{"type":"Feature","id":1159151377,"properties":{"name":"Shenyeng","name:zh":"沈阳","name:en":"Shenyang","wikidata":"Q11720","country_code":"CN","population":4787000,"class":"city","rank":3,"minzoom":4,"capital":false,"region_capital":true,"source_class":"Admin-1 capital"},"geometry":{"type":"Point","coordinates":[123.448028,41.806925]}},{"type":"Feature","id":1159151379,"properties":{"name":"Jinan","name:zh":"济南","name:en":"Jinan","wikidata":"Q170247","country_code":"CN","population":2798000,"class":"city","rank":3,"minzoom":4,"capital":false,"region_capital":true,"source_class":"Admin-1 capital"},"geometry":{"type":"Point","coordinates":[116.993073,36.676928]}},{"type":"Feature","id":1159151381,"properties":{"name":"Tianjin","name:zh":"天津","name:en":"Tianjin","wikidata":"Q11736","country_code":"CN","population":7180000,"class":"city","rank":3,"minzoom":4,"capital":false,"region_capital":true,"source_class":"Admin-1 capital"},"geometry":{"type":"Point","coordinates":[117.196607,39.082772]}},{"type":"Feature","id":1159151383,"properties":{"name":"Nanchang","name:zh":"南昌","name:en":"Nanchang","wikidata":"Q171943","country_code":"CN","population":2350000,"class":"city","rank":3,"minzoom":4.7,"capital":false,"region_capital":true,"source_class":"Admin-1 capital"},"geometry":{"type":"Point","coordinates":[115.87805,28.681938]}},{"type":"Feature","id":1159151385,"properties":{"name":"Nanjing","name:zh":"南京","name:en":"Nanjing","wikidata":"Q16666","country_code":"CN","population":3679000,"class":"city","rank":3,"minzoom":4,"capital":false,"region_capital":true,"source_class":"Admin-1 capital"},"geometry":{"type":"Point","coordinates":[118.778029,32.051965]}},{"type":"Feature","id":1159151387,"properties":{"name":"Hangzhou","name:zh":"杭州","name:en":"Hangzhou","wikidata":"Q4970","country_code":"CN","population":3007000,"class":"city","rank":3,"minzoom":4,"capital":false,"region_capital":true,"source_class":"Admin-1 capital"},"geometry":{"type":"Point","coordinates":[120.168073,30.25192]}},{"type":"Feature","id":1159151389,"properties":{"name":"Hiroshima","name:zh":"广岛","name:en":"Hiroshima","wikidata":"Q34664","country_code":"JP","population":2045000,"class":"city","rank":3,"minzoom":4,"capital":false,"region_capital":true,"source_class":"Admin-1 region capital"},"geometry":{"type":"Point","coordinates":[132.440967,34.389781]}},{"type":"Feature","id":1159151393,"properties":{"name":"Changchun","name:zh":"长春","name:en":"Changchun","wikidata":"Q92161","country_code":"CN","population":3183000,"class":"city","rank":3,"minzoom":4,"capital":false,"region_capital":true,"source_class":"Admin-1 capital"},"geometry":{"type":"Point","coordinates":[125.338042,43.866954]}},{"type":"Feature","id":1159151395,"properties":{"name":"Baotou","name:zh":"包头","name:en":"Baotou","wikidata":"Q569907","country_code":"CN","population":2036000,"class":"city","rank":3,"minzoom":4,"capital":false,"region_capital":false,"source_class":"Populated place"},"geometry":{"type":"Point","coordinates":[109.820074,40.654153]}},{"type":"Feature","id":1159151397,"properties":{"name":"Harbin","name:zh":"哈尔滨","name:en":"Harbin","wikidata":"Q42956","country_code":"CN","population":3621000,"class":"city","rank":3,"minzoom":3.7,"capital":false,"region_capital":true,"source_class":"Admin-1 capital"},"geometry":{"type":"Point","coordinates":[126.648039,45.75193]}},{"type":"Feature","id":1159151399,"properties":{"name":"Sapporo","name:zh":"札幌","name:en":"Sapporo","wikidata":"Q37951","country_code":"JP","population":2544000,"class":"city","rank":3,"minzoom":4,"capital":false,"region_capital":true,"source_class":"Admin-1 region capital"},"geometry":{"type":"Point","coordinates":[141.338099,43.076925]}},{"type":"Feature","id":1159151401,"properties":{"name":"Santo Domingo","name:zh":"圣多明哥","name:en":"Santo Domingo","wikidata":"Q34820","country_code":"DO","population":2154000,"class":"city","rank":3,"minzoom":4,"capital":true,"region_capital":false,"source_class":"Admin-0 capital"},"geometry":{"type":"Point","coordinates":[-69.929742,18.470745]}},{"type":"Feature","id":1159151403,"properties":{"name":"Accra","name:zh":"阿克拉","name:en":"Accra","wikidata":"Q3761","country_code":"GH","population":2121000,"class":"city","rank":3,"minzoom":4,"capital":true,"region_capital":false,"source_class":"Admin-0 capital"},"geometry":{"type":"Point","coordinates":[-0.218662,5.55198]}},{"type":"Feature","id":1159151405,"properties":{"name":"Delhi","name:zh":"德里","name:en":"Delhi","wikidata":"Q1353","country_code":"IN","population":15926000,"class":"city","rank":3,"minzoom":4,"capital":false,"region_capital":false,"source_class":"Populated place"},"geometry":{"type":"Point","coordinates":[77.228058,28.671939]}},{"type":"Feature","id":1159151407,"properties":{"name":"Hyderabad","name:zh":"海德拉巴","name:en":"Hyderabad","wikidata":"Q1361","country_code":"IN","population":6376000,"class":"city","rank":3,"minzoom":4,"capital":false,"region_capital":true,"source_class":"Admin-1 capital"},"geometry":{"type":"Point","coordinates":[78.478008,17.401929]}},{"type":"Feature","id":1159151411,"properties":{"name":"Pune","name:zh":"浦那","name:en":"Pune","wikidata":"Q1538","country_code":"IN","population":4672000,"class":"city","rank":3,"minzoom":4,"capital":false,"region_capital":false,"source_class":"Populated place"},"geometry":{"type":"Point","coordinates":[73.851892,18.516394]}},{"type":"Feature","id":1159151413,"properties":{"name":"Nagpur","name:zh":"纳格普尔","name:en":"Nagpur","wikidata":"Q1513","country_code":"IN","population":2454000,"class":"city","rank":3,"minzoom":4,"capital":false,"region_capital":false,"source_class":"Populated place"},"geometry":{"type":"Point","coordinates":[79.088048,21.171906]}},{"type":"Feature","id":1159151415,"properties":{"name":"Tripoli","name:zh":"的黎波里","name:en":"Tripoli","wikidata":"Q3579","country_code":"LY","population":2189000,"class":"city","rank":3,"minzoom":4,"capital":true,"region_capital":false,"source_class":"Admin-0 capital"},"geometry":{"type":"Point","coordinates":[13.180012,32.8925]}},{"type":"Feature","id":1159151417,"properties":{"name":"Tel Aviv","name:zh":"特拉维夫","name:en":"Tel Aviv","wikidata":"Q33935","country_code":"IL","population":3112000,"class":"city","rank":3,"minzoom":4,"capital":false,"region_capital":false,"source_class":"Admin-0 capital alt"},"geometry":{"type":"Point","coordinates":[34.768066,32.081937]}},{"type":"Feature","id":1159151419,"properties":{"name":"Helsinki","name:zh":"赫尔辛基","name:en":"Helsinki","wikidata":"Q1757","country_code":"FI","population":1115000,"class":"city","rank":3,"minzoom":4,"capital":true,"region_capital":false,"source_class":"Admin-0 capital"},"geometry":{"type":"Point","coordinates":[24.932457,60.163804]}},{"type":"Feature","id":1159151421,"properties":{"name":"Mashhad","name:zh":"马什哈德","name:en":"Mashhad","wikidata":"Q121157","country_code":"IR","population":2469000,"class":"city","rank":3,"minzoom":4,"capital":false,"region_capital":true,"source_class":"Admin-1 capital"},"geometry":{"type":"Point","coordinates":[59.568051,36.271966]}},{"type":"Feature","id":1159151423,"properties":{"name":"Jaipur","name:zh":"斋浦尔","name:en":"Jaipur","wikidata":"Q66485","country_code":"IN","population":2917000,"class":"city","rank":3,"minzoom":4,"capital":false,"region_capital":true,"source_class":"Admin-1 capital"},"geometry":{"type":"Point","coordinates":[75.808042,26.923079]}},{"type":"Feature","id":1159151425,"properties":{"name":"Kanpur","name:zh":"坎普尔","name:en":"Kanpur","wikidata":"Q66568","country_code":"IN","population":3162000,"class":"city","rank":3,"minzoom":4,"capital":false,"region_capital":false,"source_class":"Populated place"},"geometry":{"type":"Point","coordinates":[80.31805,26.461945]}},{"type":"Feature","id":1159151429,"properties":{"name":"Patna","name:zh":"巴特那","name:en":"Patna","wikidata":"Q80484","country_code":"IN","population":2158000,"class":"city","rank":3,"minzoom":4.7,"capital":false,"region_capital":true,"source_class":"Admin-1 capital"},"geometry":{"type":"Point","coordinates":[85.128093,25.626905]}},{"type":"Feature","id":1159151431,"properties":{"name":"Chennai","name:zh":"金奈","name:en":"Chennai","wikidata":"Q1352","country_code":"IN","population":7163000,"class":"city","rank":3,"minzoom":4,"capital":false,"region_capital":true,"source_class":"Admin-1 capital"},"geometry":{"type":"Point","coordinates":[80.278053,13.091934]}},{"type":"Feature","id":1159151433,"properties":{"name":"Ahmedabad","name:zh":"阿麼达巴德","name:en":"Ahmedabad","wikidata":"Q1070","country_code":"IN","population":5375000,"class":"city","rank":3,"minzoom":4.7,"capital":false,"region_capital":false,"source_class":"Populated place"},"geometry":{"type":"Point","coordinates":[72.578058,23.031999]}},{"type":"Feature","id":1159151435,"properties":{"name":"Surat","name:zh":"苏拉特","name:en":"Surat","wikidata":"Q4629","country_code":"IN","population":3842000,"class":"city","rank":3,"minzoom":4,"capital":false,"region_capital":false,"source_class":"Populated place"},"geometry":{"type":"Point","coordinates":[72.838094,21.20193]}},{"type":"Feature","id":1159151437,"properties":{"name":"København","name:zh":"哥本哈根","name:en":"Copenhagen","wikidata":"Q1748","country_code":"DK","population":1085000,"class":"city","rank":3,"minzoom":4,"capital":true,"region_capital":false,"source_class":"Admin-0 capital"},"geometry":{"type":"Point","coordinates":[12.56154,55.68051]}},{"type":"Feature","id":1159151439,"properties":{"name":"Abidjan","name:zh":"阿比让","name:en":"Abidjan","wikidata":"Q1515","country_code":"CI","population":3802000,"class":"city","rank":3,"minzoom":4,"capital":true,"region_capital":false,"source_class":"Admin-0 capital"},"geometry":{"type":"Point","coordinates":[-4.020207,5.323126]}},{"type":"Feature","id":1159151441,"properties":{"name":"Belém","name:zh":"贝伦","name:en":"Belém","wikidata":"Q12829733","country_code":"BR","population":2167000,"class":"city","rank":3,"minzoom":4,"capital":false,"region_capital":true,"source_class":"Admin-1 capital"},"geometry":{"type":"Point","coordinates":[-48.481969,-1.448057]}},{"type":"Feature","id":1159151443,"properties":{"name":"Brasília","name:zh":"巴西利亚","name:en":"Brasília","wikidata":"Q2844","country_code":"BR","population":3716996,"class":"city","rank":3,"minzoom":3.7,"capital":true,"region_capital":false,"source_class":"Admin-0 capital"},"geometry":{"type":"Point","coordinates":[-47.917998,-15.781394]}},{"type":"Feature","id":1159151447,"properties":{"name":"Porto Alegre","name:zh":"阿雷格里港","name:en":"Porto Alegre","wikidata":"Q40269","country_code":"BR","population":3917000,"class":"city","rank":3,"minzoom":4,"capital":false,"region_capital":true,"source_class":"Admin-1 capital"},"geometry":{"type":"Point","coordinates":[-51.201958,-30.048069]}},{"type":"Feature","id":1159151449,"properties":{"name":"Curitiba","name:zh":"库里奇巴","name:en":"Curitiba","wikidata":"Q4361","country_code":"BR","population":3084000,"class":"city","rank":3,"minzoom":4,"capital":false,"region_capital":true,"source_class":"Admin-1 capital"},"geometry":{"type":"Point","coordinates":[-49.321944,-25.418067]}},{"type":"Feature","id":1159151451,"properties":{"name":"Fortaleza","name:zh":"福塔雷萨","name:en":"Fortaleza","wikidata":"Q43463","country_code":"BR","population":3602319,"class":"city","rank":3,"minzoom":4,"capital":false,"region_capital":true,"source_class":"Admin-1 capital"},"geometry":{"type":"Point","coordinates":[-38.581927,-3.748072]}},{"type":"Feature","id":1159151453,"properties":{"name":"Salvador","name:zh":"萨尔瓦多","name:en":"Salvador","wikidata":"Q36947","country_code":"BR","population":3484000,"class":"city","rank":3,"minzoom":3.7,"capital":false,"region_capital":true,"source_class":"Admin-1 capital"},"geometry":{"type":"Point","coordinates":[-38.481933,-12.968026]}},{"type":"Feature","id":1159151455,"properties":{"name":"Edmonton","name:zh":"埃德蒙顿","name:en":"Edmonton","wikidata":"Q2096","country_code":"CA","population":1058000,"class":"city","rank":3,"minzoom":4,"capital":false,"region_capital":true,"source_class":"Admin-1 capital"},"geometry":{"type":"Point","coordinates":[-113.501928,53.551971]}},{"type":"Feature","id":1159151457,"properties":{"name":"Montréal","name:zh":"蒙特利尔","name:en":"Montreal","wikidata":"Q340","country_code":"CA","population":3678000,"class":"city","rank":3,"minzoom":4,"capital":false,"region_capital":false,"source_class":"Populated place"},"geometry":{"type":"Point","coordinates":[-73.585243,45.501945]}},{"type":"Feature","id":1159151459,"properties":{"name":"Goiânia","name:zh":"戈亚尼亚","name:en":"Goiânia","wikidata":"Q83189","country_code":"BR","population":2022000,"class":"city","rank":3,"minzoom":4.7,"capital":false,"region_capital":true,"source_class":"Admin-1 capital"},"geometry":{"type":"Point","coordinates":[-49.301971,-16.718081]}},{"type":"Feature","id":1159151461,"properties":{"name":"Recife","name:zh":"累西腓","name:en":"Recife","wikidata":"Q48344","country_code":"BR","population":3651000,"class":"city","rank":3,"minzoom":3.7,"capital":false,"region_capital":true,"source_class":"Admin-1 capital"},"geometry":{"type":"Point","coordinates":[-34.908766,-8.060532]}},{"type":"Feature","id":1159151465,"properties":{"name":"Brussels","name:zh":"布鲁塞尔","name:en":"Brussels","wikidata":"Q239","country_code":"BE","population":1743000,"class":"city","rank":3,"minzoom":4.7,"capital":true,"region_capital":false,"source_class":"Admin-0 capital"},"geometry":{"type":"Point","coordinates":[4.331371,50.835263]}},{"type":"Feature","id":1159151467,"properties":{"name":"Dhaka","name:zh":"达卡","name:en":"Dhaka","wikidata":"Q1354","country_code":"BD","population":12797394,"class":"city","rank":3,"minzoom":4,"capital":true,"region_capital":false,"source_class":"Admin-0 capital"},"geometry":{"type":"Point","coordinates":[90.406634,23.725006]}},{"type":"Feature","id":1159151469,"properties":{"name":"Luanda","name:zh":"罗安达","name:en":"Luanda","wikidata":"Q3897","country_code":"AO","population":5172900,"class":"city","rank":3,"minzoom":4,"capital":true,"region_capital":false,"source_class":"Admin-0 capital"},"geometry":{"type":"Point","coordinates":[13.232481,-8.83634]}},{"type":"Feature","id":1159151471,"properties":{"name":"Algiers","name:zh":"阿尔及尔","name:en":"Algiers","wikidata":"Q3561","country_code":"DZ","population":3354000,"class":"city","rank":3,"minzoom":4,"capital":true,"region_capital":false,"source_class":"Admin-0 capital"},"geometry":{"type":"Point","coordinates":[3.048607,36.765011]}},{"type":"Feature","id":1159151473,"properties":{"name":"Chattogram","name:zh":"吉大港","name:en":"Chattogram","wikidata":"Q376749","country_code":"BD","population":4529000,"class":"city","rank":3,"minzoom":4,"capital":false,"region_capital":true,"source_class":"Admin-1 capital"},"geometry":{"type":"Point","coordinates":[91.798022,22.331938]}},{"type":"Feature","id":1159151475,"properties":{"name":"Perth","name:zh":"珀斯","name:en":"Perth","wikidata":"Q3183","country_code":"AU","population":1532000,"class":"city","rank":3,"minzoom":3.7,"capital":false,"region_capital":true,"source_class":"Admin-1 capital"},"geometry":{"type":"Point","coordinates":[115.838053,-31.953069]}},{"type":"Feature","id":1159151477,"properties":{"name":"Yangon","name:zh":"仰光","name:en":"Yangon","wikidata":"Q37995","country_code":"MM","population":4088000,"class":"city","rank":3,"minzoom":4,"capital":false,"region_capital":false,"source_class":"Admin-0 capital"},"geometry":{"type":"Point","coordinates":[96.164732,16.7853]}},{"type":"Feature","id":1159151479,"properties":{"name":"San Francisco","name:zh":"旧金山","name:en":"San Francisco","wikidata":"Q62","country_code":"US","population":3450000,"class":"city","rank":2,"minzoom":2.7,"capital":false,"region_capital":false,"source_class":"Populated place"},"geometry":{"type":"Point","coordinates":[-122.3996,37.784263]}},{"type":"Feature","id":1159151483,"properties":{"name":"Denver","name:zh":"丹佛","name:en":"Denver","wikidata":"Q16554","country_code":"US","population":2313000,"class":"city","rank":2,"minzoom":3.7,"capital":false,"region_capital":true,"source_class":"Admin-1 capital"},"geometry":{"type":"Point","coordinates":[-104.985962,39.741134]}},{"type":"Feature","id":1159151485,"properties":{"name":"Houston","name:zh":"休斯敦","name:en":"Houston","wikidata":"Q16555","country_code":"US","population":4459000,"class":"city","rank":2,"minzoom":3,"capital":false,"region_capital":false,"source_class":"Populated place"},"geometry":{"type":"Point","coordinates":[-95.348436,29.741273]}},{"type":"Feature","id":1159151487,"properties":{"name":"Miami","name:zh":"迈阿密","name:en":"Miami","wikidata":"Q8652","country_code":"US","population":5585000,"class":"city","rank":2,"minzoom":2.1,"capital":false,"region_capital":false,"source_class":"Populated place"},"geometry":{"type":"Point","coordinates":[-80.226052,25.789557]}},{"type":"Feature","id":1159151489,"properties":{"name":"Atlanta","name:zh":"亚特兰大","name:en":"Atlanta","wikidata":"Q23556","country_code":"US","population":4506000,"class":"city","rank":2,"minzoom":3,"capital":false,"region_capital":true,"source_class":"Admin-1 capital"},"geometry":{"type":"Point","coordinates":[-84.367642,33.739457]}},{"type":"Feature","id":1159151491,"properties":{"name":"Chicago","name:zh":"芝加哥","name:en":"Chicago","wikidata":"Q1297","country_code":"US","population":8990000,"class":"city","rank":2,"minzoom":3,"capital":false,"region_capital":false,"source_class":"Populated place"},"geometry":{"type":"Point","coordinates":[-87.635237,41.847961]}},{"type":"Feature","id":1159151493,"properties":{"name":"Caracas","name:zh":"加拉加斯","name:en":"Caracas","wikidata":"Q1533","country_code":"VE","population":2985000,"class":"city","rank":2,"minzoom":3,"capital":true,"region_capital":false,"source_class":"Admin-0 capital"},"geometry":{"type":"Point","coordinates":[-66.918983,10.502944]}},{"type":"Feature","id":1159151495,"properties":{"name":"Kyiv","name:zh":"基辅","name:en":"Kyiv","wikidata":"Q1899","country_code":"UA","population":2709000,"class":"city","rank":2,"minzoom":3.7,"capital":true,"region_capital":false,"source_class":"Admin-0 capital"},"geometry":{"type":"Point","coordinates":[30.514682,50.435313]}},{"type":"Feature","id":1159151497,"properties":{"name":"Dubai","name:zh":"迪拜","name:en":"Dubai","wikidata":"Q612","country_code":"AE","population":1379000,"class":"city","rank":2,"minzoom":3.7,"capital":false,"region_capital":true,"source_class":"Admin-1 capital"},"geometry":{"type":"Point","coordinates":[55.286946,25.214912]}},{"type":"Feature","id":1159151501,"properties":{"name":"Tashkent","name:zh":"塔什干","name:en":"Tashkent","wikidata":"Q269","country_code":"UZ","population":2184000,"class":"city","rank":2,"minzoom":3.7,"capital":true,"region_capital":false,"source_class":"Admin-0 capital"},"geometry":{"type":"Point","coordinates":[69.268823,41.303828]}},{"type":"Feature","id":1159151503,"properties":{"name":"Madrid","name:zh":"马德里","name:en":"Madrid","wikidata":"Q2807","country_code":"ES","population":5567000,"class":"city","rank":2,"minzoom":3,"capital":true,"region_capital":false,"source_class":"Admin-0 capital"},"geometry":{"type":"Point","coordinates":[-3.685297,40.401972]}},{"type":"Feature","id":1159151505,"properties":{"name":"Geneva","name:zh":"日内瓦","name:en":"Geneva","wikidata":"Q71","country_code":"CH","population":1240000,"class":"city","rank":2,"minzoom":3.7,"capital":false,"region_capital":true,"source_class":"Admin-1 capital"},"geometry":{"type":"Point","coordinates":[6.140028,46.210008]}},{"type":"Feature","id":1159151507,"properties":{"name":"Stockholm","name:zh":"斯德哥尔摩","name:en":"Stockholm","wikidata":"Q1754","country_code":"SE","population":1264000,"class":"city","rank":2,"minzoom":3,"capital":true,"region_capital":false,"source_class":"Admin-0 capital"},"geometry":{"type":"Point","coordinates":[18.0663,59.324127]}},{"type":"Feature","id":1159151509,"properties":{"name":"Bangkok","name:zh":"曼谷","name:en":"Bangkok","wikidata":"Q1861","country_code":"TH","population":6704000,"class":"city","rank":2,"minzoom":3,"capital":true,"region_capital":false,"source_class":"Admin-0 capital"},"geometry":{"type":"Point","coordinates":[100.514699,13.751945]}},{"type":"Feature","id":1159151511,"properties":{"name":"Lima","name:zh":"利马","name:en":"Lima","wikidata":"Q2868","country_code":"PE","population":8012000,"class":"city","rank":2,"minzoom":3,"capital":true,"region_capital":false,"source_class":"Admin-0 capital"},"geometry":{"type":"Point","coordinates":[-77.052008,-12.046067]}},{"type":"Feature","id":1159151513,"properties":{"name":"Dakar","name:zh":"达喀尔","name:en":"Dakar","wikidata":"Q3718","country_code":"SN","population":2604000,"class":"city","rank":2,"minzoom":3,"capital":true,"region_capital":false,"source_class":"Admin-0 capital"},"geometry":{"type":"Point","coordinates":[-17.475076,14.717778]}},{"type":"Feature","id":1159151515,"properties":{"name":"Johannesburg","name:zh":"约翰内斯堡","name:en":"Johannesburg","wikidata":"Q34647","country_code":"ZA","population":3435000,"class":"city","rank":2,"minzoom":3,"capital":false,"region_capital":false,"source_class":"Admin-0 capital"},"geometry":{"type":"Point","coordinates":[28.028064,-26.168099]}},{"type":"Feature","id":1159151519,"properties":{"name":"Amsterdam","name:zh":"阿姆斯特丹","name:en":"Amsterdam","wikidata":"Q727","country_code":"NL","population":1031000,"class":"city","rank":2,"minzoom":3.7,"capital":true,"region_capital":false,"source_class":"Admin-0 capital"},"geometry":{"type":"Point","coordinates":[4.914694,52.351914]}},{"type":"Feature","id":1159151521,"properties":{"name":"Casablanca","name:zh":"卡萨布兰卡","name:en":"Casablanca","wikidata":"Q7903","country_code":"MA","population":3181000,"class":"city","rank":2,"minzoom":3.7,"capital":false,"region_capital":true,"source_class":"Admin-1 capital"},"geometry":{"type":"Point","coordinates":[-7.618313,33.601922]}},{"type":"Feature","id":1159151523,"properties":{"name":"Seoul","name:zh":"首尔","name:en":"Seoul","wikidata":"Q8684","country_code":"KR","population":9796000,"class":"city","rank":2,"minzoom":3,"capital":true,"region_capital":false,"source_class":"Admin-0 capital"},"geometry":{"type":"Point","coordinates":[126.997785,37.568295]}},{"type":"Feature","id":1159151525,"properties":{"name":"Manila","name:zh":"马尼拉","name:en":"Manila","wikidata":"Q1461","country_code":"PH","population":11100000,"class":"city","rank":2,"minzoom":2.7,"capital":true,"region_capital":false,"source_class":"Admin-0 capital"},"geometry":{"type":"Point","coordinates":[120.980271,14.606105]}},{"type":"Feature","id":1159151527,"properties":{"name":"Monterrey","name:zh":"蒙特雷","name:en":"Monterrey","wikidata":"Q81033","country_code":"MX","population":3712000,"class":"city","rank":2,"minzoom":3.7,"capital":false,"region_capital":true,"source_class":"Admin-1 capital"},"geometry":{"type":"Point","coordinates":[-100.331931,25.671941]}},{"type":"Feature","id":1159151529,"properties":{"name":"Berlin","name:zh":"柏林","name:en":"Berlin","wikidata":"Q64","country_code":"DE","population":3406000,"class":"city","rank":2,"minzoom":2.7,"capital":true,"region_capital":false,"source_class":"Admin-0 capital"},"geometry":{"type":"Point","coordinates":[13.399603,52.523764]}},{"type":"Feature","id":1159151531,"properties":{"name":"Ürümqi","name:zh":"乌鲁木齐","name:en":"Ürümqi","wikidata":"Q16959","country_code":"CN","population":3575000,"class":"city","rank":2,"minzoom":3.7,"capital":false,"region_capital":true,"source_class":"Admin-1 capital"},"geometry":{"type":"Point","coordinates":[87.57306,43.806958]}},{"type":"Feature","id":1159151533,"properties":{"name":"Chengdu","name:zh":"成都","name:en":"Chengdu","wikidata":"Q30002","country_code":"CN","population":4123000,"class":"city","rank":2,"minzoom":3,"capital":false,"region_capital":true,"source_class":"Admin-1 capital"},"geometry":{"type":"Point","coordinates":[104.068074,30.671946]}},{"type":"Feature","id":1159151537,"properties":{"name":"Ōsaka","name:zh":"大阪","name:en":"Osaka","wikidata":"Q35765","country_code":"JP","population":11294000,"class":"city","rank":2,"minzoom":3,"capital":false,"region_capital":true,"source_class":"Admin-1 region capital"},"geometry":{"type":"Point","coordinates":[135.503754,34.691095]}},{"type":"Feature","id":1159151539,"properties":{"name":"Kinshasa","name:zh":"金沙萨","name:en":"Kinshasa","wikidata":"Q3838","country_code":"CD","population":7843000,"class":"city","rank":2,"minzoom":3,"capital":true,"region_capital":false,"source_class":"Admin-0 capital"},"geometry":{"type":"Point","coordinates":[15.313026,-4.327778]}},{"type":"Feature","id":1159151541,"properties":{"name":"New Delhi","name:zh":"新德里","name:en":"New Delhi","wikidata":"Q987","country_code":"IN","population":317797,"class":"city","rank":2,"minzoom":2.1,"capital":true,"region_capital":false,"source_class":"Admin-0 capital"},"geometry":{"type":"Point","coordinates":[77.19998,28.600023]}},{"type":"Feature","id":1159151543,"properties":{"name":"Bengaluru","name:zh":"班加罗尔","name:en":"Bengaluru","wikidata":"Q1355","country_code":"IN","population":6787000,"class":"city","rank":2,"minzoom":3.7,"capital":false,"region_capital":true,"source_class":"Admin-1 capital"},"geometry":{"type":"Point","coordinates":[77.558064,12.971941]}},{"type":"Feature","id":1159151545,"properties":{"name":"Athens","name:zh":"雅典","name:en":"Athens","wikidata":"Q1524","country_code":"GR","population":3242000,"class":"city","rank":2,"minzoom":3.7,"capital":true,"region_capital":false,"source_class":"Admin-0 capital"},"geometry":{"type":"Point","coordinates":[23.731375,37.985272]}},{"type":"Feature","id":1159151547,"properties":{"name":"Baghdad","name:zh":"巴格达","name:en":"Baghdad","wikidata":"Q1530","country_code":"IQ","population":5054000,"class":"city","rank":2,"minzoom":3.7,"capital":true,"region_capital":false,"source_class":"Admin-0 capital"},"geometry":{"type":"Point","coordinates":[44.391923,33.340594]}},{"type":"Feature","id":1159151549,"properties":{"name":"Addis Ababa","name:zh":"亚的斯亚贝巴","name:en":"Addis Ababa","wikidata":"Q3624","country_code":"ET","population":3100000,"class":"city","rank":2,"minzoom":3,"capital":true,"region_capital":false,"source_class":"Admin-0 capital"},"geometry":{"type":"Point","coordinates":[38.698059,9.035256]}},{"type":"Feature","id":1159151551,"properties":{"name":"Tehran","name:zh":"德黑兰","name:en":"Tehran","wikidata":"Q3616","country_code":"IR","population":7873000,"class":"city","rank":2,"minzoom":3,"capital":true,"region_capital":false,"source_class":"Admin-0 capital"},"geometry":{"type":"Point","coordinates":[51.422398,35.673889]}},{"type":"Feature","id":1159151555,"properties":{"name":"Vancouver","name:zh":"温哥华","name:en":"Vancouver","wikidata":"Q24639","country_code":"CA","population":2313328,"class":"city","rank":2,"minzoom":2.1,"capital":false,"region_capital":false,"source_class":"Populated place"},"geometry":{"type":"Point","coordinates":[-123.12359,49.275362]}},{"type":"Feature","id":1159151557,"properties":{"name":"Toronto","name:zh":"多伦多","name:en":"Toronto","wikidata":"Q172","country_code":"CA","population":5213000,"class":"city","rank":2,"minzoom":2.1,"capital":false,"region_capital":true,"source_class":"Admin-1 capital"},"geometry":{"type":"Point","coordinates":[-79.389459,43.664645]}},{"type":"Feature","id":1159151559,"properties":{"name":"Buenos Aires","name:zh":"布宜诺斯艾利斯","name:en":"Buenos Aires","wikidata":"Q1486","country_code":"AR","population":12795000,"class":"city","rank":2,"minzoom":2.1,"capital":true,"region_capital":false,"source_class":"Admin-0 capital"},"geometry":{"type":"Point","coordinates":[-58.432513,-34.610715]}},{"type":"Feature","id":1159151561,"properties":{"name":"Kabul","name:zh":"喀布尔","name:en":"Kabul","wikidata":"Q5838","country_code":"AF","population":3277000,"class":"city","rank":2,"minzoom":3.7,"capital":true,"region_capital":false,"source_class":"Admin-0 capital"},"geometry":{"type":"Point","coordinates":[69.181314,34.518636]}},{"type":"Feature","id":1159151563,"properties":{"name":"Vienna","name:zh":"维也纳","name:en":"Vienna","wikidata":"Q1741","country_code":"AT","population":2400000,"class":"city","rank":2,"minzoom":3.7,"capital":true,"region_capital":false,"source_class":"Admin-0 capital"},"geometry":{"type":"Point","coordinates":[16.364693,48.201961]}},{"type":"Feature","id":1159151565,"properties":{"name":"Melbourne","name:zh":"墨尔本","name:en":"Melbourne","wikidata":"Q3141","country_code":"AU","population":4170000,"class":"city","rank":2,"minzoom":3,"capital":false,"region_capital":true,"source_class":"Admin-1 capital"},"geometry":{"type":"Point","coordinates":[144.97307,-37.818086]}},{"type":"Feature","id":1159151567,"properties":{"name":"Taipei","name:zh":"台北","name:en":"Taipei","wikidata":"Q1867","country_code":"TW","population":6900273,"class":"city","rank":2,"minzoom":3.7,"capital":true,"region_capital":false,"source_class":"Admin-0 capital"},"geometry":{"type":"Point","coordinates":[121.568333,25.035833]}},{"type":"Feature","id":1159151703,"properties":{"name":"Auckland","name:zh":"奥克兰都会区","name:en":"Auckland","wikidata":"Q37100","country_code":"NZ","population":1377200,"class":"city","rank":2,"minzoom":3,"capital":false,"region_capital":true,"source_class":"Admin-1 capital"},"geometry":{"type":"Point","coordinates":[174.763027,-36.848055]}},{"type":"Feature","id":1159151569,"properties":{"name":"Los Angeles","name:zh":"洛杉矶","name:en":"Los Angeles","wikidata":"Q65","country_code":"US","population":12500000,"class":"city","rank":1,"minzoom":2,"capital":false,"region_capital":false,"source_class":"Populated place"},"geometry":{"type":"Point","coordinates":[-118.231986,34.049219]}},{"type":"Feature","id":1159151573,"properties":{"name":"Washington,  D.C.","name:zh":"华盛顿哥伦比亚特区","name:en":"Washington","wikidata":"Q61","country_code":"US","population":4338000,"class":"city","rank":1,"minzoom":2.1,"capital":true,"region_capital":false,"source_class":"Admin-0 capital"},"geometry":{"type":"Point","coordinates":[-77.011364,38.901495]}},{"type":"Feature","id":1159151575,"properties":{"name":"New York","name:zh":"纽约","name:en":"New York City","wikidata":"Q60","country_code":"US","population":19040000,"class":"city","rank":1,"minzoom":1.7,"capital":false,"region_capital":false,"source_class":"Populated place"},"geometry":{"type":"Point","coordinates":[-73.995718,40.721562]}},{"type":"Feature","id":1159151577,"properties":{"name":"London","name:zh":"伦敦","name:en":"London","wikidata":"Q84","country_code":"GB","population":8567000,"class":"city","rank":1,"minzoom":1.7,"capital":true,"region_capital":false,"source_class":"Admin-0 capital"},"geometry":{"type":"Point","coordinates":[-0.118668,51.501941]}},{"type":"Feature","id":1159151579,"properties":{"name":"Istanbul","name:zh":"伊斯坦布尔","name:en":"Istanbul","wikidata":"Q406","country_code":"TR","population":10061000,"class":"city","rank":1,"minzoom":3,"capital":false,"region_capital":true,"source_class":"Admin-1 capital"},"geometry":{"type":"Point","coordinates":[28.974277,41.017602]}},{"type":"Feature","id":1159151581,"properties":{"name":"Riyadh","name:zh":"利雅德","name:en":"Riyadh","wikidata":"Q3692","country_code":"SA","population":4465000,"class":"city","rank":1,"minzoom":3.7,"capital":true,"region_capital":false,"source_class":"Admin-0 capital"},"geometry":{"type":"Point","coordinates":[46.720487,24.634497]}},{"type":"Feature","id":1159151583,"properties":{"name":"Cape Town","name:zh":"开普敦","name:en":"Cape Town","wikidata":"Q5465","country_code":"ZA","population":3215000,"class":"city","rank":1,"minzoom":1.7,"capital":true,"region_capital":false,"source_class":"Admin-0 capital"},"geometry":{"type":"Point","coordinates":[18.433042,-33.918065]}},{"type":"Feature","id":1159151585,"properties":{"name":"Moscow","name:zh":"莫斯科","name:en":"Moscow","wikidata":"Q649","country_code":"RU","population":10452000,"class":"city","rank":1,"minzoom":1.7,"capital":true,"region_capital":false,"source_class":"Admin-0 capital"},"geometry":{"type":"Point","coordinates":[37.613577,55.75411]}},{"type":"Feature","id":1159151587,"properties":{"name":"Mexico City","name:zh":"墨西哥城","name:en":"Mexico City","wikidata":"Q1489","country_code":"MX","population":19028000,"class":"city","rank":1,"minzoom":2.1,"capital":true,"region_capital":false,"source_class":"Admin-0 capital"},"geometry":{"type":"Point","coordinates":[-99.132934,19.444388]}},{"type":"Feature","id":1159151591,"properties":{"name":"Lagos","name:zh":"拉各斯","name:en":"Lagos","wikidata":"Q8673","country_code":"NG","population":9466000,"class":"city","rank":1,"minzoom":2,"capital":false,"region_capital":false,"source_class":"Admin-0 capital alt"},"geometry":{"type":"Point","coordinates":[3.389585,6.445208]}},{"type":"Feature","id":1159151593,"properties":{"name":"Rome","name:zh":"罗马","name:en":"Rome","wikidata":"Q220","country_code":"IT","population":3339000,"class":"city","rank":1,"minzoom":2.7,"capital":true,"region_capital":false,"source_class":"Admin-0 capital"},"geometry":{"type":"Point","coordinates":[12.481313,41.897902]}},{"type":"Feature","id":1159151595,"properties":{"name":"Beijing","name:zh":"北京","name:en":"Beijing","wikidata":"Q956","country_code":"CN","population":11106000,"class":"city","rank":1,"minzoom":1.7,"capital":true,"region_capital":false,"source_class":"Admin-0 capital"},"geometry":{"type":"Point","coordinates":[116.394201,39.90172]}},{"type":"Feature","id":1159151597,"properties":{"name":"Nairobi","name:zh":"内罗毕","name:en":"Nairobi","wikidata":"Q3870","country_code":"KE","population":3010000,"class":"city","rank":1,"minzoom":2,"capital":true,"region_capital":false,"source_class":"Admin-0 capital"},"geometry":{"type":"Point","coordinates":[36.814711,-1.281401]}},{"type":"Feature","id":1159151599,"properties":{"name":"Jakarta","name:zh":"雅加达","name:en":"Jakarta","wikidata":"Q3630","country_code":"ID","population":9125000,"class":"city","rank":1,"minzoom":2.1,"capital":true,"region_capital":false,"source_class":"Admin-0 capital"},"geometry":{"type":"Point","coordinates":[106.827492,-6.172472]}},{"type":"Feature","id":1159151601,"properties":{"name":"Bogota","name:zh":"波哥大","name:en":"Bogotá","wikidata":"Q2841","country_code":"CO","population":7772000,"class":"city","rank":1,"minzoom":2.1,"capital":true,"region_capital":false,"source_class":"Admin-0 capital"},"geometry":{"type":"Point","coordinates":[-74.08529,4.598369]}},{"type":"Feature","id":1159151603,"properties":{"name":"Cairo","name:zh":"开罗","name:en":"Cairo","wikidata":"Q85","country_code":"EG","population":11893000,"class":"city","rank":1,"minzoom":1.7,"capital":true,"region_capital":false,"source_class":"Admin-0 capital"},"geometry":{"type":"Point","coordinates":[31.248022,30.051906]}},{"type":"Feature","id":1159151605,"properties":{"name":"Shanghai","name:zh":"上海","name:en":"Shanghai","wikidata":"Q8686","country_code":"CN","population":14987000,"class":"city","rank":1,"minzoom":2,"capital":false,"region_capital":true,"source_class":"Admin-1 capital"},"geometry":{"type":"Point","coordinates":[121.434559,31.218398]}},{"type":"Feature","id":1159151609,"properties":{"name":"Tokyo","name:zh":"东京","name:en":"Tokyo","wikidata":"Q1490","country_code":"JP","population":35676000,"class":"city","rank":1,"minzoom":1.7,"capital":true,"region_capital":false,"source_class":"Admin-0 capital"},"geometry":{"type":"Point","coordinates":[139.749462,35.686963]}},{"type":"Feature","id":1159151611,"properties":{"name":"Mumbai","name:zh":"孟买","name:en":"Mumbai","wikidata":"Q1156","country_code":"IN","population":18978000,"class":"city","rank":1,"minzoom":1.7,"capital":false,"region_capital":true,"source_class":"Admin-1 capital"},"geometry":{"type":"Point","coordinates":[72.875839,19.068408]}},{"type":"Feature","id":1159151613,"properties":{"name":"Paris","name:zh":"巴黎","name:en":"Paris","wikidata":"Q90","country_code":"FR","population":9904000,"class":"city","rank":1,"minzoom":1.7,"capital":true,"region_capital":false,"source_class":"Admin-0 capital"},"geometry":{"type":"Point","coordinates":[2.352992,48.858092]}},{"type":"Feature","id":1159151615,"properties":{"name":"Santiago","name:zh":"圣地亚哥","name:en":"Santiago","wikidata":"Q2887","country_code":"CL","population":5720000,"class":"city","rank":1,"minzoom":2,"capital":true,"region_capital":false,"source_class":"Admin-0 capital"},"geometry":{"type":"Point","coordinates":[-70.650504,-33.440205]}},{"type":"Feature","id":1159151617,"properties":{"name":"Kolkata","name:zh":"加尔各答","name:en":"Kolkata","wikidata":"Q1348","country_code":"IN","population":14787000,"class":"city","rank":1,"minzoom":3.7,"capital":false,"region_capital":true,"source_class":"Admin-1 capital"},"geometry":{"type":"Point","coordinates":[88.369126,22.569579]}},{"type":"Feature","id":1159151619,"properties":{"name":"Rio de Janeiro","name:zh":"里约热内卢","name:en":"Rio de Janeiro","wikidata":"Q8678","country_code":"BR","population":11748000,"class":"city","rank":1,"minzoom":1.7,"capital":false,"region_capital":true,"source_class":"Admin-1 capital"},"geometry":{"type":"Point","coordinates":[-43.212117,-22.907308]}},{"type":"Feature","id":1159151621,"properties":{"name":"São Paulo","name:zh":"圣保罗","name:en":"São Paulo","wikidata":"Q174","country_code":"BR","population":18845000,"class":"city","rank":1,"minzoom":3,"capital":false,"region_capital":true,"source_class":"Admin-1 capital"},"geometry":{"type":"Point","coordinates":[-46.626966,-23.556734]}},{"type":"Feature","id":1159151623,"properties":{"name":"Sydney","name:zh":"悉尼","name:en":"Sydney","wikidata":"Q3130","country_code":"AU","population":4630000,"class":"city","rank":1,"minzoom":1.7,"capital":false,"region_capital":true,"source_class":"Admin-1 capital"},"geometry":{"type":"Point","coordinates":[151.212548,-33.871373]}},{"type":"Feature","id":1159151627,"properties":{"name":"Singapore","name:zh":"新加坡","name:en":"Singapore","wikidata":"Q334","country_code":"SG","population":5183700,"class":"city","rank":1,"minzoom":2.1,"capital":true,"region_capital":false,"source_class":"Admin-0 capital"},"geometry":{"type":"Point","coordinates":[103.853875,1.294979]}},{"type":"Feature","id":1159151629,"properties":{"name":"Hong Kong","name:zh":"香港","name:en":"Hong Kong","wikidata":"Q8646","country_code":"HK","population":7206000,"class":"city","rank":1,"minzoom":3,"capital":false,"region_capital":false,"source_class":"Admin-0 region capital"},"geometry":{"type":"Point","coordinates":[114.183064,22.306927]}}]}