{"type": "FeatureCollection", "features": [{"type": "Feature", "geometry": {"type": "LineString", "coordinates": [[7.1384, 43.5593], [7.2075, 43.588], [7.8055, 43.9573], [7.5526, 45.1072], [7.5616, 45.1086]]}, "properties": {"type": "UnclassifiedFeature", "length": 0.0314, "pid": 0, "name": "Alps-Apennines Transform 35-0Ma"}}, {"type": "Feature", "geometry": {"type": "LineString", "coordinates": [[-2.1137, 43.3628], [-1.8319, 43.2096], [-0.5826, 42.7799], [1.3632, 42.6299], [3.2685, 42.4739]]}, "properties": {"type": "UnclassifiedFeature", "length": 0.0718, "pid": 304, "name": "Iberia - Pyrenees"}}, {"type": "Feature", "geometry": {"type": "LineString", "coordinates": [[-2.1137, 43.3628], [-0.7796, 43.6684], [1.6387, 43.4357], [3.2441, 43.4939], [5.1, 43.6477], [5.838, 43.7123], [6.3528, 43.7545]]}, "properties": {"type": "UnclassifiedFeature", "length": 0.1085, "pid": 301, "name": "France - Pyrenees"}}, {"type": "Feature", "geometry": {"type": "LineString", "coordinates": [[7.5138, 45.1071], [7.5526, 45.1072], [7.5726, 45.1011]]}, "properties": {"type": "SubductionZone", "length": 0.0007, "pid": 0, "name": "Apenninic Front 35-0Ma", "polarity": "Right"}}, {"type": "Feature", "geometry": {"type": "LineString", "coordinates": [[7.5726, 45.1011], [7.611, 45.0893], [7.9932, 45.2778], [8.5589, 45.3237], [9.0881, 45.0715], [9.4431, 45.2634], [9.7861, 45.3437], [10.4908, 44.9114], [11.1472, 45.048], [11.7323, 44.9875], [12.2752, 44.498], [13.5752, 43.7652], [13.7619, 43.0003], [14.3052, 42.2966], [14.9157, 42.096], [15.7473, 41.1182], [16.8524, 40.3975], [18.0416, 39.4716], [19.7363, 38.0971], [19.0682, 37.12], [17.966, 36.1525], [17.1436, 35.7586], [16.6029, 35.7126], [15.7462, 36.0338], [15.3962, 36.686], [15.4598, 37.4744]]}, "properties": {"type": "SubductionZone", "length": 0.3247, "pid": 0, "name": "Apenninic Front 35-0Ma", "polarity": "Right"}}, {"type": "Feature", "geometry": {"type": "LineString", "coordinates": [[15.4598, 37.4744], [14.9142, 37.5158], [13.9907, 37.1218], [12.5026, 37.3917], [11.2415, 37.4144], [10.4258, 37.1172], [9.7074, 37.3191], [8.786, 36.9628], [8.0847, 36.907], [7.6376, 36.6762], [6.8662, 36.7563], [5.1509, 36.6382], [4.3394, 36.4131], [3.7789, 36.5368], [2.051, 36.4437], [1.1918, 36.5139], [0.3588, 36.1829], [-0.7686, 35.7445], [-2.1219, 35.0992], [-4.0663, 34.997], [-5.1267, 34.9958], [-5.8964, 36.3587], [-5.6312, 36.4644]]}, "properties": {"type": "SubductionZone", "length": 0.3333, "pid": 0, "name": "Africa-Betic Front 35-0Ma", "polarity": "Right"}}, {"type": "Feature", "geometry": {"type": "LineString", "coordinates": [[-5.6312, 36.4644], [-3.766, 37.1837], [-1.3894, 37.8989], [0.1817, 38.7634]]}, "properties": {"type": "SubductionZone", "length": 0.0904, "pid": 0, "name": "Africa-Betic Front 35-0Ma", "polarity": "Right"}}, {"type": "Feature", "geometry": {"type": "LineString", "coordinates": [[0.1817, 38.7634], [1.2883, 38.4889], [2.4909, 38.5551], [3.6809, 38.6709], [4.7842, 38.8113], [6.3067, 39.0346], [8.2401, 37.9491], [10.6516, 39.0688], [10.5689, 39.639], [10.475, 40.2608], [10.3848, 40.8215], [10.2187, 41.4162], [10.0912, 41.8983], [9.7173, 43.0466], [9.544, 43.3961], [9.0315, 43.9761], [8.3877, 44.5362], [7.5726, 45.1011]]}, "properties": {"type": "UnclassifiedFeature", "length": 0.2716, "pid": 0, "name": "West Mediterranean Mesh Boundary"}}, {"type": "Feature", "geometry": {"type": "LineString", "coordinates": [[7.5726, 45.1011], [7.5616, 45.1086]]}, "properties": {"type": "UnclassifiedFeature", "length": 0.0002, "pid": 0, "name": "West Mediterranean Mesh Boundary"}}, {"type": "Feature", "geometry": {"type": "LineString", "coordinates": [[34.4195, 35.2239], [35.7234, 35.7767]]}, "properties": {"type": "UnclassifiedFeature", "length": 0.0209, "pid": 503, "name": "North Arabia 10-0 Ma"}}, {"type": "Feature", "geometry": {"type": "LineString", "coordinates": [[35.7234, 35.7767], [35.7653, 35.7942], [36.2551, 35.9877], [37.1215, 36.2189], [38.4905, 36.8347], [39.5693, 37.1829], [40.7926, 37.2839], [41.6925, 37.3939], [43.0882, 36.3091]]}, "properties": {"type": "UnclassifiedFeature", "length": 0.1164, "pid": 503, "name": "North Arabia 10-0 Ma"}}, {"type": "Feature", "geometry": {"type": "LineString", "coordinates": [[101.8465, 27.79], [101.2913, 27.3135], [99.4295, 26.502], [99.3905, 26.4444]]}, "properties": {"type": "UnclassifiedFeature", "length": 0.0454, "pid": 301, "name": "Section_Boundary Between Rigid Eurasia and Himalaya-Zagros Deformation"}}, {"type": "Feature", "geometry": {"type": "LineString", "coordinates": [[3.2685, 42.4739], [3.4383, 42.4611], [4.5375, 42.4794], [5.9357, 42.806], [7.1384, 43.5593]]}, "properties": {"type": "UnclassifiedFeature", "length": 0.0554, "pid": 301, "name": "Pyrennees southern boundary"}}, {"type": "Feature", "geometry": {"type": "LineString", "coordinates": [[7.5138, 45.1071], [7.4749, 45.107], [7.5948, 45.283], [7.8212, 45.5057], [8.0845, 45.6873], [8.7443, 45.5621], [9.0699, 45.4794], [9.5122, 45.4526], [10.062, 45.4241], [10.5788, 45.5102], [10.8574, 45.6886], [11.5562, 45.9098], [11.9811, 45.9798], [12.3048, 46.0211], [12.8102, 46.3079], [13.4223, 45.8992], [14.0354, 45.4659], [14.1315, 45.3055], [14.2771, 44.3916], [14.8363, 43.5953], [15.2916, 43.2295], [17.0069, 42.7004], [17.7165, 42.6607], [18.3566, 42.4377], [18.5681, 42.2835], [19.1685, 41.8824], [19.3409, 41.5206], [19.6615, 41.1093]]}, "properties": {"type": "SubductionZone", "length": 0.2111, "pid": 307, "name": "Alpine_Mesh_Boundary_35-0Ma", "polarity": "Left"}}, {"type": "Feature", "geometry": {"type": "LineString", "coordinates": [[44.945, 39.9265], [42.487, 40.3625], [40.7711, 40.675], [38.7836, 41.611], [37.6419, 42.1214], [36.2995, 42.3339], [34.789, 42.5526], [33.3361, 42.7429], [32.0024, 42.9006]]}, "properties": {"type": "UnclassifiedFeature", "length": 0.179, "pid": 301, "name": "Alps Mesh Boundary 18-0Ma"}}, {"type": "Feature", "geometry": {"type": "LineString", "coordinates": [[19.6615, 41.1093], [19.6555, 39.9802], [20.4932, 39.1024], [19.8032, 38.108], [18.8933, 36.9099], [18.9241, 36.0308], [18.9654, 35.0522], [20.1511, 34.0134], [21.0854, 33.591], [22.1051, 33.1578], [23.4561, 32.5667], [24.6134, 32.4846], [25.5571, 32.4002], [26.3629, 32.9628], [27.0881, 33.4676], [27.8317, 33.9879], [29.0398, 34.3262], [30.773, 34.453], [32.5872, 34.3819], [34.421, 35.2166]]}, "properties": {"type": "SubductionZone", "length": 0.3686, "pid": 0, "name": "Deforming Subduction Front - Eastern Mediterranean 35-0Ma", "polarity": "Left"}}, {"type": "Feature", "geometry": {"type": "LineString", "coordinates": [[34.4195, 35.2239], [34.421, 35.2166]]}, "properties": {"type": "UnclassifiedFeature", "length": 0.0001, "pid": 503, "name": "Boundary East Mediterranean - North Arabia Mesh 10-0 Ma"}}, {"type": "Feature", "geometry": {"type": "LineString", "coordinates": [[6.3528, 43.7545], [6.3233, 43.7603], [5.8753, 43.8285], [5.3087, 43.8732], [5.2377, 43.9945], [5.2684, 44.2032], [5.1728, 44.8531], [5.2431, 45.0721], [6.3177, 45.9725], [6.3509, 46.0465], [6.2863, 46.2417], [6.7044, 46.5818], [7.4515, 46.8157], [7.8216, 46.841], [8.013, 46.9717], [8.169, 47.0368], [8.3369, 47.0445], [8.4817, 47.1337], [9.8528, 47.5112], [10.262, 47.7327], [11.3769, 47.8238], [12.5875, 47.8216], [12.9948, 47.9885], [14.1563, 48.0255], [15.1085, 48.0742], [15.9883, 48.2913], [16.596, 48.7456], [16.8437, 49.1362], [17.5616, 49.3536], [17.9817, 49.6265], [18.7932, 49.8468], [20.2411, 50.0167], [22.4071, 50.0176], [24.205, 49.1126], [25.3442, 48.1167], [26.7676, 46.6561], [26.7511, 46.1108], [26.682, 45.2598], [25.4429, 44.7179], [24.1119, 44.5948], [22.8833, 44.8211]]}, "properties": {"type": "SubductionZone", "length": 0.4214, "pid": 0, "name": "Alpine - Carpathians Deforming Front 67-0Ma", "polarity": "Right"}}, {"type": "Feature", "geometry": {"type": "LineString", "coordinates": [[22.8833, 44.8211], [22.4836, 44.5214], [22.3666, 44.106], [22.6407, 43.8784], [23.1079, 43.6421], [23.6976, 43.4086], [24.5444, 43.2671], [25.66, 43.1962], [27.3252, 43.0338], [28.3047, 42.967], [31.9842, 42.8887], [32.0024, 42.9006]]}, "properties": {"type": "UnclassifiedFeature", "length": 0.1421, "pid": 301, "name": "Boundary 2nd Alpine Mesh - East"}}, {"type": "Feature", "geometry": {"type": "LineString", "coordinates": [[-73.3441, -33.2249], [-72.9319, -33.1894], [-71.991, -33.1768], [-71.4206, -33.1625], [-70.9536, -33.1754], [-70.5056, -33.1992], [-69.9332, -33.2153], [-69.2613, -33.2602], [-69.2207, -33.2641]]}, "properties": {"type": "SlabEdge", "length": 0.0603, "pid": 201, "name": "Southern Edge Pampean flat-slab"}}, {"type": "Feature", "geometry": {"type": "LineString", "coordinates": [[-67.9798, -26.1564], [-68.0259, -26.2884], [-68.0806, -26.4174], [-68.2042, -26.8187], [-68.2353, -27.2549], [-68.1703, -27.7577], [-68.0491, -28.1149], [-67.901, -28.4016], [-67.7411, -28.6775], [-67.5393, -29.0727], [-67.2749, -29.5667], [-67.1038, -29.9685], [-66.9784, -30.1571], [-66.8091, -30.3697], [-66.6324, -30.618], [-66.5765, -30.8121], [-66.5987, -30.9305], [-66.807, -31.1107], [-67.2076, -31.2322], [-68.0298, -31.3507], [-68.4205, -31.4811], [-68.6932, -31.6903], [-68.8888, -31.9642], [-69.0682, -32.3468], [-69.2008, -32.6727], [-69.2647, -33.0155], [-69.2207, -33.2641]]}, "properties": {"type": "SlabEdge", "length": 0.1536, "pid": 201117, "name": "Leading Edge Pampean flat-slab"}}, {"type": "Feature", "geometry": {"type": "LineString", "coordinates": [[-71.5459, -25.8257], [-71.5097, -25.8283], [-71.0876, -25.841], [-70.5566, -25.8525], [-70.0695, -25.8817], [-69.5661, -25.8866], [-69.0839, -25.9484], [-68.5911, -26.034], [-68.0065, -26.1507], [-67.9798, -26.1564]]}, "properties": {"type": "SlabEdge", "length": 0.0565, "pid": 201, "name": "Northern Edge Pampean flat-slab"}}, {"type": "Feature", "geometry": {"type": "LineString", "coordinates": [[-74.8105, -16.4774], [-74.4289, -16.1635], [-73.8, -15.6916], [-73.3077, -15.2881], [-72.8873, -14.9582], [-72.4867, -14.6284], [-71.9246, -14.1788], [-71.5996, -13.9136]]}, "properties": {"type": "SlabEdge", "length": 0.0702, "pid": 201, "name": "S Edge of Peruvian Flat Slab"}}, {"type": "Feature", "geometry": {"type": "LineString", "coordinates": [[-81.4791, -1.6359], [-81.057, -1.7795], [-80.7093, -1.9005], [-80.3025, -2.0283], [-79.817, -2.1649], [-79.3713, -2.2964], [-78.6013, -2.5645], [-77.2733, -3.0138], [-76.1367, -3.379], [-75.9523, -3.4342]]}, "properties": {"type": "SlabEdge", "length": 0.1014, "pid": 201, "name": "N Edge of Peruvian Flat Slab"}}, {"type": "Feature", "geometry": {"type": "LineString", "coordinates": [[-73.3441, -33.2249], [-73.3361, -33.1994], [-72.4078, -29.6086], [-71.5541, -26.0089], [-71.5459, -25.8257]]}, "properties": {"type": "SubductionZone", "length": 0.132, "pid": 201124, "name": "Andean Trench Segment", "polarity": "Right"}}, {"type": "Feature", "geometry": {"type": "LineString", "coordinates": [[-81.4791, -1.6359], [-81.561, -2.1973], [-81.6251, -2.7679], [-81.429, -7.4933], [-80.3262, -9.8617], [-77.3158, -14.1876], [-76.8233, -14.6861], [-76.6023, -14.9145], [-75.6759, -15.7493], [-74.8105, -16.4774]]}, "properties": {"type": "SubductionZone", "length": 0.2974, "pid": 201122, "name": "North Andes Trench Segment", "polarity": "Left"}}, {"type": "Feature", "geometry": {"type": "LineString", "coordinates": [[-75.9523, -3.4342], [-75.7655, -3.8702], [-75.7559, -4.2606], [-75.8825, -4.4674], [-76.145, -4.7241], [-76.4035, -4.9421], [-76.502, -5.1259], [-76.5819, -5.3765], [-76.6061, -5.7112], [-76.6376, -6.1099], [-76.6204, -6.5399], [-76.5631, -6.8447], [-76.4268, -7.0283], [-76.3363, -7.155], [-76.0418, -7.4468], [-75.8276, -7.6388], [-75.4967, -7.8617], [-75.3023, -8.0698], [-75.1357, -8.2722], [-74.9639, -8.5489], [-74.8352, -8.7593], [-74.7571, -8.9768], [-74.7308, -9.2136], [-74.7649, -9.5551], [-74.7671, -9.8259], [-74.6902, -10.0553], [-74.5127, -10.3206], [-74.164, -10.7667], [-73.8337, -11.1481], [-73.4876, -11.5054], [-72.9718, -12.0898], [-72.8148, -12.1792], [-72.5934, -12.2619], [-72.3512, -12.396], [-72.1526, -12.5883], [-71.9296, -12.9319], [-71.7636, -13.208], [-71.6365, -13.6299], [-71.5996, -13.9136]]}, "properties": {"type": "SlabEdge", "length": 0.2222, "pid": 201119, "name": "Leading edge of Peruvian Slab edge"}}, {"type": "Feature", "geometry": {"type": "LineString", "coordinates": [[-73.817, 8.7739], [-75.627, 8.184], [-78.7527, 7.1155]]}, "properties": {"type": "SlabEdge", "length": 0.0901, "pid": 201, "name": "Colombian flat slab"}}, {"type": "Feature", "geometry": {"type": "LineString", "coordinates": [[-77.9073, 5.3546], [-75.7647, 5.2494], [-74.2815, 5.0484]]}, "properties": {"type": "SlabEdge", "length": 0.0633, "pid": 201, "name": "Colombian flat slab edge defined by Caldas tear"}}, {"type": "Feature", "geometry": {"type": "LineString", "coordinates": [[-73.817, 8.7739], [-73.7997, 8.5972], [-73.7066, 8.2077], [-73.6371, 7.7789], [-73.7357, 7.3149], [-73.7759, 6.8625], [-73.8108, 6.3463], [-73.8533, 6.1237], [-73.9795, 5.6387], [-74.1804, 5.1989], [-74.2815, 5.0484]]}, "properties": {"type": "SlabEdge", "length": 0.0672, "pid": 201127, "name": "Leading edge of Colombian Slab edge"}}, {"type": "Feature", "geometry": {"type": "LineString", "coordinates": [[-64.595, -58.0818], [-65.4482, -58.0357], [-66.7749, -57.7306], [-67.5766, -57.5001]]}, "properties": {"type": "SubductionZone", "length": 0.0298, "pid": 201, "name": "South America trench taken from a combination of RUM and COB file", "polarity": "Right"}}, {"type": "Feature", "geometry": {"type": "LineString", "coordinates": [[-67.5766, -57.5001], [-67.6121, -57.4897], [-68.2481, -57.2645], [-68.5509, -57.1747], [-68.8147, -57.0981], [-69.0654, -57.0484], [-69.3402, -56.9843], [-69.6135, -56.9059], [-70.0092, -56.7977], [-70.4411, -56.6867], [-71.0397, -56.523], [-71.4886, -56.4016], [-71.9175, -56.2313], [-72.0926, -56.1365], [-72.2683, -56.0552], [-72.5484, -55.9286], [-72.7805, -55.8238], [-73.1143, -55.6663], [-73.4454, -55.508], [-73.7398, -55.3641], [-74.045, -55.2257], [-74.3233, -55.081], [-74.4937, -54.977], [-74.9482, -54.7266], [-75.5411, -54.3456], [-75.8814, -54.1163], [-76.1847, -53.7501], [-76.2185, -53.6856], [-76.3478, -53.317], [-76.4193, -52.9558], [-76.4749, -52.5784], [-76.5334, -52.2491], [-76.5457, -52.0857], [-76.6349, -51.7746], [-76.7202, -51.623]]}, "properties": {"type": "SubductionZone", "length": 0.146, "pid": 201, "name": "South America trench taken from a combination of RUM and COB file", "polarity": "Right"}}, {"type": "Feature", "geometry": {"type": "LineString", "coordinates": [[-76.7202, -51.623], [-76.8516, -51.3876], [-77.031, -51.0238], [-77.1481, -50.6889], [-77.2614, -50.3956], [-77.3063, -50.1427], [-77.3795, -49.8214], [-77.4387, -49.4631], [-77.3783, -49.0149], [-77.2318, -48.6539], [-77.1205, -48.4351], [-76.9965, -48.1725], [-76.8406, -47.871], [-76.5837, -47.3982], [-76.337, -46.9865], [-76.1708, -46.6407], [-76.0587, -46.3043], [-76.1246, -45.8671], [-76.1417, -45.5859], [-76.1444, -45.5436]]}, "properties": {"type": "SubductionZone", "length": 0.1097, "pid": 201, "name": "South America trench taken from a combination of RUM and COB file", "polarity": "Right"}}, {"type": "Feature", "geometry": {"type": "LineString", "coordinates": [[-76.1444, -45.5436], [-76.1568, -45.3532], [-76.1535, -45.274], [-76.1303, -45.0168], [-76.1038, -44.7081], [-76.0587, -44.3422], [-76.0044, -44.0359], [-75.9422, -43.706], [-75.8707, -43.3424], [-75.82, -43.0773], [-75.6958, -42.4176], [-75.613, -41.9895], [-75.5254, -41.5825], [-75.4338, -41.2034], [-75.3039, -40.6755], [-75.2315, -40.3846], [-75.1458, -39.9163], [-75.1003, -39.6275], [-75.0366, -39.26], [-74.8712, -38.9814]]}, "properties": {"type": "SubductionZone", "length": 0.1161, "pid": 201, "name": "South America trench taken from a combination of RUM and COB file", "polarity": "Right"}}, {"type": "Feature", "geometry": {"type": "LineString", "coordinates": [[-74.8712, -38.9814], [-74.8612, -38.9644], [-74.7827, -38.7336]]}, "properties": {"type": "SubductionZone", "length": 0.0045, "pid": 201, "name": "South America trench taken from a combination of RUM and COB file", "polarity": "Right"}}, {"type": "Feature", "geometry": {"type": "LineString", "coordinates": [[-78.0462, -5.0214], [-77.6095, -5.3964], [-73.5223, -8.8025], [-70.4933, -11.0331], [-67.7827, -13.1054], [-64.7631, -14.9606], [-62.5294, -17.1839], [-61.9948, -19.142], [-62.5109, -21.5938], [-63.8023, -24.3386], [-65.0541, -27.0864], [-66.5078, -29.5462], [-67.6498, -32.1296], [-67.839, -34.3901], [-70.279, -36.8481], [-74.8712, -38.9814]]}, "properties": {"type": "UnclassifiedFeature", "length": 0.7883, "pid": 201, "name": "Eastern boundary of Andes"}}, {"type": "Feature", "geometry": {"type": "LineString", "coordinates": [[-81.6602, -3.1744], [-81.6107, -2.7786], [-81.5805, -2.4955], [-81.5596, -2.2397], [-81.5112, -1.9567], [-81.4618, -1.5822], [-81.4232, -1.3722], [-81.4025, -1.1254], [-81.2892, -0.7331], [-81.1947, -0.3864], [-81.0735, -0.104], [-80.8869, 0.3425], [-80.7559, 0.698], [-80.6071, 1.0167], [-80.43, 1.4266], [-80.2081, 1.7719], [-80.0045, 2.1082], [-79.8569, 2.317], [-79.6077, 2.6618], [-79.3309, 3.0428], [-79.0638, 3.3689], [-78.8342, 3.5767], [-78.6217, 3.8941], [-78.4564, 4.0567], [-78.426, 4.2811], [-78.0121, 4.6637]]}, "properties": {"type": "SubductionZone", "length": 0.1552, "pid": 201, "name": "TBD SUB", "polarity": "Right"}}, {"type": "Feature", "geometry": {"type": "LineString", "coordinates": [[-76.998, 9.8496], [-76.9306, 9.9411], [-75.8858, 11.352], [-75.0639, 12.2091]]}, "properties": {"type": "SubductionZone", "length": 0.0529, "pid": 201, "name": "TBD SUB", "polarity": "Right"}}, {"type": "Feature", "geometry": {"type": "LineString", "coordinates": [[-81.6602, -3.1744], [-81.8486, -4.3051], [-81.4306, -7.4604], [-80.3392, -9.8005], [-77.3095, -14.1857], [-75.4983, -15.9629], [-73.5796, -17.4319], [-72.9121, -17.9365], [-72.326, -18.6104], [-71.7788, -19.1377], [-71.5852, -19.4612], [-71.3262, -19.9599], [-71.1834, -20.613], [-71.1939, -22.3213], [-71.5976, -26.2931], [-72.4422, -29.5783], [-74.2608, -36.4841], [-74.7827, -38.7336]]}, "properties": {"type": "SubductionZone", "length": 0.6892, "pid": 0, "name": "Andes Subduction Topology", "polarity": "Left"}}, {"type": "Feature", "geometry": {"type": "LineString", "coordinates": [[133.8857, 86.5956], [133.9353, 86.5914], [136.9994, 86.3333], [139.1896, 86.0403], [140.6379, 85.7172], [141.5442, 85.5404], [141.7396, 85.1877], [142.5879, 84.8039], [142.9027, 84.5238], [139.1578, 84.0248], [137.5697, 83.2218], [137.5493, 81.687], [137.3279, 80.0582], [135.128, 79.0086], [130.242, 77.9134], [128.3217, 77.3745], [126.1554, 76.8642]]}, "properties": {"type": "UnclassifiedFeature", "length": 0.1883, "pid": 114, "name": "COB"}}, {"type": "Feature", "geometry": {"type": "LineString", "coordinates": [[126.1916, 76.8421], [120.4441, 77.7524], [113.1056, 78.7605], [110.7892, 79.0974], [107.3192, 79.796], [104.1221, 80.6541], [100.631, 81.2848], [97.3018, 81.6774], [94.2202, 81.9024], [90.9359, 82.1051], [88.276, 82.2439], [86.427, 82.3282]]}, "properties": {"type": "UnclassifiedFeature", "length": 0.1568, "pid": 404, "name": "COB"}}, {"type": "Feature", "geometry": {"type": "LineString", "coordinates": [[171.5501, 86.5594], [168.2709, 86.3211], [166.0751, 86.1102], [164.6479, 85.9687], [163.5477, 85.9039], [162.8227, 85.8229], [162.1616, 85.7457], [161.6413, 85.6824], [160.7699, 85.5713], [158.7909, 84.3584], [151.633, 80.8326], [142.607, 77.4205], [138.0118, 75.7441], [137.6852, 74.6536], [141.3859, 73.3194], [140.3238, 72.3909], [138.5367, 71.6624]]}, "properties": {"type": "UnclassifiedFeature", "length": 0.2889, "pid": 114, "name": "UCCL"}}, {"type": "Feature", "geometry": {"type": "LineString", "coordinates": [[132.1873, 71.9219], [129.9767, 72.4268], [127.6303, 72.9096], [124.6135, 73.338], [122.8521, 73.3094], [119.271, 73.7383], [115.8342, 74.299], [112.9857, 76.3036], [107.5796, 78.0727], [95.1143, 80.8496], [82.9519, 81.4405]]}, "properties": {"type": "UnclassifiedFeature", "length": 0.2649, "pid": 404, "name": "UCCL"}}, {"type": "Feature", "geometry": {"type": "LineString", "coordinates": [[171.5501, 86.5594], [133.8857, 86.5956]]}, "properties": {"type": "UnclassifiedFeature", "length": 0.0385, "pid": 101, "name": "Mesh Margin"}}, {"type": "Feature", "geometry": {"type": "LineString", "coordinates": [[86.427, 82.3282], [82.9519, 81.4405]]}, "properties": {"type": "UnclassifiedFeature", "length": 0.0177, "pid": 301, "name": "Mesh Margin"}}, {"type": "Feature", "geometry": {"type": "LineString", "coordinates": [[171.5935, -33.4934], [172.3533, -33.5812], [173.4689, -33.8899], [174.2663, -34.1649], [174.9909, -34.4809], [175.5719, -34.9902], [175.8476, -35.4467], [176.1211, -35.7842]]}, "properties": {"type": "SubductionZone", "length": 0.0807, "pid": 8680, "name": "Challenger Plateau NE margin", "polarity": "Right"}}, {"type": "Feature", "geometry": {"type": "LineString", "coordinates": [[167.1958, -44.1194], [167.5636, -44.328], [167.8932, -44.5654]]}, "properties": {"type": "UnclassifiedFeature", "length": 0.0117, "pid": 86803, "name": "Challenger Plateau COB conjugate to Antarctica"}}, {"type": "Feature", "geometry": {"type": "LineString", "coordinates": [[165.1454, -46.557], [165.4575, -45.8029], [167.1432, -44.9478], [167.8932, -44.5654]]}, "properties": {"type": "InferredPaleoBoundary", "length": 0.0506, "pid": 8680, "name": "CLONE_Southern Margin of Challenger Plateau-New Zealand"}}, {"type": "Feature", "geometry": {"type": "LineString", "coordinates": [[35.6482, 3.9816], [35.7219, 3.9403], [35.8017, 3.5435], [35.8726, 3.3259], [35.8935, 2.9996], [35.7186, 2.8574], [35.8118, 2.4642], [35.7731, 2.1304], [35.7635, 1.8134], [35.6619, 1.5206], [35.5484, 1.1817], [35.4169, 0.7738], [35.4356, 0.3752], [35.5873, 0.0151], [35.7586, -0.2048], [35.6581, -0.3729], [35.8356, -0.4893], [35.8604, -0.8837], [35.8939, -1.1103], [35.8705, -1.4146], [35.9081, -1.6741], [35.6364, -1.9697], [35.3444, -2.3368], [35.2726, -2.6142], [35.1758, -3.0831], [35.0119, -3.3366], [34.829, -3.7208], [34.3496, -3.9817], [33.9359, -4.4994], [33.9989, -4.9921], [34.0539, -5.0769]]}, "properties": {"type": "UnclassifiedFeature", "length": 0.179, "pid": 712, "name": "EAR_Victoria"}}, {"type": "Feature", "geometry": {"type": "LineString", "coordinates": [[36.8568, 4.2377], [36.7955, 4.0922], [36.8166, 3.5683], [36.8649, 3.2803], [36.8577, 2.9158], [36.8447, 2.5831], [36.7604, 2.27], [36.7202, 2.0428], [36.6336, 1.5837], [36.5303, 1.1681], [36.3224, 0.7646], [36.2966, 0.4944], [36.3693, 0.2427], [36.4696, 0.0292], [36.4824, -0.0781], [36.6843, -0.4952], [36.7235, -0.9869], [36.7732, -1.5078], [36.74, -1.9435], [36.478, -2.2667], [36.2674, -2.4929], [36.0236, -3.1554], [35.7095, -3.9205], [35.3682, -4.1871], [34.9994, -4.4942], [35.1588, -4.9349], [35.241, -5.2291]]}, "properties": {"type": "UnclassifiedFeature", "length": 0.18, "pid": 709, "name": "EAR_Victoria"}}, {"type": "Feature", "geometry": {"type": "LineString", "coordinates": [[34.1997, -18.9365], [34.5004, -18.9314], [34.6445, -18.9385]]}, "properties": {"type": "UnclassifiedFeature", "length": 0.0073, "pid": 709, "name": "EAR_Victoria_Bondary"}}, {"type": "Feature", "geometry": {"type": "LineString", "coordinates": [[39.4662, 14.8666], [39.7342, 14.9402], [40.0969, 15.029], [40.5089, 14.8422], [40.7186, 14.6104], [41.1743, 14.265], [41.6714, 13.8398], [42.168, 13.3731], [42.4599, 12.9813], [42.9157, 12.4317], [42.921, 12.1939], [42.731, 11.7157], [42.7405, 11.6526]]}, "properties": {"type": "UnclassifiedFeature", "length": 0.0918, "pid": 503, "name": "MESH_BREAKUP_BOUNDARY"}}, {"type": "Feature", "geometry": {"type": "LineString", "coordinates": [[42.7405, 11.6526], [42.7787, 11.3983], [43.2655, 11.1641], [43.6352, 10.7684], [43.8442, 10.3708], [43.9304, 10.0919], [43.9679, 9.9388]]}, "properties": {"type": "UnclassifiedFeature", "length": 0.0388, "pid": 503, "name": "MESH_BREAKUP_BOUNDARY"}}, {"type": "Feature", "geometry": {"type": "LineString", "coordinates": [[33.5785, 27.012], [33.9031, 27.1898], [34.3699, 27.3281]]}, "properties": {"type": "UnclassifiedFeature", "length": 0.0136, "pid": 503, "name": "MESH_BREAKUP_BOUNDARY"}}, {"type": "Feature", "geometry": {"type": "LineString", "coordinates": [[34.3699, 27.3281], [34.4203, 27.3429], [34.9942, 27.4969], [35.4644, 27.5449], [35.6099, 27.5691]]}, "properties": {"type": "UnclassifiedFeature", "length": 0.0197, "pid": 503, "name": "MESH_BREAKUP_BOUNDARY"}}, {"type": "Feature", "geometry": {"type": "LineString", "coordinates": [[34.0539, -5.0769], [34.5951, -5.1852], [34.9426, -5.2525], [35.241, -5.2291]]}, "properties": {"type": "UnclassifiedFeature", "length": 0.021, "pid": 709, "name": "MESH_BREAKUP_BOUNDARY"}}, {"type": "Feature", "geometry": {"type": "LineString", "coordinates": [[35.241, -5.2291], [35.5038, -5.2082], [35.91, -5.4334]]}, "properties": {"type": "UnclassifiedFeature", "length": 0.0127, "pid": 709, "name": "MESH_BREAKUP_BOUNDARY"}}, {"type": "Feature", "geometry": {"type": "LineString", "coordinates": [[31.2643, 2.4814], [31.5768, 2.1476], [31.5935, 2.1123]]}, "properties": {"type": "UnclassifiedFeature", "length": 0.0087, "pid": 709, "name": "MESH_BREAKUP_BOUNDARY"}}, {"type": "Feature", "geometry": {"type": "LineString", "coordinates": [[31.0457, -8.865], [31.3401, -8.69], [31.4041, -8.6577]]}, "properties": {"type": "UnclassifiedFeature", "length": 0.0072, "pid": 709, "name": "MESH_BREAKUP_BOUNDARY"}}, {"type": "Feature", "geometry": {"type": "LineString", "coordinates": [[30.289, -7.0721], [30.2921, -7.0705], [30.5432, -6.969], [30.8715, -6.8049], [31.2863, -6.6215], [31.3184, -6.6041]]}, "properties": {"type": "UnclassifiedFeature", "length": 0.0196, "pid": 709, "name": "MESH_BREAKUP_BOUNDARY"}}, {"type": "Feature", "geometry": {"type": "LineString", "coordinates": [[35.6099, 27.5691], [35.4796, 28.0065], [35.175, 28.4444], [35.2321, 28.4253], [34.8998, 28.9925], [34.968, 29.2174]]}, "properties": {"type": "UnclassifiedFeature", "length": 0.033, "pid": 503, "name": "Red Sea_Arabia_UCCL"}}, {"type": "Feature", "geometry": {"type": "LineString", "coordinates": [[34.968, 29.2174], [34.8994, 29.2532], [34.8187, 29.2975]]}, "properties": {"type": "UnclassifiedFeature", "length": 0.0027, "pid": 503, "name": "Red Sea_Mesh_Boundary"}}, {"type": "Feature", "geometry": {"type": "LineString", "coordinates": [[34.8187, 29.2975], [34.4524, 29.4973], [33.8493, 29.5779], [33.1293, 29.3599], [32.4872, 29.1345]]}, "properties": {"type": "UnclassifiedFeature", "length": 0.038, "pid": 503, "name": "Red Sea_Mesh_Boundary"}}, {"type": "Feature", "geometry": {"type": "LineString", "coordinates": [[33.5785, 27.012], [33.2143, 27.74], [32.8146, 28.1017], [32.7003, 28.4824], [32.6254, 28.9766], [32.4872, 29.1345]]}, "properties": {"type": "UnclassifiedFeature", "length": 0.0418, "pid": 715, "name": "Red Sea_Nubia_UCCL"}}, {"type": "Feature", "geometry": {"type": "LineString", "coordinates": [[39.4662, 14.8666], [39.5416, 14.6332], [39.6987, 14.0336], [39.6701, 13.5767], [39.5988, 12.9771], [39.5845, 12.4631], [39.5702, 11.7493], [39.6416, 10.9783], [39.7701, 10.3787], [39.8415, 9.6078], [39.5565, 9.2453], [39.016, 8.7418], [38.3735, 8.3637], [38.1915, 8.1698], [38.0804, 7.9054], [37.7674, 7.44], [36.8627, 6.97], [36.0928, 6.3336], [35.66, 5.3304], [35.6137, 4.6296], [35.6039, 4.1001], [35.6482, 3.9816]]}, "properties": {"type": "UnclassifiedFeature", "length": 0.2236, "pid": 701, "name": "EAR_Nubia_UCCL"}}, {"type": "Feature", "geometry": {"type": "LineString", "coordinates": [[43.9679, 9.9388], [43.7516, 9.9916], [42.9592, 10.0971], [42.5026, 10.0352], [42.1744, 9.989], [41.8175, 9.9566], [41.446, 9.9527], [41.0328, 9.8484], [40.647, 9.8443], [40.377, 9.7129], [40.0493, 9.6238], [39.7449, 9.3514], [39.4675, 8.9947], [39.1745, 8.7597], [38.8611, 8.5203], [38.6081, 8.3919], [38.2936, 8.1771], [38.2883, 7.8698], [38.042, 7.3965], [37.6897, 7.2426], [37.4936, 6.8835], [37.3114, 6.5674], [37.0719, 6.265], [36.917, 6.0634], [36.8668, 5.4346], [36.7686, 5.2765], [36.7657, 4.9021], [36.8056, 4.639], [36.8568, 4.2377]]}, "properties": {"type": "UnclassifiedFeature", "length": 0.187, "pid": 701, "name": "EAR_Somalia_UCCL"}}, {"type": "Feature", "geometry": {"type": "LineString", "coordinates": [[31.5935, 2.1123], [31.3951, 1.8883], [30.9192, 1.5314], [30.6626, 1.2797], [30.2977, 0.9492], [30.11, 0.4423], [29.9049, -0.1129], [29.5867, -0.7053], [29.4915, -1.324], [29.36, -1.9441], [29.482, -2.3624], [29.6497, -2.8652], [29.7579, -3.7905], [29.6581, -4.6552], [29.6819, -5.2025], [29.8722, -5.6784], [29.8485, -6.1305], [30.144, -6.509], [30.289, -7.0721]]}, "properties": {"type": "UnclassifiedFeature", "length": 0.1772, "pid": 709, "name": "EAR_Western_Somalia"}}, {"type": "Feature", "geometry": {"type": "LineString", "coordinates": [[30.6218, -7.5092], [30.7579, -7.6862], [31.173, -8.1058], [31.3194, -8.5153], [31.4041, -8.6577]]}, "properties": {"type": "UnclassifiedFeature", "length": 0.0246, "pid": 709, "name": "EAR_Western_Somalia"}}, {"type": "Feature", "geometry": {"type": "LineString", "coordinates": [[31.2643, 2.4814], [30.8097, 2.1662], [30.728, 1.8969], [30.345, 1.6154], [29.7025, 0.973], [29.4527, 0.4376], [29.2028, -0.419], [28.8636, -1.057], [28.7994, -1.9935], [28.7626, -2.3131], [28.8694, -2.6081], [29.016, -3.3272], [29.0958, -4.131], [29.0958, -4.8805], [29.2071, -5.7452], [29.2857, -6.4658], [29.6517, -7.1373], [30.091, -7.8072], [30.4703, -8.2024], [30.916, -8.7352], [31.0457, -8.865]]}, "properties": {"type": "UnclassifiedFeature", "length": 0.2246, "pid": 701, "name": "EAR_Western_Africa"}}, {"type": "Feature", "geometry": {"type": "LineString", "coordinates": [[31.3184, -6.6041], [31.3846, -6.7458], [31.7514, -7.2613], [32.4183, -7.8913], [32.9418, -8.391], [33.6794, -9.1048], [34.2505, -9.6045], [34.536, -10.2708], [34.6922, -10.8613]]}, "properties": {"type": "UnclassifiedFeature", "length": 0.0965, "pid": 709, "name": "Southern_EAR_Somalia"}}, {"type": "Feature", "geometry": {"type": "LineString", "coordinates": [[34.6922, -10.8613], [34.7501, -11.0798], [34.8929, -11.865], [34.7263, -12.3409], [34.8453, -13.2213], [34.8691, -13.8162], [35.2974, -14.1493], [35.4164, -14.8155], [35.345, -15.22], [35.1547, -15.6245], [34.9881, -16.1004], [35.0357, -16.4336], [34.9746, -17.0573], [35.0357, -17.6233], [35.2974, -18.0992], [34.9405, -18.4085], [34.7026, -18.8368], [34.6445, -18.9385]]}, "properties": {"type": "UnclassifiedFeature", "length": 0.1519, "pid": 709, "name": "Southern_EAR_Somalia"}}, {"type": "Feature", "geometry": {"type": "LineString", "coordinates": [[34.6304, -15.8951], [34.2949, -16.2305], [33.7714, -16.754], [34.0569, -17.4202], [34.1322, -17.8344]]}, "properties": {"type": "UnclassifiedFeature", "length": 0.0407, "pid": 701, "name": "CLONE:Southern_EAR_Africa"}}, {"type": "Feature", "geometry": {"type": "LineString", "coordinates": [[34.1322, -17.8344], [34.1521, -17.9437], [34.1997, -18.5624], [34.1997, -18.7601]]}, "properties": {"type": "UnclassifiedFeature", "length": 0.0162, "pid": 701, "name": "CLONE:Southern_EAR_Africa"}}, {"type": "Feature", "geometry": {"type": "LineString", "coordinates": [[34.1997, -18.7601], [34.1997, -18.9365]]}, "properties": {"type": "UnclassifiedFeature", "length": 0.0031, "pid": 701, "name": "CLONE:Southern_EAR_Africa"}}, {"type": "Feature", "geometry": {"type": "LineString", "coordinates": [[43.0882, 36.3091], [43.7277, 35.7734], [44.6028, 34.9653], [44.9371, 33.8794], [45.844, 32.8778], [46.5651, 32.3456], [47.6604, 32.0936], [48.518, 32.1209], [49.2666, 31.8707], [49.7419, 31.4143], [49.8725, 30.7531], [50.283, 30.0847], [50.5982, 29.5339], [50.9079, 28.942], [51.1038, 28.5335], [51.6397, 28.0354], [52.2365, 27.4923], [53.1463, 26.975], [53.9267, 26.7199], [55.0346, 26.8189], [55.7412, 27.0317], [56.302, 27.2705], [57.111, 27.6703]]}, "properties": {"type": "UnclassifiedFeature", "length": 0.302, "pid": 503, "name": "Extent of Deformation on the Arabian Continent"}}, {"type": "Feature", "geometry": {"type": "LineString", "coordinates": [[34.6922, -10.8613], [35.263, -9.8366], [35.8121, -9.2179], [36.3856, -8.6253], [36.8389, -7.9001], [36.8632, -7.8949]]}, "properties": {"type": "ContinentalRift", "length": 0.0644, "pid": 713, "name": "Victoria-Rovuma (Stamps et al 2008)"}}, {"type": "Feature", "geometry": {"type": "LineString", "coordinates": [[36.8632, -7.8949], [36.6587, -7.4969], [36.2323, -6.502], [35.91, -5.4334]]}, "properties": {"type": "ContinentalRift", "length": 0.0461, "pid": 291, "name": "Victoria - Somalia"}}, {"type": "Feature", "geometry": {"type": "LineString", "coordinates": [[155.0422, 53.1314], [155.495, 51.4513], [155.6692, 50.4806], [155.897, 49.1477], [156.1287, 48.3677]]}, "properties": {"type": "Fault", "length": 0.084, "pid": 406, "name": "Kamchatka"}}, {"type": "Feature", "geometry": {"type": "LineString", "coordinates": [[69.2651, 30.6779], [69.4714, 30.8482], [70.101, 31.4594], [70.4394, 32.431], [70.9421, 32.9471], [71.392, 33.4768], [71.8474, 34.0048], [72.4591, 34.6822], [73.0296, 34.1759], [73.5933, 33.6669], [74.3142, 33.1594], [75.0894, 32.8806], [75.6749, 32.1894], [75.722, 31.6333], [76.521, 31.1537], [77.0067, 30.7376], [77.6407, 30.558], [78.0762, 30.2261], [78.4224, 29.8869], [78.9118, 29.6776], [79.1969, 29.3934], [79.7898, 29.1428], [80.2265, 29.093], [80.5465, 28.975], [81.043, 28.7902], [81.361, 28.4135], [82.2004, 28.1669], [82.9354, 27.8815], [83.6667, 27.5929], [84.1585, 27.4519], [84.6491, 27.3091], [85.6219, 27.1704], [86.2515, 27.0946], [86.4809, 26.7372], [86.8204, 26.6683], [87.2186, 27.022], [87.745, 26.9089], [88.32, 26.885], [89.2821, 27.0268], [89.7724, 26.8472], [90.3294, 26.937], [91.258, 27.0075], [91.7812, 27.0329], [92.3047, 27.0564], [93.2334, 27.1165], [93.5704, 27.1098], [94.189, 27.5008], [94.8287, 27.9182], [95.4657, 28.1832], [96.2345, 28.1349], [96.7916, 28.1099], [96.8981, 28.1049]]}, "properties": {"type": "OrogenicBelt", "length": 0.5228, "pid": 501, "name": "Southern limit of Greater India deformation, After Bird (2001)"}}, {"type": "Feature", "geometry": {"type": "LineString", "coordinates": [[35.7234, 35.7767], [35.8, 35.7], [35.7, 34.9], [35.5, 34.0], [35.2, 32.9], [35.0, 32.1], [35.0, 31.3], [34.9, 30.8], [34.9, 30.0], [34.9, 29.5], [34.8187, 29.2975]]}, "properties": {"type": "FractureZone", "length": 0.1149, "pid": 503, "name": "Dead Sea F& Arab-Turk Suture NUVEL file., DB 04-2007"}}, {"type": "Feature", "geometry": {"type": "LineString", "coordinates": [[160.7476, -62.5], [160.743, -62.1612], [160.848, -61.5207], [160.183, -60.2584], [160.004, -60.0796], [159.729, -59.7375], [159.109, -59.517], [158.48, -59.1646], [158.069, -58.8131], [157.693, -58.3722], [157.564, -58.0461], [157.481, -57.7121], [157.489, -57.4534], [157.442, -57.2619], [157.46, -57.2126], [157.578, -57.1038], [157.732, -56.8904], [157.804, -56.6408], [157.866, -56.4299], [157.865, -56.2481], [157.883, -56.1366], [157.883, -56.0706], [157.919, -56.0146], [158.037, -55.9942], [158.192, -55.9788], [158.31, -55.9532], [158.483, -55.8611], [158.528, -55.8407], [158.755, -55.7381], [158.973, -55.6712], [159.208, -55.4288], [159.308, -55.2526], [159.371, -55.0705], [159.47, -54.8088], [159.559, -54.5242], [159.603, -54.2111], [159.684, -53.8794], [159.783, -53.6532], [160.209, -53.1422], [160.499, -52.8294], [160.879, -52.5419], [161.142, -52.3083], [161.369, -52.0959], [161.723, -51.7979], [161.94, -51.6397], [162.148, -51.3217], [162.356, -50.9671], [162.51, -50.6964], [162.754, -50.3137], [162.917, -50.0977], [163.062, -49.9043], [163.216, -49.7336], [163.343, -49.5919], [163.46, -49.4913], [163.542, -49.4023], [163.651, -49.3131], [163.832, -49.1821], [164.004, -48.973], [164.131, -48.781], [164.266, -48.4978], [164.393, -48.2616], [164.483, -48.0669], [164.583, -47.8471], [164.663, -47.6201], [165.1564, -46.8026], [165.1748, -46.7999]]}, "properties": {"type": "UnclassifiedFeature", "length": 0.306, "pid": 901, "name": "MACQUARIE"}}, {"type": "Feature", "geometry": {"type": "LineString", "coordinates": [[-144.2794, 60.518], [-141.708, 60.0953], [-141.076, 59.9086], [-140.398, 59.7239], [-139.728, 59.5358], [-139.163, 59.3085], [-138.4, 59.0], [-137.4, 58.5], [-136.9, 58.0], [-136.3, 57.0], [-135.9, 56.0], [-134.9, 55.0], [-134.4571, 54.2668]]}, "properties": {"type": "FractureZone", "length": 0.1507, "pid": 101, "name": "Northern most NAN PAC f NUMVEL file MG 4-28-07"}}, {"type": "Feature", "geometry": {"type": "LineString", "coordinates": [[57.0897, 10.3747], [57.7999, 11.703], [58.3142, 12.6849]]}, "properties": {"type": "FractureZone", "length": 0.0454, "pid": 701, "name": "Owen FZ from NUVEL file, DB 04-2007"}}, {"type": "Feature", "geometry": {"type": "LineString", "coordinates": [[58.3142, 12.6849], [59.726, 15.335], [61.0143, 18.702], [63.4646, 22.6901], [65.4936, 25.1646]]}, "properties": {"type": "FractureZone", "length": 0.2489, "pid": 701, "name": "Owen FZ from NUVEL file, DB 04-2007"}}, {"type": "Feature", "geometry": {"type": "LineString", "coordinates": [[65.4936, 25.1646], [66.2141, 26.0139], [68.3764, 29.1385], [68.9482, 30.1537], [69.2651, 30.6779]]}, "properties": {"type": "FractureZone", "length": 0.1127, "pid": 701, "name": "Owen FZ from NUVEL file, DB 04-2007"}}, {"type": "Feature", "geometry": {"type": "LineString", "coordinates": [[42.7405, 11.6526], [43.7, 11.9], [43.7001, 11.9]]}, "properties": {"type": "MidOceanRidge", "length": 0.017, "pid": 593, "name": "Aden Ridge from NUVEL file (MG)"}}, {"type": "Feature", "geometry": {"type": "LineString", "coordinates": [[43.7001, 11.9], [46.3, 12.2], [46.5, 12.5], [48.2, 12.6], [48.8, 13.0], [49.8, 13.1], [50.2, 13.4], [51.2, 13.1], [52.2, 14.6], [52.8, 14.4], [53.0, 14.6], [53.8, 14.3], [54.5, 15.2], [56.1, 14.3], [56.3, 14.5], [57.5, 13.5], [58.3, 12.7], [58.3142, 12.6849]]}, "properties": {"type": "MidOceanRidge", "length": 0.2994, "pid": 593, "name": "Aden Ridge from NUVEL file (MG)"}}, {"type": "Feature", "geometry": {"type": "LineString", "coordinates": [[141.7196, 24.2364], [141.899, 24.245], [142.483, 24.4895], [142.9808, 24.5858]]}, "properties": {"type": "InferredPaleoBoundary", "length": 0.0212, "pid": 659, "name": "Bndy Bonin-Mariana"}}, {"type": "Feature", "geometry": {"type": "LineString", "coordinates": [[142.9808, 24.5858], [143.193, 24.6263], [143.3702, 24.6324]]}, "properties": {"type": "InferredPaleoBoundary", "length": 0.0063, "pid": 659, "name": "Bndy Bonin-Mariana"}}, {"type": "Feature", "geometry": {"type": "LineString", "coordinates": [[139.262, 24.85], [140.226, 25.0691], [141.1061, 25.2312]]}, "properties": {"type": "InferredPaleoBoundary", "length": 0.0299, "pid": 248, "name": "Bndy from Mar to Sikoku"}}, {"type": "Feature", "geometry": {"type": "MultiLineString", "coordinates": [[[-178.788, -16.6715], [-179.3926, -17.0854], [-180.0, -17.4975]], [[180.0, -17.4975], [179.516, -17.8233], [178.8596, -18.5097], [178.198, -19.1937], [177.5308, -19.8754], [176.8579, -20.5546], [176.179, -21.2312], [175.4677, -21.6403], [174.7523, -22.0464], [174.0328, -22.4494]]]}, "properties": {"type": "InferredPaleoBoundary", "length": 0.1564, "pid": 821, "name": "Hunter FractureZone DiCaprio"}}, {"type": "Feature", "geometry": {"type": "LineString", "coordinates": [[174.0328, -22.4494], [172.7407, -23.1593], [172.5988, -23.2412]]}, "properties": {"type": "InferredPaleoBoundary", "length": 0.0269, "pid": 821, "name": "Hunter FractureZone DiCaprio"}}, {"type": "Feature", "geometry": {"type": "LineString", "coordinates": [[96.8981, 28.1049], [96.589, 27.6051]]}, "properties": {"type": "InferredPaleoBoundary", "length": 0.0099, "pid": 7250, "name": "Indonesian bndy w IND-mg"}}, {"type": "Feature", "geometry": {"type": "LineString", "coordinates": [[96.589, 27.6051], [95.9989, 26.6361], [94.366, 24.6923], [93.7799, 22.4342], [94.1816, 19.7881], [93.8284, 17.3203], [93.1039, 14.6648], [91.7096, 12.8074]]}, "properties": {"type": "InferredPaleoBoundary", "length": 0.2804, "pid": 7250, "name": "Indonesian bndy w IND-mg"}}, {"type": "Feature", "geometry": {"type": "LineString", "coordinates": [[149.0224, -0.5906], [147.476, -0.3111], [145.909, -0.3971], [144.427, -0.798], [143.796, -0.722], [142.877, -1.0078], [141.696, -1.445], [140.823, -1.34], [140.083, -1.6476], [140.0213, -1.6959]]}, "properties": {"type": "InferredPaleoBoundary", "length": 0.1622, "pid": 901, "name": "ManusTrench DiCaprio"}}, {"type": "Feature", "geometry": {"type": "LineString", "coordinates": [[-34.6814, 35.2176], [-33.3708, 35.1617], [-28.6633, 35.4849], [-25.3184, 35.637], [-22.2947, 35.8232], [-18.8627, 36.0036], [-15.6241, 36.2293], [-11.2097, 36.7878], [-9.8846, 36.8587], [-7.886, 36.5556], [-5.6312, 36.4644]]}, "properties": {"type": "InferredPaleoBoundary", "length": 0.4123, "pid": 706, "name": "Morocco"}}, {"type": "Feature", "geometry": {"type": "LineString", "coordinates": [[166.1563, -13.792], [168.2204, -13.4957], [168.5751, -13.5177], [168.5917, -13.5975], [169.2341, -13.6525], [169.2428, -13.7978], [169.741, -13.8176], [169.7381, -13.954], [170.6223, -13.9532], [170.641, -14.0868], [171.2852, -14.0638], [171.2908, -13.8014], [171.9645, -13.6888], [172.3117, -13.4838], [172.4338, -13.4353], [172.6528, -13.3323]]}, "properties": {"type": "InferredPaleoBoundary", "length": 0.1248, "pid": 901, "name": "Near Vitius tr-MG-5-24-07"}}, {"type": "Feature", "geometry": {"type": "LineString", "coordinates": [[-177.4011, -24.1036], [-177.3517, -24.1014], [-175.708, -23.8351], [-175.007, -23.766]]}, "properties": {"type": "InferredPaleoBoundary", "length": 0.0387, "pid": 823, "name": "NewLine-1"}}, {"type": "Feature", "geometry": {"type": "LineString", "coordinates": [[131.4643, 0.3533], [131.4862, 0.4235], [131.4874, 0.4265]]}, "properties": {"type": "InferredPaleoBoundary", "length": 0.0013, "pid": 608, "name": "Philippine Plate from NUVEL"}}, {"type": "Feature", "geometry": {"type": "LineString", "coordinates": [[-179.2787, -14.9402], [-178.788, -16.6715]]}, "properties": {"type": "InferredPaleoBoundary", "length": 0.0313, "pid": 823, "name": "LauColville LT"}}, {"type": "Feature", "geometry": {"type": "LineString", "coordinates": [[141.1061, 25.2312], [141.7196, 24.2364]]}, "properties": {"type": "MidOceanRidge", "length": 0.0199, "pid": 248, "name": "Ridge f iso on  at 4.8Ma"}}, {"type": "Feature", "geometry": {"type": "LineString", "coordinates": [[141.7196, 24.2364], [142.759, 22.509], [144.106, 19.989], [144.258, 19.7585], [144.373, 19.7984], [144.8, 18.9591], [144.991, 19.0454], [145.167, 18.5345], [145.357, 17.9187], [145.197, 17.8495], [145.392, 16.8258], [145.209, 16.6862], [144.307, 14.5494], [143.221, 12.7874], [142.5582, 11.315]]}, "properties": {"type": "MidOceanRidge", "length": 0.2598, "pid": 248, "name": "Ridge f iso on  at 4.8Ma"}}, {"type": "Feature", "geometry": {"type": "LineString", "coordinates": [[-28.7567, 44.5367], [-28.8785, 44.1426], [-28.9497, 43.9836], [-29.2357, 44.0199], [-29.4574, 43.2731], [-29.4651, 42.9915], [-29.4986, 42.647], [-29.4594, 42.4741], [-29.4251, 42.2442], [-29.4607, 41.9973], [-29.503, 41.7709], [-29.6201, 41.5055], [-29.6714, 41.3497], [-29.6834, 41.1884], [-29.4982, 41.1366], [-29.595, 40.8147], [-29.6317, 40.6154], [-29.841, 40.6238], [-29.9793, 39.2694], [-30.1665, 39.2962], [-30.5048, 38.6128], [-30.6711, 38.2609], [-30.8147, 38.256], [-31.2115, 37.5092], [-31.5421, 37.5378], [-31.66, 37.2008], [-32.8599, 37.4407], [-33.0017, 37.0408], [-33.1628, 37.0588], [-33.2782, 36.6446], [-33.3649, 36.6514], [-33.5127, 36.3658], [-33.7579, 36.4091], [-33.923, 36.1588], [-34.1872, 35.5226], [-34.5371, 35.5783], [-34.6814, 35.2176]]}, "properties": {"type": "MidOceanRidge", "length": 0.2235, "pid": 0, "name": "Ridge from iso A5 from NorthAmerica 10.9Ma"}}, {"type": "Feature", "geometry": {"type": "LineString", "coordinates": [[-34.6814, 35.2176], [-34.7982, 34.9229], [-36.0639, 35.1594], [-36.2522, 34.5513], [-36.8475, 34.6504], [-37.0381, 34.0209], [-37.3809, 34.0883], [-37.7017, 33.4094], [-37.7646, 33.415], [-39.3383, 33.6776], [-39.7412, 33.0431], [-39.5619, 32.9992], [-40.9687, 31.1098], [-41.1122, 31.1324], [-41.4112, 30.7247], [-41.5424, 30.7398], [-42.1671, 29.9315], [-42.593, 29.993], [-42.8654, 29.361], [-43.0269, 29.3887], [-43.3767, 28.7262], [-43.6752, 28.7811], [-44.8123, 25.9432], [-44.8984, 25.9447], [-45.2627, 25.1326], [-45.6151, 25.1895], [-45.8919, 24.4853], [-46.2042, 24.5453], [-46.4527, 23.8449], [-45.2128, 23.5636], [-45.2797, 22.5553], [-45.3172, 22.5539], [-45.3861, 21.7575], [-45.7018, 21.8072], [-45.9857, 20.6173], [-45.6768, 20.5401], [-45.8668, 19.7272], [-45.9041, 19.7358], [-46.0244, 18.8441], [-46.1826, 18.2993], [-46.267, 18.3135], [-46.4596, 17.5441], [-46.407, 17.5287], [-46.8314, 15.6232]]}, "properties": {"type": "MidOceanRidge", "length": 0.5, "pid": 0, "name": "Ridge from iso A5 from NorthAmerica 10.9Ma"}}, {"type": "Feature", "geometry": {"type": "LineString", "coordinates": [[-46.8314, 15.6232], [-46.8316, 15.6223]]}, "properties": {"type": "MidOceanRidge", "length": 0.0, "pid": 0, "name": "Ridge from iso A5 from NorthAmerica 10.9Ma"}}, {"type": "Feature", "geometry": {"type": "LineString", "coordinates": [[-6.1404, 82.4473], [-6.1514, 82.4662], [-6.8964, 82.8053], [-4.9394, 83.4], [-2.1579, 83.8061], [1.1667, 84.1948], [3.6503, 84.4583], [5.6518, 84.7021], [8.3003, 84.9822], [11.8758, 85.2553], [16.5866, 85.5761], [20.479, 85.7663], [23.824, 85.8389], [28.4293, 85.9422], [31.3009, 85.9857], [34.4671, 86.1229], [39.3818, 86.4144], [44.7726, 86.5807], [49.7399, 86.7432], [55.0145, 86.839], [57.4858, 86.9101], [60.5844, 86.9905], [62.6065, 86.8821], [65.1073, 86.6846], [68.3965, 86.5674], [71.5053, 86.2893], [75.0986, 86.0335], [79.0055, 85.8237], [83.9793, 85.589], [87.6857, 85.4907], [95.1083, 85.2179], [97.6074, 85.0281], [100.606, 84.9422], [103.653, 84.7125], [105.597, 84.4942], [110.221, 84.0442], [115.164, 83.4669], [116.056, 83.151], [117.545, 82.7341], [118.121, 82.4016], [118.707, 81.9798], [119.034, 81.6319], [120.01, 81.3604], [121.605, 80.6739], [121.487, 80.3361], [122.752, 79.9411], [123.711, 79.6925], [124.455, 79.4403], [125.102, 79.084], [125.515, 78.4842], [125.556, 78.1113], [125.607, 77.6572], [125.8302, 77.0595], [126.1554, 76.8642]]}, "properties": {"type": "MidOceanRidge", "length": 0.3458, "pid": 907, "name": "Arctic"}}, {"type": "Feature", "geometry": {"type": "LineString", "coordinates": [[126.1554, 76.8642], [126.1916, 76.8421]]}, "properties": {"type": "MidOceanRidge", "length": 0.0004, "pid": 907, "name": "Arctic"}}, {"type": "Feature", "geometry": {"type": "LineString", "coordinates": [[142.0839, 58.0006], [142.8209, 56.1313], [144.4168, 54.7815]]}, "properties": {"type": "MidOceanRidge", "length": 0.0617, "pid": 907, "name": "Arctic"}}, {"type": "Feature", "geometry": {"type": "LineString", "coordinates": [[-6.4834, 70.5641], [-6.2302, 70.8669], [-5.6022, 71.3334], [-4.9019, 71.4148], [-4.3867, 71.4984], [-2.8229, 71.7021], [-1.0721, 71.9816], [0.5998, 72.2445], [3.2138, 72.6301], [4.2221, 72.7948], [5.3409, 73.0067], [6.5289, 73.2182], [7.4795, 73.4401], [8.1292, 73.6609], [8.6259, 73.9186], [8.6754, 74.0894], [8.5296, 74.2948], [7.6937, 74.7033], [7.9977, 74.8469], [6.6348, 75.1038], [7.1518, 75.258], [7.8116, 75.4298], [8.0513, 75.5255], [7.0891, 75.702], [7.4189, 75.8782], [6.3891, 76.1567], [6.7868, 76.3751], [7.2245, 76.5329], [7.1964, 76.7544], [6.7916, 76.8324], [6.8321, 77.4063], [5.7484, 77.5995], [7.0049, 78.2303], [6.1143, 78.4394], [3.8849, 78.7685], [3.167, 79.1277], [2.9088, 79.2529], [3.1242, 79.5036], [2.1139, 79.7312], [-0.1035, 80.1446], [-1.5002, 80.339], [-1.1104, 80.9632], [-2.4158, 81.3505], [-4.7611, 81.9017], [-5.858, 82.3792], [-6.1404, 82.4473]]}, "properties": {"type": "MidOceanRidge", "length": 0.2822, "pid": 0, "name": "Greenland - Eurasia"}}, {"type": "Feature", "geometry": {"type": "MultiLineString", "coordinates": [[[-177.7405, -65.8077], [-177.253, -66.2926], [-178.5963, -66.8371], [-180.0, -67.3697]], [[180.0, -67.3697], [178.2886, -67.9728], [176.4873, -68.5571], [174.5917, -69.1211], [172.5977, -69.6632]]]}, "properties": {"type": "MidOceanRidge", "length": 0.0977, "pid": 0, "name": "MOR extended for closure AT"}}, {"type": "Feature", "geometry": {"type": "LineString", "coordinates": [[-30.077, 52.1698], [-30.0796, 52.1449], [-30.1233, 51.2298], [-29.8352, 51.1492], [-29.7709, 50.3106], [-28.3678, 50.1019], [-28.1924, 49.4395], [-28.1128, 49.3314], [-27.9849, 49.2009], [-27.8501, 49.0368], [-27.7359, 48.8697], [-27.7029, 48.7332], [-27.7173, 48.5564], [-27.5236, 48.5241], [-27.532, 48.3265], [-27.448, 48.2173], [-27.3806, 48.135], [-27.328, 48.0391], [-27.1203, 47.3167], [-27.1414, 46.8421], [-27.268, 46.2811], [-27.5978, 45.5059], [-28.2097, 44.4726], [-28.7567, 44.5367]]}, "properties": {"type": "MidOceanRidge", "length": 0.162, "pid": 317, "name": "Porcupine MOR"}}, {"type": "Feature", "geometry": {"type": "LineString", "coordinates": [[34.3699, 27.3281], [34.5121, 27.1034], [34.8457, 26.6129], [35.8274, 25.5202], [36.6427, 23.9528], [37.5698, 22.9759], [38.5002, 19.7999], [39.8055, 18.3936], [41.3344, 16.1336], [42.0117, 14.8141], [42.9039, 13.3899], [43.5001, 12.1999], [43.7001, 11.9]]}, "properties": {"type": "MidOceanRidge", "length": 0.3131, "pid": 0, "name": "Red sea rift from NUVEL file (MG)"}}, {"type": "Feature", "geometry": {"type": "LineString", "coordinates": [[-46.8314, 15.6232], [-48.8705, 16.0579], [-50.8762, 16.2133], [-52.8387, 16.775], [-55.9189, 16.7418], [-58.7199, 16.6374]]}, "properties": {"type": "MidOceanRidge", "length": 0.2014, "pid": 0, "name": "SouthAmerica North America BOUNDARY from BIRD 2002 model"}}, {"type": "Feature", "geometry": {"type": "LineString", "coordinates": [[-104.7676, 18.8678], [-104.8, 18.9], [-105.2, 19.2], [-105.6, 19.6], [-105.7, 20.2], [-105.7, 20.3207]]}, "properties": {"type": "SubductionZone", "length": 0.0315, "pid": 101, "name": "COCOS - NORTH AMERICA TRENCH 1", "polarity": "Right"}}, {"type": "Feature", "geometry": {"type": "LineString", "coordinates": [[126.0473, 3.7306], [126.7447, 3.1827]]}, "properties": {"type": "SubductionZone", "length": 0.0155, "pid": 679, "name": "Halmahera Subduction", "polarity": "Left"}}, {"type": "Feature", "geometry": {"type": "LineString", "coordinates": [[126.7447, 3.1827], [127.2984, 2.747], [126.873, 0.0549], [126.943, -1.5812], [126.9609, -1.6181]]}, "properties": {"type": "SubductionZone", "length": 0.0892, "pid": 679, "name": "Halmahera Subduction", "polarity": "Left"}}, {"type": "Feature", "geometry": {"type": "LineString", "coordinates": [[179.4348, -38.4534], [179.9148, -37.1942], [179.975, -37.1061]]}, "properties": {"type": "SubductionZone", "length": 0.0247, "pid": 806, "name": "Hikurangi& Kermadec TR", "polarity": "Left"}}, {"type": "Feature", "geometry": {"type": "MultiLineString", "coordinates": [[[179.975, -37.1061], [180.0, -37.0693]], [[-180.0, -37.0693], [-179.534, -36.3775], [-179.0762, -35.6839], [-178.6263, -34.9887], [-178.4063, -34.4136], [-178.1894, -33.8381], [-177.9971, -33.6099], [-177.8112, -33.1071], [-177.6274, -32.6041], [-177.4609, -32.1162]]]}, "properties": {"type": "SubductionZone", "length": 0.095, "pid": 806, "name": "Hikurangi& Kermadec TR", "polarity": "Left"}}, {"type": "Feature", "geometry": {"type": "LineString", "coordinates": [[91.7096, 12.8074], [91.7638, 10.474], [91.8398, 9.6268]]}, "properties": {"type": "SubductionZone", "length": 0.0556, "pid": 686, "name": "Indonesian bndy w AUS-mg", "polarity": "Left"}}, {"type": "Feature", "geometry": {"type": "LineString", "coordinates": [[91.8398, 9.6268], [92.0644, 7.1003], [92.4681, 6.3447]]}, "properties": {"type": "SubductionZone", "length": 0.0592, "pid": 686, "name": "Indonesian bndy w AUS-mg", "polarity": "Left"}}, {"type": "Feature", "geometry": {"type": "LineString", "coordinates": [[92.4681, 6.3447], [93.4348, 4.5258], [95.745, 1.4585], [98.0509, -1.7905], [100.038, -4.4949], [101.669, -6.3452], [102.0977, -6.9364], [102.7721, -7.4909]]}, "properties": {"type": "SubductionZone", "length": 0.3018, "pid": 686, "name": "Indonesian bndy w AUS-mg", "polarity": "Left"}}, {"type": "Feature", "geometry": {"type": "LineString", "coordinates": [[102.7721, -7.4909], [104.2761, -8.7186], [104.6607, -8.9802]]}, "properties": {"type": "SubductionZone", "length": 0.0417, "pid": 686, "name": "Indonesian bndy w AUS-mg", "polarity": "Left"}}, {"type": "Feature", "geometry": {"type": "LineString", "coordinates": [[142.9808, 24.5858], [143.0, 25.0], [143.0, 26.0], [143.2, 27.0], [143.2, 28.0], [142.8, 29.0], [142.5, 30.0], [142.2, 31.0], [142.0, 33.0], [142.0, 34.0], [142.0, 35.0], [141.9646, 35.256]]}, "properties": {"type": "SubductionZone", "length": 0.1889, "pid": 659, "name": "Izu Bonin Trench", "polarity": "Left"}}, {"type": "Feature", "geometry": {"type": "LineString", "coordinates": [[119.4262, 5.422], [119.5687, 5.5332]]}, "properties": {"type": "SubductionZone", "length": 0.0031, "pid": 614, "name": "Kalimantan subduction boundary (inferred)", "polarity": "Right"}}, {"type": "Feature", "geometry": {"type": "LineString", "coordinates": [[119.5687, 5.5332], [120.857, 6.5339], [122.0562, 7.9273], [123.0927, 8.394]]}, "properties": {"type": "SubductionZone", "length": 0.08, "pid": 614, "name": "Kalimantan subduction boundary (inferred)", "polarity": "Right"}}, {"type": "Feature", "geometry": {"type": "LineString", "coordinates": [[161.4754, 52.4996], [161.1802, 52.1964], [160.3236, 51.2913], [159.3542, 50.4846], [156.4098, 48.6095], [156.1287, 48.3677]]}, "properties": {"type": "SubductionZone", "length": 0.0942, "pid": 406, "name": "Kamchatka SZ from EarthByte COB at 0Ma -- MG 4/20/07", "polarity": "Right"}}, {"type": "Feature", "geometry": {"type": "LineString", "coordinates": [[156.1287, 48.3677], [155.1187, 47.4735], [154.469, 46.7973], [152.5653, 45.5049], [150.9387, 44.8087], [149.5455, 44.0236], [148.0867, 43.2297], [146.0231, 42.0866], [144.904, 41.5307], [144.3749, 41.1318]]}, "properties": {"type": "SubductionZone", "length": 0.195, "pid": 406, "name": "Kamchatka SZ from EarthByte COB at 0Ma -- MG 4/20/07", "polarity": "Right"}}, {"type": "Feature", "geometry": {"type": "LineString", "coordinates": [[144.3749, 41.1318], [144.2726, 41.0538]]}, "properties": {"type": "SubductionZone", "length": 0.0019, "pid": 406, "name": "Kamchatka SZ from EarthByte COB at 0Ma -- MG 4/20/07", "polarity": "Right"}}, {"type": "Feature", "geometry": {"type": "LineString", "coordinates": [[144.2726, 41.0538], [144.2291, 41.0206]]}, "properties": {"type": "SubductionZone", "length": 0.0008, "pid": 406, "name": "Kamchatka SZ from EarthByte COB at 0Ma -- MG 4/20/07", "polarity": "Right"}}, {"type": "Feature", "geometry": {"type": "LineString", "coordinates": [[134.6414, 6.9771], [134.7097, 6.9714], [136.6688, 7.2559], [137.347, 7.649], [137.8557, 8.258], [138.4517, 9.3325]]}, "properties": {"type": "SubductionZone", "length": 0.0843, "pid": 699, "name": "Marianas Trench-NUVEL", "polarity": "Left"}}, {"type": "Feature", "geometry": {"type": "LineString", "coordinates": [[138.4517, 9.3325], [138.4966, 9.4131], [138.9499, 10.8125], [140.7328, 10.8457], [142.3, 11.2], [142.5582, 11.315]]}, "properties": {"type": "SubductionZone", "length": 0.0902, "pid": 699, "name": "Marianas Trench-NUVEL", "polarity": "Left"}}, {"type": "Feature", "geometry": {"type": "LineString", "coordinates": [[142.5582, 11.315], [144.8, 12.3], [146.6, 13.9], [147.3, 15.6], [147.3, 17.5], [147.3, 18.8], [147.3, 20.0], [147.0, 21.0], [146.2, 22.0], [145.0, 23.0], [144.0, 24.0], [143.3702, 24.6324]]}, "properties": {"type": "SubductionZone", "length": 0.2967, "pid": 699, "name": "Marianas Trench-NUVEL", "polarity": "Left"}}, {"type": "Feature", "geometry": {"type": "LineString", "coordinates": [[149.2872, -7.1015], [148.3588, -7.2274]]}, "properties": {"type": "SubductionZone", "length": 0.0162, "pid": 69702, "name": "NewBritainTrench DiCaprio", "polarity": "Right"}}, {"type": "Feature", "geometry": {"type": "LineString", "coordinates": [[148.3588, -7.2274], [148.3519, -7.2283], [147.4603, -6.9407]]}, "properties": {"type": "SubductionZone", "length": 0.0164, "pid": 69702, "name": "NewBritainTrench DiCaprio", "polarity": "Right"}}, {"type": "Feature", "geometry": {"type": "LineString", "coordinates": [[153.6619, -5.8181], [153.1869, -5.772], [152.5714, -5.6533], [151.9119, -5.9195], [151.57, -6.1749], [151.0487, -6.5134], [150.3147, -6.828], [149.3875, -7.0303], [149.2872, -7.1015]]}, "properties": {"type": "SubductionZone", "length": 0.0822, "pid": 830, "name": "NewBritian TR-MG-5-22-07", "polarity": "Right"}}, {"type": "Feature", "geometry": {"type": "LineString", "coordinates": [[172.5988, -23.2412], [172.06, -23.1684], [170.541, -22.8226], [170.327, -22.6987], [169.217, -21.7287], [168.156, -20.0041], [168.007, -19.7636], [167.491, -18.4796], [167.0616, -17.4338], [166.947, -17.0937], [166.804, -16.8323], [166.224, -15.5595], [166.198, -15.3426], [166.2288, -14.6712]]}, "properties": {"type": "SubductionZone", "length": 0.1969, "pid": 827, "name": "New Hebrides Trench", "polarity": "Right"}}, {"type": "Feature", "geometry": {"type": "LineString", "coordinates": [[165.5522, -11.7372], [165.8738, -12.623], [166.1563, -13.792]]}, "properties": {"type": "SubductionZone", "length": 0.0374, "pid": 827, "name": "NewHebrides VanuatuTrench DiCaprio", "polarity": "Left"}}, {"type": "Feature", "geometry": {"type": "LineString", "coordinates": [[166.1563, -13.792], [166.1993, -13.9688], [166.2288, -14.6712]]}, "properties": {"type": "SubductionZone", "length": 0.0154, "pid": 827, "name": "NewHebrides VanuatuTrench DiCaprio", "polarity": "Left"}}, {"type": "Feature", "geometry": {"type": "LineString", "coordinates": [[166.2288, -14.6712], [166.2373, -14.8719]]}, "properties": {"type": "SubductionZone", "length": 0.0035, "pid": 827, "name": "NewHebrides VanuatuTrench DiCaprio", "polarity": "Left"}}, {"type": "Feature", "geometry": {"type": "LineString", "coordinates": [[-134.4571, 54.2668], [-134.349, 54.1888], [-132.455, 53.7141], [-130.844, 52.9123], [-130.2219, 52.6504]]}, "properties": {"type": "SubductionZone", "length": 0.0528, "pid": 901, "name": "Northern most NAN PAC f NUMVEL file MG 4-28-07", "polarity": "Left"}}, {"type": "Feature", "geometry": {"type": "LineString", "coordinates": [[-130.2219, 52.6504], [-130.1338, 52.6127]]}, "properties": {"type": "SubductionZone", "length": 0.0011, "pid": 901, "name": "Northern most NAN PAC f NUMVEL file MG 4-28-07", "polarity": "Left"}}, {"type": "Feature", "geometry": {"type": "LineString", "coordinates": [[119.2994, 1.2092], [119.621, 1.3455], [120.904, 1.4876], [122.884, 1.4991], [125.717, 1.8323], [125.7632, 1.8364]]}, "properties": {"type": "SubductionZone", "length": 0.1137, "pid": 669, "name": "North Sulawesi Subduction", "polarity": "Right"}}, {"type": "Feature", "geometry": {"type": "LineString", "coordinates": [[120.9674, 23.3081], [121.2369, 23.2725], [122.0687, 23.2498]]}, "properties": {"type": "SubductionZone", "length": 0.0177, "pid": 648, "name": "Okinawa Trough (Ryuku) from EarthByte cob MG 4-20-07", "polarity": "Left"}}, {"type": "Feature", "geometry": {"type": "LineString", "coordinates": [[122.0687, 23.2498], [123.5695, 23.1977], [124.1228, 23.2887]]}, "properties": {"type": "SubductionZone", "length": 0.0331, "pid": 648, "name": "Okinawa Trough (Ryuku) from EarthByte cob MG 4-20-07", "polarity": "Left"}}, {"type": "Feature", "geometry": {"type": "LineString", "coordinates": [[156.3017, -8.1817], [156.295, -8.1753], [156.0203, -7.8591], [155.5159, -7.4568]]}, "properties": {"type": "SubductionZone", "length": 0.0186, "pid": 847, "name": "SanCristobalTrench DiCaprio", "polarity": "Right"}}, {"type": "Feature", "geometry": {"type": "LineString", "coordinates": [[155.5229, -7.451], [155.0096, -7.0515], [154.7214, -6.8391]]}, "properties": {"type": "SubductionZone", "length": 0.0175, "pid": 847, "name": "So Melanesian-MG-5-20-07", "polarity": "Right"}}, {"type": "Feature", "geometry": {"type": "LineString", "coordinates": [[154.7214, -6.8391], [153.9298, -6.2538], [153.6619, -5.8181]]}, "properties": {"type": "SubductionZone", "length": 0.026, "pid": 847, "name": "So Melanesian-MG-5-20-07", "polarity": "Right"}}, {"type": "Feature", "geometry": {"type": "LineString", "coordinates": [[153.6619, -5.8181], [152.5799, -4.0508], [152.1241, -3.6468]]}, "properties": {"type": "SubductionZone", "length": 0.0467, "pid": 847, "name": "So Melanesian-MG-5-20-07", "polarity": "Right"}}, {"type": "Feature", "geometry": {"type": "LineString", "coordinates": [[-179.2787, -14.9402], [-178.5668, -14.791], [-177.5901, -14.6755], [-176.753, -14.6613], [-175.9082, -14.5131], [-175.4241, -14.4442]]}, "properties": {"type": "SubductionZone", "length": 0.0658, "pid": 821, "name": "Tonga-Kermadec-MG", "polarity": "Right"}}, {"type": "Feature", "geometry": {"type": "LineString", "coordinates": [[-175.4241, -14.4442], [-174.4364, -14.3003], [-173.4413, -14.6102], [-172.782, -15.0111], [-172.3092, -15.4937], [-172.3474, -17.3058], [-172.6789, -18.5101], [-173.0284, -19.5884], [-173.376, -20.5173], [-173.9833, -22.0259], [-174.8807, -23.5525], [-175.007, -23.766]]}, "properties": {"type": "SubductionZone", "length": 0.2122, "pid": 821, "name": "Tonga-Kermadec-MG", "polarity": "Right"}}, {"type": "Feature", "geometry": {"type": "LineString", "coordinates": [[-175.007, -23.766], [-175.0394, -23.8207], [-175.3362, -25.5453], [-175.4213, -26.9174], [-175.7642, -27.8051], [-176.2359, -29.7439], [-177.3041, -31.8211], [-177.4609, -32.1162]]}, "properties": {"type": "SubductionZone", "length": 0.1518, "pid": 821, "name": "Tonga-Kermadec-MG", "polarity": "Right"}}, {"type": "Feature", "geometry": {"type": "LineString", "coordinates": [[124.6121, -0.7103], [124.7189, -0.391], [125.0881, 0.5965], [125.7398, 1.6081], [125.7632, 1.8364]]}, "properties": {"type": "SubductionZone", "length": 0.0493, "pid": 669, "name": "West Molucca Sea Subduction", "polarity": "Left"}}, {"type": "Feature", "geometry": {"type": "LineString", "coordinates": [[125.7632, 1.8364], [125.88, 2.9777], [126.0473, 3.7306]]}, "properties": {"type": "SubductionZone", "length": 0.0335, "pid": 669, "name": "West Molucca Sea Subduction", "polarity": "Left"}}, {"type": "Feature", "geometry": {"type": "LineString", "coordinates": [[126.0473, 3.7306], [126.1242, 4.0759]]}, "properties": {"type": "SubductionZone", "length": 0.0062, "pid": 669, "name": "West Molucca Sea Subduction", "polarity": "Left"}}, {"type": "Feature", "geometry": {"type": "LineString", "coordinates": [[121.3135, -9.2953], [121.2668, -8.277], [121.0134, -7.0747], [120.69, -5.2162], [120.5354, -3.3186]]}, "properties": {"type": "Transform", "length": 0.1054, "pid": 668, "name": "West Sulawesi Transform"}}, {"type": "Feature", "geometry": {"type": "LineString", "coordinates": [[120.5354, -3.3186], [120.521, -3.1415], [119.294, 0.6366], [119.2994, 1.2092]]}, "properties": {"type": "Transform", "length": 0.0824, "pid": 668, "name": "West Sulawesi Transform"}}, {"type": "Feature", "geometry": {"type": "LineString", "coordinates": [[119.2994, 1.2092], [119.307, 2.0178], [118.5573, 3.505], [119.404, 5.1308], [119.4262, 5.422]]}, "properties": {"type": "Transform", "length": 0.0802, "pid": 668, "name": "West Sulawesi Transform"}}, {"type": "Feature", "geometry": {"type": "LineString", "coordinates": [[67.9225, -1.9037], [71.4163, -1.7243], [74.8979, -1.3874], [80.6257, 0.0727], [82.928, 1.0273], [84.2757, 2.2627], [86.0165, 4.3966], [88.4873, 5.5758], [89.8912, 7.5412], [91.3134, 9.0666], [91.8398, 9.6268]]}, "properties": {"type": "TerraneBoundary", "length": 0.4879, "pid": 501, "name": "Capricorn Boundary (Kreemer et al 2003)"}}, {"type": "Feature", "geometry": {"type": "LineString", "coordinates": [[79.1625, -36.4931], [80.9094, -35.2195], [82.6472, -33.3393], [83.4334, -32.2162], [85.455, -30.0261], [86.4096, -28.7346], [87.9819, -26.2076], [90.902, -22.8945], [92.5304, -21.0976], [95.0574, -17.616], [96.6297, -15.5944], [97.9774, -13.2359], [99.0444, -11.7198], [100.256, -10.7842], [101.7775, -9.8447], [103.229, -8.937], [103.4663, -8.7549]]}, "properties": {"type": "TerraneBoundary", "length": 0.6271, "pid": 801, "name": "Capricorn Boundary (Kreemer et al 2003)"}}, {"type": "Feature", "geometry": {"type": "LineString", "coordinates": [[160.0036, -61.8513], [160.7476, -62.5]]}, "properties": {"type": "TerraneBoundary", "length": 0.0128, "pid": 802, "name": "E/W ANT"}}, {"type": "Feature", "geometry": {"type": "LineString", "coordinates": [[160.7476, -62.5], [169.967, -68.4756], [171.667, -69.3137], [172.5977, -69.6632]]}, "properties": {"type": "TerraneBoundary", "length": 0.15, "pid": 802, "name": "E/W ANT"}}, {"type": "Feature", "geometry": {"type": "LineString", "coordinates": [[36.8632, -7.8949], [36.6587, -7.4969], [36.2323, -6.502], [35.91, -5.4334]]}, "properties": {"type": "TerraneBoundary", "length": 0.0461, "pid": 712, "name": "Victoria-Somalia (Stamps et al 2008)"}}, {"type": "Feature", "geometry": {"type": "LineString", "coordinates": [[144.4168, 54.7815], [144.919, 51.3607], [144.848, 47.9375], [144.7523, 47.2067]]}, "properties": {"type": "Transform", "length": 0.1325, "pid": 662, "name": "Japan transform adapted from cob Subduction GS"}}, {"type": "Feature", "geometry": {"type": "LineString", "coordinates": [[144.7523, 47.2067], [144.4241, 44.5374]]}, "properties": {"type": "Transform", "length": 0.0468, "pid": 662, "name": "Japan transform adapted from cob Subduction GS"}}, {"type": "Feature", "geometry": {"type": "LineString", "coordinates": [[144.4241, 44.5374], [144.3214, 43.6474], [144.2253, 41.0677], [144.2291, 41.0206]]}, "properties": {"type": "Transform", "length": 0.0615, "pid": 662, "name": "Japan transform adapted from cob Subduction GS"}}, {"type": "Feature", "geometry": {"type": "LineString", "coordinates": [[126.7447, 3.1827], [126.7639, 3.5167], [126.304, 4.2845], [125.892, 6.9357], [125.383, 9.3264], [124.735, 10.7773], [123.812, 12.3511], [122.169, 14.3562], [121.235, 15.7941], [120.639, 16.8576], [119.7397, 17.6897]]}, "properties": {"type": "Transform", "length": 0.2866, "pid": 674, "name": "Mindanao-Negros Transform"}}, {"type": "Feature", "geometry": {"type": "LineString", "coordinates": [[131.4643, 0.3533], [130.9312, 0.5476], [130.069, 0.8617], [129.4194, 1.5312], [128.9402, 2.3184]]}, "properties": {"type": "Transform", "length": 0.0583, "pid": 679, "name": "North halmahera transform"}}, {"type": "Feature", "geometry": {"type": "LineString", "coordinates": [[-35.6639, 52.5962], [-33.224, 52.4829], [-30.1242, 52.1699], [-30.077, 52.1698]]}, "properties": {"type": "Transform", "length": 0.06, "pid": 317, "name": "North Porcupine Transform"}}, {"type": "Feature", "geometry": {"type": "LineString", "coordinates": [[-29.1597, -54.7923], [-29.6106, -54.8717], [-29.7489, -54.8691]]}, "properties": {"type": "Transform", "length": 0.0061, "pid": 201, "name": "NORTH SCOTIA RIDGE TRANSFORM FAULT"}}, {"type": "Feature", "geometry": {"type": "LineString", "coordinates": [[-29.7489, -54.8691], [-31.8747, -54.81], [-33.6977, -54.4383]]}, "properties": {"type": "Transform", "length": 0.0409, "pid": 201, "name": "NORTH SCOTIA RIDGE TRANSFORM FAULT"}}, {"type": "Feature", "geometry": {"type": "LineString", "coordinates": [[-43.7171, -53.0453], [-43.7238, -53.0452], [-45.3004, -52.8083]]}, "properties": {"type": "Transform", "length": 0.0172, "pid": 201, "name": "NORTH SCOTIA RIDGE TRANSFORM FAULT"}}, {"type": "Feature", "geometry": {"type": "LineString", "coordinates": [[132.4546, -4.0375], [132.3528, -3.9087]]}, "properties": {"type": "Transform", "length": 0.0029, "pid": 61502, "name": "PNG transform"}}, {"type": "Feature", "geometry": {"type": "LineString", "coordinates": [[131.2651, -2.9391], [130.486, -2.681], [128.81, -2.4908], [127.9378, -2.5756]]}, "properties": {"type": "Transform", "length": 0.059, "pid": 61502, "name": "PNG transform"}}, {"type": "Feature", "geometry": {"type": "LineString", "coordinates": [[127.9378, -2.5756], [126.689, -2.696], [124.077, -3.3611], [122.0471, -3.3383]]}, "properties": {"type": "Transform", "length": 0.1042, "pid": 61502, "name": "PNG transform"}}, {"type": "Feature", "geometry": {"type": "LineString", "coordinates": [[122.0471, -3.3383], [120.5354, -3.3186]]}, "properties": {"type": "Transform", "length": 0.0263, "pid": 61502, "name": "PNG transform"}}, {"type": "Feature", "geometry": {"type": "LineString", "coordinates": [[99.3905, 26.4444], [100.34, 25.1663], [101.517, 23.9319], [103.125, 22.8355], [104.866, 21.5656], [105.732, 20.7331]]}, "properties": {"type": "Transform", "length": 0.1435, "pid": 602, "name": "Red River Fault"}}, {"type": "Feature", "geometry": {"type": "LineString", "coordinates": [[-31.177, -60.5143], [-30.9401, -60.5335], [-27.7259, -60.628], [-27.6976, -60.6242]]}, "properties": {"type": "Transform", "length": 0.0299, "pid": 802, "name": "South Scotia Ridge Transform Fault"}}, {"type": "Feature", "geometry": {"type": "LineString", "coordinates": [[129.0262, -7.7746], [129.005, -7.7583], [127.1318, -6.7376]]}, "properties": {"type": "Transform", "length": 0.0375, "pid": 652, "name": "South Sulawesi transform"}}, {"type": "Feature", "geometry": {"type": "LineString", "coordinates": [[127.1318, -6.7376], [126.417, -6.3451], [125.397, -5.7867], [123.552, -4.3892], [122.0471, -3.3383]]}, "properties": {"type": "Transform", "length": 0.1067, "pid": 652, "name": "South Sulawesi transform"}}, {"type": "Feature", "geometry": {"type": "LineString", "coordinates": [[164.0737, 55.1942], [163.3833, 55.8912], [163.0961, 56.2572]]}, "properties": {"type": "UnclassifiedFeature", "length": 0.0209, "pid": 409, "name": "NE SIberia"}}, {"type": "Feature", "geometry": {"type": "MultiLineString", "coordinates": [[[-144.2794, 60.518], [-145.7557, 59.9809], [-147.1842, 59.4278], [-148.5662, 58.8596], [-149.903, 58.2772], [-150.9603, 57.7553], [-151.9872, 57.2249], [-152.9848, 56.6863], [-153.954, 56.14], [-154.773, 55.6977], [-155.444, 55.313], [-156.452, 55.0058], [-157.081, 54.7488], [-157.828, 54.4216], [-158.682, 54.091], [-159.326, 53.872], [-160.725, 53.5469], [-162.1021, 53.2058], [-163.457, 52.849], [-164.7637, 52.586], [-166.0544, 52.3088], [-167.3286, 52.0177], [-168.586, 51.713], [-170.077, 51.4335], [-171.5492, 51.1354], [-173.002, 50.819], [-174.5082, 50.7346], [-176.0084, 50.6308], [-177.5014, 50.5079], [-178.986, 50.366], [-180.0, 50.4498]], [[180.0, 50.4498], [178.47, 50.5591], [176.9781, 50.7582], [175.474, 50.9382], [174.1868, 51.3486], [172.8768, 51.7447], [171.544, 52.1259], [170.3447, 52.6192], [169.1183, 53.1002]]]}, "properties": {"type": "SubductionZone", "length": 0.5468, "pid": 111, "name": "Aleutian and Bering Sea Masking Polygon", "polarity": "Right"}}, {"type": "Feature", "geometry": {"type": "LineString", "coordinates": [[169.1183, 53.1002], [167.084, 53.8481], [164.0737, 55.1942]]}, "properties": {"type": "SubductionZone", "length": 0.0633, "pid": 111, "name": "Aleutian and Bering Sea Masking Polygon", "polarity": "Right"}}, {"type": "Feature", "geometry": {"type": "LineString", "coordinates": [[169.1183, 53.1002], [168.312, 53.1202], [163.486, 52.733], [161.4754, 52.4996]]}, "properties": {"type": "SubductionZone", "length": 0.0814, "pid": 413, "name": "Shirshov Ridge Subduction", "polarity": "Right"}}, {"type": "Feature", "geometry": {"type": "LineString", "coordinates": [[97.739, 4.5501], [98.1421, 3.5883], [98.7264, 2.1904], [101.2389, -1.8141], [102.4605, -3.3848], [103.0981, -4.6546], [103.0879, -5.8618], [102.8326, -6.9824], [102.7721, -7.4909]]}, "properties": {"type": "Transform", "length": 0.2367, "pid": 673, "name": "Three Pagodas and Sumatra Fault Zone"}}, {"type": "Feature", "geometry": {"type": "LineString", "coordinates": [[96.589, 27.6051], [96.9134, 26.0212], [96.0858, 22.3982], [96.1916, 19.9968], [96.8408, 17.0621], [97.1315, 15.1763]]}, "properties": {"type": "Transform", "length": 0.2202, "pid": 603, "name": "Burma transform"}}, {"type": "Feature", "geometry": {"type": "LineString", "coordinates": [[97.1315, 15.1763], [97.3684, 13.6135]]}, "properties": {"type": "Transform", "length": 0.0276, "pid": 603, "name": "Burma transform"}}, {"type": "Feature", "geometry": {"type": "LineString", "coordinates": [[97.3684, 13.6135], [97.1639, 13.2393], [96.6603, 11.5261], [96.6103, 9.269], [96.846, 6.7556], [97.3939, 4.8404], [97.739, 4.5501]]}, "properties": {"type": "Transform", "length": 0.1646, "pid": 603, "name": "Burma transform"}}, {"type": "Feature", "geometry": {"type": "LineString", "coordinates": [[123.0079, 17.0764], [123.3091, 16.3737], [124.216, 15.4349], [126.3258, 12.0551], [127.4609, 8.0244], [127.9501, 4.8972], [128.884, 3.1157], [128.9402, 2.3184]]}, "properties": {"type": "SubductionZone", "length": 0.2819, "pid": 678, "name": "Philippine trench", "polarity": "Right"}}, {"type": "Feature", "geometry": {"type": "LineString", "coordinates": [[120.9674, 23.3081], [120.427, 20.8369], [120.3602, 18.6969], [119.7397, 17.6897]]}, "properties": {"type": "SubductionZone", "length": 0.1017, "pid": 612, "name": "Luzon subduction", "polarity": "Left"}}, {"type": "Feature", "geometry": {"type": "LineString", "coordinates": [[119.7397, 17.6897], [119.4898, 17.2803], [119.5423, 15.1007], [119.9012, 13.9051], [120.3893, 13.5169]]}, "properties": {"type": "SubductionZone", "length": 0.0787, "pid": 612, "name": "Luzon subduction", "polarity": "Left"}}, {"type": "Feature", "geometry": {"type": "LineString", "coordinates": [[120.3893, 13.5169], [120.7766, 13.2072], [121.3459, 12.8791], [121.5479, 12.2874]]}, "properties": {"type": "SubductionZone", "length": 0.0306, "pid": 612, "name": "Luzon subduction", "polarity": "Left"}}, {"type": "Feature", "geometry": {"type": "LineString", "coordinates": [[121.5479, 12.2874], [121.7361, 11.7336], [122.0608, 10.7726]]}, "properties": {"type": "SubductionZone", "length": 0.0279, "pid": 612, "name": "Luzon subduction", "polarity": "Left"}}, {"type": "Feature", "geometry": {"type": "LineString", "coordinates": [[122.0608, 10.7726], [122.1018, 10.6509], [122.1684, 9.7127], [122.6386, 8.8346], [123.0927, 8.394]]}, "properties": {"type": "SubductionZone", "length": 0.047, "pid": 612, "name": "Luzon subduction", "polarity": "Left"}}, {"type": "Feature", "geometry": {"type": "LineString", "coordinates": [[123.0927, 8.394], [123.4036, 8.0914], [123.584, 7.8892]]}, "properties": {"type": "SubductionZone", "length": 0.0122, "pid": 612, "name": "Luzon subduction", "polarity": "Left"}}, {"type": "Feature", "geometry": {"type": "LineString", "coordinates": [[126.1242, 4.0759], [125.8569, 4.517], [125.0165, 5.1638], [123.9589, 6.1317], [123.5987, 7.7867], [123.584, 7.8892]]}, "properties": {"type": "SubductionZone", "length": 0.0838, "pid": 645, "name": "East Sunda subduction", "polarity": "Left"}}, {"type": "Feature", "geometry": {"type": "LineString", "coordinates": [[92.4681, 6.3447], [93.6802, 6.9725], [94.4409, 7.4466], [94.1823, 7.8973], [93.9789, 8.4238], [93.8686, 8.7439], [93.8131, 9.0453], [94.0702, 9.119], [93.951, 9.5129], [93.8304, 9.9472], [93.7709, 10.383], [94.1043, 10.4519], [94.0679, 10.8009], [94.7293, 10.9243], [95.2957, 11.0242], [95.2324, 12.0186], [95.196, 12.7107], [95.6779, 12.7476], [95.6816, 13.2322], [95.8408, 13.2218], [95.8297, 13.7668], [96.0305, 13.7706], [96.0372, 15.1765], [97.1315, 15.1763]]}, "properties": {"type": "MidOceanRidge", "length": 0.2348, "pid": 0, "name": "Andaman Sea MOR"}}, {"type": "Feature", "geometry": {"type": "LineString", "coordinates": [[123.0079, 17.0764], [123.1194, 17.4058], [122.2927, 21.5959], [122.0623, 23.0907], [122.0687, 23.2498]]}, "properties": {"type": "SubductionZone", "length": 0.1096, "pid": 737, "name": "Luzon East subduction", "polarity": "Left"}}, {"type": "Feature", "geometry": {"type": "LineString", "coordinates": [[118.7417, 6.8247], [122.0608, 10.7726]]}, "properties": {"type": "MidOceanRidge", "length": 0.0896, "pid": 0, "name": "Sulu Sea"}}, {"type": "Feature", "geometry": {"type": "LineString", "coordinates": [[117.4166, 8.6425], [118.7417, 6.8247]]}, "properties": {"type": "Transform", "length": 0.0391, "pid": 614, "name": "Borneo transform"}}, {"type": "Feature", "geometry": {"type": "LineString", "coordinates": [[118.7417, 6.8247], [118.959, 6.5247], [119.5687, 5.5332]]}, "properties": {"type": "Transform", "length": 0.0267, "pid": 614, "name": "Borneo transform"}}, {"type": "Feature", "geometry": {"type": "LineString", "coordinates": [[127.1318, -6.7376], [129.2222, -5.6772], [129.1249, -5.5193], [132.2765, -3.8537]]}, "properties": {"type": "MidOceanRidge", "length": 0.106, "pid": 0, "name": "Banda spreading"}}, {"type": "Feature", "geometry": {"type": "LineString", "coordinates": [[128.5659, -1.8629], [129.3958, -1.3746], [131.18, -0.1743]]}, "properties": {"type": "Transform", "length": 0.0543, "pid": 61502, "name": "Bird's Head transform"}}, {"type": "Feature", "geometry": {"type": "LineString", "coordinates": [[131.18, -0.1743], [131.901, 0.3109]]}, "properties": {"type": "Transform", "length": 0.0152, "pid": 61502, "name": "Bird's Head transform"}}, {"type": "Feature", "geometry": {"type": "LineString", "coordinates": [[132.7082, 0.0854], [132.6679, 0.6024], [132.7867, 1.8422], [132.8053, 3.7121], [133.1034, 4.5895], [133.5061, 5.7994], [134.2468, 6.552], [134.6414, 6.9771]]}, "properties": {"type": "InferredPaleoBoundary", "length": 0.1303, "pid": 608, "name": "Philippine Plate from NUVEL"}}, {"type": "Feature", "geometry": {"type": "LineString", "coordinates": [[149.3198, -0.7384], [149.1447, 0.4303], [148.7259, 1.4135], [148.6758, 3.2735], [148.0371, 5.5691]]}, "properties": {"type": "SubductionZone", "length": 0.1133, "pid": 689, "name": "Mussau Trench", "polarity": "Right"}}, {"type": "Feature", "geometry": {"type": "LineString", "coordinates": [[131.18, -0.1743], [132.259, -0.605]]}, "properties": {"type": "Transform", "length": 0.0203, "pid": 697, "name": "Toricelli transform"}}, {"type": "Feature", "geometry": {"type": "LineString", "coordinates": [[132.259, -0.605], [134.2433, -1.3961], [136.9717, -1.9787], [140.2024, -2.952], [142.453, -4.0289], [144.6963, -4.8168], [144.7985, -4.9003]]}, "properties": {"type": "Transform", "length": 0.232, "pid": 697, "name": "Toricelli transform"}}, {"type": "Feature", "geometry": {"type": "LineString", "coordinates": [[138.4517, 9.3325], [139.1383, 9.0784], [140.5981, 8.6665], [142.8586, 7.2604], [143.6601, 6.7653], [144.7209, 6.5472], [148.0371, 5.5691]]}, "properties": {"type": "Transform", "length": 0.1801, "pid": 901, "name": "Sorol Trough"}}, {"type": "Feature", "geometry": {"type": "LineString", "coordinates": [[139.262, 24.85], [138.4729, 26.9167], [137.8536, 28.5113], [137.0284, 30.8056], [136.6501, 31.9393], [136.5532, 31.9464], [136.2172, 32.7837]]}, "properties": {"type": "MidOceanRidge", "length": 0.147, "pid": 0, "name": "Ridge f iso on EPV at 22.6Ma"}}, {"type": "Feature", "geometry": {"type": "LineString", "coordinates": [[-81.6104, 17.8159], [-81.6676, 18.7392]]}, "properties": {"type": "MidOceanRidge", "length": 0.0161, "pid": 0, "name": "MOR NAM-Caribbean"}}, {"type": "Feature", "geometry": {"type": "LineString", "coordinates": [[-177.2507, -15.477], [-177.2372, -15.6945], [-177.6351, -16.0145], [-177.6823, -16.1805], [-177.2406, -16.5382], [-176.922, -16.8806], [-176.6235, -17.3943], [-176.4609, -17.7593], [-176.2918, -18.0998], [-176.3402, -18.2851], [-176.5927, -18.7958], [-176.5431, -19.2197], [-175.9214, -19.4043], [-176.1258, -19.895], [-176.179, -20.1002], [-176.1188, -20.1301], [-176.1415, -20.2574], [-176.205, -20.6681], [-176.402, -21.4936], [-176.5967, -21.9789], [-176.6434, -22.2327], [-176.6874, -22.2743], [-176.7585, -22.7669], [-177.4011, -24.1036]]}, "properties": {"type": "MidOceanRidge", "length": 0.1753, "pid": 0, "name": "Lau Basin MOR"}}, {"type": "Feature", "geometry": {"type": "LineString", "coordinates": [[-175.4241, -14.4442], [-175.4918, -14.8401], [-175.4913, -15.4038], [-175.5637, -15.7212]]}, "properties": {"type": "MidOceanRidge", "length": 0.0225, "pid": 0, "name": "Lau Basin MOR North"}}, {"type": "Feature", "geometry": {"type": "LineString", "coordinates": [[-175.5637, -15.7212], [-177.2507, -15.477]]}, "properties": {"type": "MidOceanRidge", "length": 0.0287, "pid": 0, "name": "Lau Basin MOR"}}, {"type": "Feature", "geometry": {"type": "LineString", "coordinates": [[172.6528, -13.3323], [172.7675, -13.7203], [173.5541, -15.6905], [173.405, -15.7473], [173.5627, -16.1365], [173.4451, -16.2473], [173.9289, -17.0497], [173.266, -18.5064], [173.4152, -18.5093], [173.4077, -21.1207], [174.1182, -21.1518], [174.0328, -22.4494]]}, "properties": {"type": "MidOceanRidge", "length": 0.1829, "pid": 0, "name": "North Fiji Basin MOR"}}, {"type": "Feature", "geometry": {"type": "LineString", "coordinates": [[103.4663, -8.7549], [103.4771, -8.7568], [103.9246, -8.8331], [104.6607, -8.9802]]}, "properties": {"type": "SubductionZone", "length": 0.021, "pid": 736, "name": "Java SZ", "polarity": "Left"}}, {"type": "Feature", "geometry": {"type": "LineString", "coordinates": [[104.6607, -8.9802], [104.8655, -9.0208], [106.8319, -9.1781], [107.3617, -9.244], [108.0421, -9.3276], [108.9618, -9.4384], [109.5888, -9.458], [109.9159, -9.4679], [110.1881, -9.4758], [110.4256, -9.4826], [110.7465, -9.4915], [111.153, -9.5023], [111.663, -9.5152], [111.9706, -9.5067], [112.4093, -9.4939], [112.8223, -9.4815], [112.9649, -9.477], [113.4603, -9.4612]]}, "properties": {"type": "SubductionZone", "length": 0.152, "pid": 736, "name": "Java SZ", "polarity": "Left"}}, {"type": "Feature", "geometry": {"type": "LineString", "coordinates": [[113.4603, -9.4612], [114.8871, -9.5996], [118.7704, -9.3166], [121.3135, -9.2953]]}, "properties": {"type": "SubductionZone", "length": 0.1355, "pid": 651, "name": "Flores Banda SZ", "polarity": "Left"}}, {"type": "Feature", "geometry": {"type": "LineString", "coordinates": [[121.3135, -9.2953], [122.3613, -9.2813], [125.4157, -8.5264], [128.9146, -7.8066], [129.0262, -7.7746]]}, "properties": {"type": "SubductionZone", "length": 0.1361, "pid": 651, "name": "Flores Banda SZ", "polarity": "Left"}}, {"type": "Feature", "geometry": {"type": "LineString", "coordinates": [[129.0262, -7.7746], [130.4769, -7.3562], [131.5354, -6.4569], [132.304, -5.5976], [132.4546, -4.0375]]}, "properties": {"type": "SubductionZone", "length": 0.0977, "pid": 651, "name": "Flores Banda SZ", "polarity": "Left"}}, {"type": "Feature", "geometry": {"type": "LineString", "coordinates": [[-96.1783, 15.2031], [-94.8338, 14.5003], [-91.5797, 12.8922], [-89.232, 11.8689], [-87.7884, 10.6684], [-85.7471, 9.374], [-82.759, 7.5712]]}, "properties": {"type": "SubductionZone", "length": 0.2661, "pid": 2000, "name": "Central American subduction from 135 Ma", "polarity": "Left"}}, {"type": "Feature", "geometry": {"type": "LineString", "coordinates": [[-82.759, 7.5712], [-82.4652, 7.3919], [-81.9953, 7.1587], [-81.4233, 6.8907], [-80.9527, 6.881]]}, "properties": {"type": "SubductionZone", "length": 0.0342, "pid": 2000, "name": "Central American subduction from 135 Ma", "polarity": "Left"}}, {"type": "Feature", "geometry": {"type": "LineString", "coordinates": [[-80.9527, 6.881], [-80.4326, 6.899], [-79.7799, 6.9647], [-78.9974, 7.0857], [-78.7776, 7.1536]]}, "properties": {"type": "Transform", "length": 0.0381, "pid": 2015, "name": ""}}, {"type": "Feature", "geometry": {"type": "LineString", "coordinates": [[-79.83, 8.774], [-79.4691, 8.1712], [-78.9522, 7.4202], [-78.7776, 7.1536]]}, "properties": {"type": "SubductionZone", "length": 0.0336, "pid": 2031, "name": "Caribbean/farallon subduction iniating at 85 Ma", "polarity": "Left"}}, {"type": "Feature", "geometry": {"type": "LineString", "coordinates": [[-78.7776, 7.1536], [-78.7527, 7.1155]]}, "properties": {"type": "SubductionZone", "length": 0.0008, "pid": 2031, "name": "Caribbean/farallon subduction iniating at 85 Ma", "polarity": "Left"}}, {"type": "Feature", "geometry": {"type": "LineString", "coordinates": [[-78.7527, 7.1155], [-78.6007, 6.883], [-78.082, 6.1368], [-77.9073, 5.3546]]}, "properties": {"type": "SubductionZone", "length": 0.0346, "pid": 2031, "name": "Caribbean/farallon subduction iniating at 85 Ma", "polarity": "Left"}}, {"type": "Feature", "geometry": {"type": "LineString", "coordinates": [[-77.9073, 5.3546], [-77.8686, 5.1812], [-78.0121, 4.6637]]}, "properties": {"type": "SubductionZone", "length": 0.0125, "pid": 2031, "name": "Caribbean/farallon subduction iniating at 85 Ma", "polarity": "Left"}}, {"type": "Feature", "geometry": {"type": "LineString", "coordinates": [[-61.2381, 19.5836], [-59.1955, 17.6601], [-58.7199, 16.6374]]}, "properties": {"type": "SubductionZone", "length": 0.0672, "pid": 2011, "name": "Caribbean subduction", "polarity": "Right"}}, {"type": "Feature", "geometry": {"type": "LineString", "coordinates": [[-58.7199, 16.6374], [-58.3564, 15.8475], [-57.6553, 14.9246], [-57.2825, 13.0713], [-57.636, 11.2222], [-57.7875, 10.6952]]}, "properties": {"type": "SubductionZone", "length": 0.1104, "pid": 2011, "name": "Caribbean subduction", "polarity": "Right"}}, {"type": "Feature", "geometry": {"type": "LineString", "coordinates": [[-99.1992, 15.9999], [-97.4019, 15.4767], [-96.1783, 15.2031]]}, "properties": {"type": "Transform", "length": 0.0527, "pid": 339, "name": "FZ NORTH 1"}}, {"type": "Feature", "geometry": {"type": "LineString", "coordinates": [[-96.1783, 15.2031], [-95.5481, 15.0592], [-92.8998, 15.315]]}, "properties": {"type": "Transform", "length": 0.0557, "pid": 339, "name": "FZ NORTH 1"}}, {"type": "Feature", "geometry": {"type": "LineString", "coordinates": [[-92.8998, 15.315], [-90.2161, 15.5418], [-88.5947, 15.7775], [-87.0093, 16.2763], [-85.1908, 17.0224], [-83.438, 17.5489], [-81.6104, 17.8159]]}, "properties": {"type": "Transform", "length": 0.1953, "pid": 339, "name": "FZ NORTH 1"}}, {"type": "Feature", "geometry": {"type": "LineString", "coordinates": [[-75.0639, 12.2091], [-72.9465, 11.9454], [-69.9235, 11.5407], [-67.8974, 11.4341], [-66.9195, 11.3776]]}, "properties": {"type": "Transform", "length": 0.14, "pid": 201, "name": "TBD"}}, {"type": "Feature", "geometry": {"type": "LineString", "coordinates": [[-66.9195, 11.3776], [-57.7875, 10.6952]]}, "properties": {"type": "Transform", "length": 0.1569, "pid": 201, "name": "TBD"}}, {"type": "Feature", "geometry": {"type": "LineString", "coordinates": [[-81.6676, 18.7392], [-79.3785, 19.0727], [-76.7185, 19.4076], [-73.9603, 19.6994], [-70.4986, 19.8322], [-67.6518, 19.8836], [-64.4904, 19.7569], [-61.2381, 19.5836]]}, "properties": {"type": "Transform", "length": 0.3372, "pid": 339, "name": "FZ NORTH 2"}}, {"type": "Feature", "geometry": {"type": "LineString", "coordinates": [[-102.1815, 1.1386], [-102.1817, 1.1359], [-102.1817, 1.1357]]}, "properties": {"type": "MidOceanRidge", "length": 0.0001, "pid": 0, "name": "Pacific-Nazca MOR from Bird 2003 (NW15)"}}, {"type": "Feature", "geometry": {"type": "LineString", "coordinates": [[-102.1817, 1.1357], [-102.2399, 0.7129], [-102.2101, 0.7064], [-102.2529, 0.3701], [-102.293, 0.1632], [-102.3192, -0.0179], [-102.3502, -0.3934], [-102.3969, -0.5031], [-102.4489, -0.8216], [-102.496, -1.1094], [-102.5239, -1.2828], [-102.3992, -1.2834], [-102.4221, -1.3748], [-102.462, -1.5328], [-102.3938, -1.5605], [-102.3069, -1.5959], [-102.3348, -1.6868], [-102.3559, -1.7564], [-102.3775, -1.8275], [-102.402, -1.9074], [-102.6209, -1.9063], [-102.656, -2.1885], [-102.6774, -2.3478], [-102.695, -2.4942], [-102.7165, -2.6554], [-102.7539, -2.9338], [-102.6957, -2.9345], [-102.5658, -2.9359], [-102.5683, -3.1292], [-102.571, -3.4346], [-102.5995, -3.5428], [-102.656, -3.7572], [-102.683, -3.8594], [-102.7114, -3.9673], [-102.7349, -4.0566], [-103.0685, -4.0177], [-103.8168, -3.9295], [-104.5391, -3.8443], [-104.6994, -4.1521], [-105.38, -4.0785], [-105.5441, -4.5694], [-106.253, -4.494], [-106.271, -4.5443], [-106.311, -4.6558], [-106.3684, -4.8165], [-106.45, -5.0433], [-106.4766, -5.1544], [-106.5238, -5.3571], [-106.5689, -5.5476], [-106.587, -5.6239], [-106.7411, -5.62], [-106.7519, -6.019], [-106.8449, -6.0164], [-106.9501, -6.4427], [-107.4408, -6.3668], [-107.6069, -6.7591], [-107.653, -7.1854], [-107.8801, -7.5143], [-107.8983, -7.5839], [-108.0619, -8.2398], [-108.1932, -8.358], [-108.3201, -9.1447], [-109.7556, -8.9244], [-109.7752, -9.0723], [-109.857, -9.6767], [-110.0712, -9.665], [-110.2187, -10.0833], [-110.272, -10.6125], [-110.292, -10.8016], [-110.447, -10.8223], [-110.4851, -11.3942], [-110.6748, -11.4722], [-110.8162, -11.7498], [-110.9257, -11.969], [-111.077, -12.7418], [-110.892, -12.7551], [-111.0073, -13.4107], [-111.1912, -13.3963], [-111.266, -13.5413], [-112.4258, -13.3864], [-112.4389, -13.8643], [-112.5817, -14.0623], [-112.613, -14.7178], [-112.7658, -14.7039], [-112.9728, -15.7918], [-113.0662, -16.3519], [-112.9733, -16.3604], [-113.165, -16.6704], [-113.0412, -16.6834], [-113.2411, -17.0516], [-113.1172, -17.0648], [-113.3291, -17.5209], [-113.1741, -17.5384], [-113.388, -17.9935], [-113.2638, -18.008], [-113.3829, -18.4443], [-113.5199, -18.7579], [-113.3642, -18.7766], [-113.6228, -19.2851], [-113.4978, -19.3005], [-113.7989, -20.3247], [-113.9311, -20.5744], [-114.0873, -20.6003], [-114.2274, -21.1115], [-114.3178, -21.5629], [-114.3798, -21.6284], [-114.4208, -22.1136], [-114.5108, -22.1222], [-114.5049, -22.1959], [-114.4955, -22.5355], [-114.5699, -23.023], [-114.8746, -23.0399], [-114.9622, -23.1796], [-115.1836, -23.2355], [-115.2537, -23.3959], [-115.5976, -23.4693], [-115.4239, -23.8846], [-115.4021, -24.0173], [-115.4823, -24.1054], [-115.9121, -24.2419], [-115.968, -24.3829], [-116.184, -24.4584], [-116.225, -24.556], [-116.099, -24.8473], [-116.49, -25.1713], [-116.354, -25.4145], [-116.0283, -25.6735], [-115.7469, -25.9922], [-115.5178, -26.2438], [-115.2908, -26.466], [-115.1051, -26.604], [-114.5196, -26.7267], [-113.9335, -26.7907], [-113.53, -26.8127], [-112.9778, -26.8293], [-112.9495, -26.7659], [-112.9416, -26.9286], [-113.1111, -27.0134], [-113.1295, -27.2711], [-113.131, -27.5766], [-113.0003, -27.6074], [-112.9707, -27.8467], [-112.9595, -28.0337], [-112.9371, -28.3771], [-113.0124, -28.3867], [-113.0174, -28.5453], [-113.0197, -28.7869], [-112.9569, -29.0094], [-112.3735, -29.1585], [-111.8052, -29.265], [-111.7491, -29.577], [-111.773, -30.0059], [-111.7732, -30.1764], [-111.797, -30.4277], [-111.851, -30.6244], [-111.8851, -30.6659], [-111.9513, -31.0426], [-111.978, -31.3862], [-111.964, -31.3905], [-112.023, -31.5362]]}, "properties": {"type": "MidOceanRidge", "length": 0.8445, "pid": 0, "name": "Pacific-Nazca MOR from Bird 2003 (NW15)"}}, {"type": "Feature", "geometry": {"type": "LineString", "coordinates": [[-112.023, -31.5362], [-112.0423, -31.6047], [-112.0459, -31.6923], [-112.0407, -31.7719], [-112.0629, -31.948], [-112.0649, -32.1145], [-112.1511, -32.3427], [-112.3559, -32.3278], [-112.4152, -32.4887], [-112.418, -32.7938], [-112.4425, -33.1181], [-112.46, -33.3989], [-112.504, -33.6498], [-112.604, -33.6626], [-112.6281, -33.9989], [-112.562, -34.2996], [-112.4171, -34.5561], [-112.1868, -34.6743], [-111.7557, -34.8114], [-111.4, -34.912], [-111.3694, -34.9213], [-111.1328, -34.9927], [-110.8271, -35.0908], [-110.827, -35.0908]]}, "properties": {"type": "MidOceanRidge", "length": 0.0829, "pid": 0, "name": "Pacific-Nazca MOR from Bird 2003 (NW15)"}}, {"type": "Feature", "geometry": {"type": "LineString", "coordinates": [[-110.827, -35.0908], [-110.7949, -35.0917]]}, "properties": {"type": "MidOceanRidge", "length": 0.0005, "pid": 0, "name": "Pacific-Nazca MOR from Bird 2003 (NW15)"}}, {"type": "Feature", "geometry": {"type": "LineString", "coordinates": [[-102.1709, 2.988], [-101.8982, 2.9994], [-101.4987, 2.6063], [-101.2031, 2.2404], [-101.196, 2.1989], [-101.1942, 2.1991]]}, "properties": {"type": "MidOceanRidge", "length": 0.0235, "pid": 0, "name": "Cocos-Nazca MOR from Bird 2003 (NW15)"}}, {"type": "Feature", "geometry": {"type": "LineString", "coordinates": [[-101.1942, 2.1991], [-101.0668, 2.2105], [-100.7321, 2.241], [-100.6041, 2.1475], [-100.2816, 2.1424], [-100.2687, 2.2367], [-99.8368, 2.1925], [-99.8063, 2.2936], [-99.7001, 2.28], [-99.5407, 2.2596], [-99.2981, 2.2404], [-98.8573, 2.2111], [-98.2861, 2.22], [-97.5344, 2.1071], [-97.1393, 2.1481], [-96.5746, 2.0656], [-96.5369, 2.3139], [-95.5114, 2.3197], [-95.4895, 2.5972], [-95.1264, 2.5495], [-93.611, 2.3709], [-92.3286, 2.1629], [-92.1532, 2.0424], [-91.9529, 2.1056], [-91.5387, 2.0726], [-91.5136, 1.9513], [-90.7494, 1.8168], [-90.5438, 0.9395], [-87.8252, 0.6879], [-87.0272, 0.7165], [-87.0279, 0.885], [-86.615, 0.8689], [-85.3252, 0.8167], [-85.2387, 1.7173], [-84.6766, 1.7113], [-84.6252, 2.5061], [-84.5997, 2.9069], [-84.3809, 2.8897], [-84.3638, 3.0414], [-84.3433, 3.2159], [-83.3574, 3.2103], [-82.8228, 3.1214]]}, "properties": {"type": "MidOceanRidge", "length": 0.3901, "pid": 0, "name": "Cocos-Nazca MOR from Bird 2003 (NW15)"}}, {"type": "Feature", "geometry": {"type": "LineString", "coordinates": [[-102.1827, 1.1376], [-102.1826, 1.1378], [-102.1815, 1.1386]]}, "properties": {"type": "MidOceanRidge", "length": 0.0, "pid": 0, "name": "Galapagos-Nazca MOR from Bird 2003 (NW15)"}}, {"type": "Feature", "geometry": {"type": "LineString", "coordinates": [[-102.1815, 1.1386], [-102.082, 1.2065], [-101.959, 1.2688], [-101.825, 1.3344], [-101.644, 1.4038], [-101.58, 1.3177], [-101.487, 1.3889], [-101.423, 1.3382], [-101.348, 1.3991], [-101.315, 1.3501], [-101.195, 1.4231], [-101.153, 1.3858], [-101.047, 1.4708], [-101.074, 1.5137], [-100.964, 1.6551], [-100.973, 1.6788], [-100.908, 1.7435], [-100.974, 1.8319], [-101.049, 1.9064], [-101.149, 1.9802], [-101.1957, 2.1971], [-101.1942, 2.1991]]}, "properties": {"type": "MidOceanRidge", "length": 0.0403, "pid": 0, "name": "Galapagos-Nazca MOR from Bird 2003 (NW15)"}}, {"type": "Feature", "geometry": {"type": "LineString", "coordinates": [[-104.7676, 18.8678], [-104.7677, 18.8677]]}, "properties": {"type": "MidOceanRidge", "length": 0.0, "pid": 0, "name": "Pacific-Cocos MOR from Bird 2003 (NW15)"}}, {"type": "Feature", "geometry": {"type": "LineString", "coordinates": [[-104.7677, 18.8677], [-105.4019, 17.8683]]}, "properties": {"type": "MidOceanRidge", "length": 0.0204, "pid": 0, "name": "Pacific-Cocos MOR from Bird 2003 (NW15)"}}, {"type": "Feature", "geometry": {"type": "LineString", "coordinates": [[-105.4019, 17.8683], [-105.3989, 17.7681], [-105.367, 17.0312], [-105.3963, 16.2627], [-105.358, 15.5581], [-105.3196, 15.1067], [-104.6905, 15.2733], [-104.4372, 14.0709], [-103.927, 12.5852], [-103.7697, 11.8916], [-103.8771, 11.8728], [-103.739, 10.9364], [-103.6278, 10.2765], [-103.5971, 10.1217], [-104.2953, 10.016], [-104.2953, 9.1724], [-104.2569, 8.4559], [-104.2301, 8.3421], [-102.9602, 8.399], [-102.6572, 7.1827], [-102.4577, 5.528], [-102.1815, 3.7768], [-102.2584, 3.7487]]}, "properties": {"type": "MidOceanRidge", "length": 0.2999, "pid": 0, "name": "Pacific-Cocos MOR from Bird 2003 (NW15)"}}, {"type": "Feature", "geometry": {"type": "LineString", "coordinates": [[-105.4019, 17.8683], [-106.308, 17.9292], [-106.318, 18.016], [-106.3109, 18.1202], [-106.2809, 18.2824], [-106.2441, 18.52], [-106.5271, 18.5444], [-106.7554, 18.5898], [-107.0018, 18.647], [-107.2131, 18.7325], [-107.273, 18.7564], [-107.5227, 18.863], [-107.8165, 18.936], [-108.233, 19.1075], [-108.1981, 19.2235], [-108.5353, 19.3844], [-108.8961, 19.55], [-108.903, 19.6254], [-109.1605, 19.8068], [-109.45, 20.0275], [-109.3727, 20.1418], [-109.3781, 20.1754], [-109.3186, 20.2427], [-109.2149, 20.3974], [-109.1868, 20.4995], [-109.2849, 20.5585], [-109.2611, 20.6424], [-109.1942, 20.739], [-109.1112, 20.8238], [-108.9149, 21.068], [-108.8091, 21.2528], [-108.9768, 21.347], [-108.936, 21.4514], [-108.7839, 21.643], [-108.6693, 21.7733], [-108.5736, 21.8966], [-108.676, 21.9596], [-108.589, 22.1024], [-108.516, 22.2011], [-108.527, 22.2769], [-108.407, 22.4401], [-108.273, 22.6134], [-108.232, 22.7117], [-108.01, 22.9856], [-108.01, 22.9857]]}, "properties": {"type": "MidOceanRidge", "length": 0.1519, "pid": 0, "name": "Pacific-Rivera MOR from Bird 2003 (NW15)"}}, {"type": "Feature", "geometry": {"type": "LineString", "coordinates": [[-108.01, 22.9857], [-107.8056, 23.3311]]}, "properties": {"type": "MidOceanRidge", "length": 0.0069, "pid": 0, "name": "Pacific-Rivera MOR from Bird 2003 (NW15)"}}, {"type": "Feature", "geometry": {"type": "LineString", "coordinates": [[-107.8056, 23.3311], [-107.3804, 24.0435], [-109.3087, 26.0492]]}, "properties": {"type": "MidOceanRidge", "length": 0.0606, "pid": 0, "name": "Pacific-Rivera MOR from Bird 2003 (NW15)"}}, {"type": "Feature", "geometry": {"type": "LineString", "coordinates": [[-82.759, 7.5712], [-82.8228, 3.1214]]}, "properties": {"type": "MidOceanRidge", "length": 0.0777, "pid": 0, "name": "Cocos-Nazca MOR from Bird 2003 (NW15)"}}, {"type": "Feature", "geometry": {"type": "LineString", "coordinates": [[-102.2584, 3.7487], [-102.199, 3.4584], [-102.219, 3.2387], [-102.193, 3.0723], [-102.1709, 2.988]]}, "properties": {"type": "MidOceanRidge", "length": 0.0135, "pid": 0, "name": "Pacific-Cocos MOR from Bird 2003 (NW15)"}}, {"type": "Feature", "geometry": {"type": "LineString", "coordinates": [[-102.1709, 2.988], [-102.145, 2.8888], [-102.118, 2.8929], [-102.0959, 2.7982], [-102.1106, 2.7842], [-102.0846, 2.6335], [-102.082, 2.5744], [-102.077, 2.5025], [-102.085, 2.4861], [-102.085, 2.412], [-102.09, 2.3909], [-102.088, 2.3273], [-102.08, 2.3083], [-102.075, 2.161], [-102.067, 2.1373], [-102.075, 2.0245], [-102.076, 1.9715], [-102.088, 1.9035], [-102.104, 1.9038], [-102.133, 1.7784], [-102.262, 1.7516], [-102.23, 1.5414], [-102.257, 1.5278], [-102.222, 1.3611], [-102.243, 1.3486], [-102.203, 1.2207], [-102.223, 1.214], [-102.1827, 1.1376]]}, "properties": {"type": "MidOceanRidge", "length": 0.0365, "pid": 0, "name": "Pacific-Cocos MOR from Bird 2003 (NW15)"}}, {"type": "Feature", "geometry": {"type": "LineString", "coordinates": [[-102.1827, 1.1376], [-102.1817, 1.1357]]}, "properties": {"type": "MidOceanRidge", "length": 0.0, "pid": 0, "name": "Pacific-Cocos MOR from Bird 2003 (NW15)"}}, {"type": "Feature", "geometry": {"type": "LineString", "coordinates": [[-109.2571, -34.545], [-109.2551, -34.5453]]}, "properties": {"type": "MidOceanRidge", "length": 0.0, "pid": 0, "name": "Juan Fernandez/Nazca Ridge from Bird 2003 (NW15)"}}, {"type": "Feature", "geometry": {"type": "LineString", "coordinates": [[-109.2571, -34.545], [-109.2551, -34.5453]]}, "properties": {"type": "MidOceanRidge", "length": 0.0, "pid": 0, "name": "Juan Fernandez/Nazca Ridge from Bird 2003 (NW15)"}}, {"type": "Feature", "geometry": {"type": "LineString", "coordinates": [[-109.2551, -34.5453], [-109.277, -34.2037], [-109.27, -33.9167], [-109.205, -33.7019], [-109.323, -33.3917], [-109.41, -33.1401], [-109.183, -33.0204], [-108.972, -32.9365], [-109.206, -32.6615], [-109.435, -32.4], [-109.791, -32.1152], [-110.21, -31.9198], [-110.687, -31.715], [-111.202, -31.5638], [-111.66, -31.5564], [-112.023, -31.5362]]}, "properties": {"type": "MidOceanRidge", "length": 0.0866, "pid": 0, "name": "Juan Fernandez/Nazca Ridge from Bird 2003 (NW15)"}}, {"type": "Feature", "geometry": {"type": "LineString", "coordinates": [[-76.1444, -45.5436], [-76.6746, -45.6427], [-77.6607, -45.7605], [-77.764, -45.5885], [-77.9902, -45.0916], [-78.2065, -44.4111], [-78.8933, -44.5449], [-79.5858, -44.6655], [-80.2811, -44.7819], [-81.1065, -44.876], [-81.9346, -44.9641], [-82.1377, -44.404], [-82.3507, -43.639], [-82.5089, -42.8607], [-83.4475, -42.9815], [-83.4538, -42.873], [-83.6037, -42.2225], [-83.7162, -41.6737], [-83.8269, -41.1247], [-84.487, -41.1909], [-85.1484, -41.2533], [-86.2401, -41.3925], [-87.3364, -41.5213], [-87.4171, -41.2729], [-88.4467, -41.3187], [-89.2496, -41.3781], [-90.054, -41.4319], [-90.0876, -41.0585], [-90.7391, -41.0823], [-91.391, -41.1025], [-91.4756, -40.7319], [-91.5122, -40.2824], [-91.5483, -39.8329], [-91.6035, -39.3493], [-91.6579, -38.8656], [-92.3397, -38.9184], [-93.0225, -38.9673], [-93.0748, -38.4294], [-93.9963, -38.4823], [-94.0931, -37.717], [-94.1298, -37.0006], [-94.9095, -36.9851], [-95.6889, -36.9646], [-96.5515, -36.9209], [-97.4131, -36.871], [-97.4017, -36.2936], [-98.4167, -36.1928], [-99.5318, -36.1332], [-100.645, -36.0632], [-101.286, -35.997], [-101.926, -35.9274], [-102.565, -35.8544], [-103.202, -35.7781], [-103.998, -35.6944], [-104.793, -35.6055], [-105.391, -35.5236], [-105.988, -35.4388], [-106.666, -35.3935], [-107.343, -35.3445], [-108.071, -35.2404], [-108.797, -35.1319], [-109.259, -34.5446]]}, "properties": {"type": "MidOceanRidge", "length": 0.6192, "pid": 0, "name": "Nazca-Antarctic MOR from Bird 2003 (NW15)"}}, {"type": "Feature", "geometry": {"type": "LineString", "coordinates": [[-109.259, -34.5446], [-109.2571, -34.545]]}, "properties": {"type": "MidOceanRidge", "length": 0.0, "pid": 0, "name": "Nazca-Antarctic MOR from Bird 2003 (NW15)"}}, {"type": "Feature", "geometry": {"type": "LineString", "coordinates": [[-110.8279, -35.0947], [-110.8263, -35.0952], [-110.7949, -35.0917]]}, "properties": {"type": "MidOceanRidge", "length": 0.0005, "pid": 0, "name": "Juan Fernandez/Antarctic Ridge from Bird 2003 (NW15)"}}, {"type": "Feature", "geometry": {"type": "LineString", "coordinates": [[-110.7949, -35.0917], [-110.527, -35.0613], [-110.326, -34.946], [-110.141, -34.8171], [-109.919, -34.7019], [-109.691, -34.6092], [-109.259, -34.5446]]}, "properties": {"type": "MidOceanRidge", "length": 0.0246, "pid": 0, "name": "Juan Fernandez/Antarctic Ridge from Bird 2003 (NW15)"}}, {"type": "Feature", "geometry": {"type": "LineString", "coordinates": [[-109.259, -34.5446], [-109.2571, -34.545]]}, "properties": {"type": "MidOceanRidge", "length": 0.0, "pid": 0, "name": "Juan Fernandez/Antarctic Ridge from Bird 2003 (NW15)"}}, {"type": "Feature", "geometry": {"type": "LineString", "coordinates": [[-177.7405, -65.8077], [-177.072, -65.6069], [-175.729, -65.1825], [-175.07, -65.505], [-174.418, -65.8352], [-173.709, -65.5061], [-172.517, -64.9783], [-171.3, -64.3564], [-170.043, -64.8585], [-169.839, -64.7637], [-169.109, -64.2448], [-168.379, -63.7303], [-167.513, -63.106], [-166.608, -62.49], [-166.199, -62.6056], [-165.149, -63.007], [-163.921, -63.4667], [-163.001, -62.9675], [-162.061, -62.3936], [-161.338, -62.6144], [-160.43, -62.9233], [-159.888, -62.5954], [-158.703, -63.0044], [-158.394, -62.7885], [-157.601, -63.07], [-156.717, -63.324], [-156.022, -62.9525], [-155.254, -62.4327], [-154.324, -61.7762], [-154.181, -61.8361], [-153.661, -61.3992], [-152.943, -60.8407], [-152.119, -60.1575], [-151.329, -59.4694], [-150.382, -59.7176], [-149.809, -59.3141], [-149.264, -58.8221], [-148.276, -58.13], [-147.692, -57.5547], [-147.167, -57.6379], [-146.681, -57.3076], [-145.979, -56.6686], [-145.412, -56.2277], [-144.857, -55.7842], [-144.482, -55.9103], [-143.324, -56.2625], [-142.086, -56.6193], [-141.211, -56.8392], [-140.325, -57.0528], [-140.041, -56.7722], [-139.545, -56.2678], [-139.191, -55.7249], [-139.578, -55.6146], [-139.253, -55.2509], [-138.799, -54.7123], [-138.338, -54.141], [-137.89, -53.5679], [-137.522, -53.6878], [-136.59, -53.9067], [-136.18, -53.3957], [-135.307, -53.643], [-134.205, -53.8871], [-132.87, -54.2371], [-132.126, -54.4323], [-131.375, -54.6229], [-130.059, -54.9314], [-129.345, -55.1286], [-128.624, -55.3215], [-127.231, -55.5654], [-126.8, -55.0641], [-126.197, -55.1382], [-125.077, -55.4541], [-124.262, -55.5873], [-123.442, -55.715], [-122.655, -55.8731], [-121.862, -56.0262], [-121.635, -55.8321], [-121.228, -55.2189], [-120.663, -54.4098], [-119.685, -54.6416], [-118.581, -54.8185], [-118.313, -54.3503], [-118.037, -53.6908], [-117.661, -53.1241], [-118.977, -52.8974], [-118.875, -52.7524], [-118.422, -52.212], [-118.12, -51.7718], [-117.824, -51.3309], [-117.522, -50.8747], [-117.225, -50.4178], [-116.802, -49.8934], [-116.388, -49.3675], [-115.233, -49.5892], [-114.556, -49.721], [-113.875, -49.8489], [-113.745, -49.3574], [-113.528, -48.841], [-113.315, -48.3242], [-113.131, -47.7733], [-112.95, -47.2221], [-112.685, -46.5385], [-112.426, -45.8544], [-112.675, -45.8327], [-112.55, -45.4942], [-112.381, -44.9378], [-112.216, -44.3811], [-111.971, -43.7738], [-111.73, -43.1659], [-111.538, -42.6833], [-111.349, -42.2004], [-110.954, -42.2487], [-110.832, -41.3555], [-110.754, -40.7597], [-110.677, -40.1638], [-110.533, -39.5749], [-110.391, -38.9858], [-111.27, -38.9785], [-111.268, -38.8776], [-111.067, -38.276], [-110.869, -37.6741], [-110.668, -37.0423], [-110.471, -36.4102], [-110.739, -36.3578], [-110.715, -36.2186], [-110.579, -35.8301], [-110.895, -35.7967], [-110.877, -35.3191], [-110.8279, -35.0947]]}, "properties": {"type": "MidOceanRidge", "length": 1.2084, "pid": 0, "name": "Pacific-Antarctic MOR from Bird 2003 (NW15)"}}, {"type": "Feature", "geometry": {"type": "LineString", "coordinates": [[-110.8279, -35.0947], [-110.827, -35.0908]]}, "properties": {"type": "MidOceanRidge", "length": 0.0001, "pid": 0, "name": "Pacific-Antarctic MOR from Bird 2003 (NW15)"}}, {"type": "Feature", "geometry": {"type": "LineString", "coordinates": [[-125.0836, 40.3438], [-125.45, 40.3541], [-126.159, 40.3904], [-126.869, 40.4224], [-127.579, 40.45], [-127.579, 40.5385], [-127.717, 40.5726], [-127.639, 41.0807], [-127.56, 41.5888], [-127.446, 41.5551], [-127.401, 41.6405], [-127.241, 41.6921], [-127.039, 42.357], [-126.627, 43.0136], [-127.571, 43.4195], [-128.528, 43.8176], [-129.498, 44.2075], [-130.48, 44.5892], [-130.367, 44.9295], [-130.069, 45.2854], [-130.187, 45.414], [-129.936, 45.7362], [-129.869, 45.896], [-130.073, 45.9427], [-130.051, 46.1958], [-129.917, 46.2291], [-129.803, 46.4332], [-129.572, 46.4015], [-129.259, 47.0647], [-128.938, 47.727], [-129.19, 47.8354], [-128.94, 48.3236], [-129.147, 48.476], [-128.919, 48.8687], [-129.705, 49.1768], [-130.501, 49.4794], [-130.162, 49.9827], [-130.3, 50.0554], [-130.162, 50.2172], [-130.329, 50.2979], [-130.254, 50.4647], [-130.753, 50.9076], [-131.074, 51.1851], [-130.8635, 51.5865]]}, "properties": {"type": "MidOceanRidge", "length": 0.2928, "pid": 0, "name": "Juan de Fuca-Pacific MOR from Bird 2003 (NW15)"}}, {"type": "Feature", "geometry": {"type": "LineString", "coordinates": [[-130.8635, 51.5865], [-130.85, 51.6121], [-130.1338, 52.6127]]}, "properties": {"type": "MidOceanRidge", "length": 0.0195, "pid": 0, "name": "Juan de Fuca-Pacific MOR from Bird 2003 (NW15)"}}, {"type": "Feature", "geometry": {"type": "LineString", "coordinates": [[156.3017, -8.1817], [156.4425, -9.1644], [156.2832, -9.2152], [156.0805, -9.2592], [156.0905, -9.5176], [155.9003, -9.5613], [155.843, -9.492], [155.6507, -9.5606], [155.614, -9.501], [155.4876, -9.5533], [155.4686, -9.4833], [155.1602, -9.6189], [155.1974, -9.7162], [155.0745, -9.7959], [154.8451, -9.8321], [154.8429, -9.7237], [154.2182, -9.909], [154.1915, -10.313], [153.4932, -10.359], [153.2819, -10.3865], [152.8907, -10.393], [152.8826, -10.1076], [152.6917, -10.0691], [152.2416, -10.0514], [152.2537, -9.9591], [151.9912, -9.9572], [151.9171, -9.9351], [151.8299, -9.9044]]}, "properties": {"type": "MidOceanRidge", "length": 0.1234, "pid": 829, "name": "WOODLARK BASIN (SPREADING CENTER SE OF NEW GUINEA)"}}, {"type": "Feature", "geometry": {"type": "LineString", "coordinates": [[155.5229, -7.451], [155.5159, -7.4568]]}, "properties": {"type": "Transform", "length": 0.0002, "pid": 829, "name": "Woodlark Rise boundary"}}, {"type": "Feature", "geometry": {"type": "LineString", "coordinates": [[155.5159, -7.4568], [153.6865, -8.9755], [153.2673, -9.1665]]}, "properties": {"type": "Transform", "length": 0.0492, "pid": 829, "name": "Woodlark Rise boundary"}}, {"type": "Feature", "geometry": {"type": "LineString", "coordinates": [[-27.7103, -60.7286], [-26.1979, -60.5098], [-25.0688, -59.9733], [-24.4559, -59.3858], [-23.9907, -58.9209], [-23.8194, -58.195], [-24.1302, -57.4253], [-24.2327, -57.1736], [-24.6963, -56.7336], [-25.1492, -56.292], [-25.7205, -55.8396], [-26.414, -55.4244], [-26.9949, -55.2319], [-27.6044, -55.0948], [-28.6056, -54.8841], [-29.1597, -54.7923]]}, "properties": {"type": "SubductionZone", "length": 0.1458, "pid": 815, "name": "Sandwich Trench", "polarity": "Left"}}, {"type": "Feature", "geometry": {"type": "LineString", "coordinates": [[-29.7489, -54.8691], [-29.7147, -55.2043], [-29.8147, -55.3268], [-29.7936, -55.5009], [-29.7728, -55.6048], [-29.817, -55.6835], [-30.3157, -55.7539], [-30.3263, -55.8635], [-30.3343, -55.9491], [-30.3324, -56.0517], [-30.3253, -56.1345], [-30.3338, -56.2904], [-30.3779, -56.4434], [-30.721, -56.4492], [-30.7271, -56.511], [-30.7434, -56.5699], [-30.7431, -56.8593], [-30.469, -56.851], [-30.38, -57.0937], [-30.1341, -57.0954]]}, "properties": {"type": "MidOceanRidge", "length": 0.0514, "pid": 0, "name": "East Scotia Ridge"}}, {"type": "Feature", "geometry": {"type": "LineString", "coordinates": [[-30.1341, -57.0954], [-30.0692, -57.5995], [-29.8517, -57.5979], [-29.8442, -58.2619], [-30.0069, -58.2719], [-29.9509, -58.8052], [-29.5634, -58.8167], [-29.5547, -59.5138], [-30.1075, -59.515], [-30.0314, -59.937], [-29.8812, -60.1736], [-29.598, -60.4347], [-28.6771, -60.4587], [-27.7048, -60.4673], [-27.6967, -60.6171], [-27.6976, -60.6242]]}, "properties": {"type": "MidOceanRidge", "length": 0.0898, "pid": 0, "name": "East Scotia Ridge"}}, {"type": "Feature", "geometry": {"type": "LineString", "coordinates": [[-27.6976, -60.6242], [-27.7103, -60.7286]]}, "properties": {"type": "MidOceanRidge", "length": 0.0018, "pid": 0, "name": "East Scotia Ridge"}}, {"type": "Feature", "geometry": {"type": "LineString", "coordinates": [[-27.7103, -60.7286], [-27.7128, -60.7494]]}, "properties": {"type": "MidOceanRidge", "length": 0.0004, "pid": 0, "name": "East Scotia Ridge"}}, {"type": "Feature", "geometry": {"type": "LineString", "coordinates": [[44.945, 39.9265], [44.9979, 39.9769], [49.3379, 39.1432], [54.2686, 39.0748], [56.2086, 38.8921], [57.6564, 37.6236], [58.8354, 37.2112], [60.1785, 35.6836], [60.7622, 33.5854], [61.0243, 32.5619], [62.2342, 32.2242], [63.4031, 32.7152], [64.5117, 33.5348], [65.3259, 35.4198], [65.8236, 37.4245], [66.2479, 39.3997], [67.5843, 40.3289], [70.1921, 42.5985], [73.8215, 43.6026], [79.2675, 44.4981], [85.7201, 44.7179], [91.3451, 44.3175], [97.154, 43.7972], [101.2558, 42.9352], [105.8693, 41.6165], [105.9127, 41.5566]]}, "properties": {"type": "InferredPaleoBoundary", "length": 0.995, "pid": 301, "name": "Boundary Between Rigid Eurasia and Himalaya-Zagros Deformation"}}, {"type": "Feature", "geometry": {"type": "LineString", "coordinates": [[57.111, 27.6703], [58.3893, 27.0546], [59.9228, 26.5007], [61.7091, 25.7292], [62.9465, 25.3903], [64.0361, 25.0817], [65.067, 25.1418], [65.4936, 25.1646]]}, "properties": {"type": "SubductionZone", "length": 0.1408, "pid": 4060, "name": "Mediterranean Subduction, DB 04-2007", "polarity": "Left"}}, {"type": "Feature", "geometry": {"type": "LineString", "coordinates": [[-64.595, -58.0818], [-64.1897, -58.2324]]}, "properties": {"type": "Transform", "length": 0.0046, "pid": 802, "name": "Shackleton Fracture Zone"}}, {"type": "Feature", "geometry": {"type": "LineString", "coordinates": [[-64.1897, -58.2324], [-63.9885, -58.2748]]}, "properties": {"type": "Transform", "length": 0.002, "pid": 802, "name": "Shackleton Fracture Zone"}}, {"type": "Feature", "geometry": {"type": "LineString", "coordinates": [[-63.9885, -58.2748], [-62.2497, -58.6244], [-59.0402, -59.7295], [-55.9427, -60.9318], [-55.1539, -61.3746]]}, "properties": {"type": "Transform", "length": 0.0958, "pid": 802, "name": "Shackleton Fracture Zone"}}, {"type": "Feature", "geometry": {"type": "LineString", "coordinates": [[172.5988, -23.2412], [172.06, -23.1684], [170.541, -22.8226], [170.327, -22.6987], [169.217, -21.7287], [168.156, -20.0041], [168.007, -19.7636], [167.491, -18.4796], [167.0616, -17.4338], [166.947, -17.0937], [166.804, -16.8323], [166.224, -15.5595], [166.198, -15.3426], [166.2373, -14.8719]]}, "properties": {"type": "SubductionZone", "length": 0.1934, "pid": 827, "name": "New Hebrides Trench small segment", "polarity": "Right"}}, {"type": "Feature", "geometry": {"type": "LineString", "coordinates": [[165.5522, -11.7372], [165.2636, -11.4131], [164.9256, -11.2097], [164.7995, -11.1747], [164.5667, -11.105], [164.4496, -11.0858], [164.3335, -11.115], [163.7577, -11.1963], [163.323, -11.2676], [162.2421, -11.4387], [161.9983, -11.4116], [161.3619, -11.2281], [161.1475, -11.1457], [160.7894, -10.8541], [160.5057, -10.6402], [160.0495, -10.3678], [159.4822, -10.0144], [159.2156, -9.839], [159.1253, -9.7334], [159.0232, -9.6592], [158.764, -9.5528], [158.489, -9.4856], [157.8085, -9.1037], [157.3336, -8.8489], [156.6993, -8.5627], [156.3017, -8.1817]]}, "properties": {"type": "SubductionZone", "length": 0.1795, "pid": 847, "name": "SanCristobalTrench consistent with Bird 2002", "polarity": "Right"}}, {"type": "Feature", "geometry": {"type": "LineString", "coordinates": [[156.3017, -8.1817], [156.295, -8.1753], [156.0203, -7.8591], [155.039, -7.0753], [154.7254, -6.848]]}, "properties": {"type": "SubductionZone", "length": 0.036, "pid": 847, "name": "SanCristobalTrench consistent with Bird 2002", "polarity": "Right"}}, {"type": "Feature", "geometry": {"type": "LineString", "coordinates": [[144.0168, -3.5619], [144.0509, -3.5589]]}, "properties": {"type": "MidOceanRidge", "length": 0.0006, "pid": 830, "name": "Manus Basin spreading ridge from Bird 2002"}}, {"type": "Feature", "geometry": {"type": "LineString", "coordinates": [[144.0509, -3.5589], [144.368, -3.5312], [144.807, -3.5501], [145.399, -3.4851], [146.11, -3.4706], [146.415, -3.4377], [146.836, -3.7549], [146.918, -3.641], [146.999, -3.5143], [147.083, -3.3851], [147.162, -3.261], [147.241, -3.1521], [147.325, -3.0533], [147.407, -2.962], [147.478, -2.9089], [147.539, -2.881], [147.605, -2.8786], [147.816, -2.8128], [147.983, -2.9221], [148.123, -3.0263], [148.329, -3.1406], [148.499, -3.222], [148.675, -3.3058], [148.878, -3.3946], [149.089, -3.4657], [149.295, -3.5215], [149.453, -3.5443], [149.603, -3.5696], [149.717, -3.5797], [149.773, -3.5923], [149.816, -3.6176], [149.9524, -3.7252], [150.1876, -3.8186], [150.2461, -3.9049], [150.7059, -3.8084], [150.9802, -3.7], [151.0916, -3.7971], [151.3228, -3.656], [151.421, -3.7482], [151.5614, -3.6653], [151.6768, -3.7713], [152.0317, -3.6347], [152.1241, -3.6468]]}, "properties": {"type": "MidOceanRidge", "length": 0.1594, "pid": 830, "name": "Manus Basin spreading ridge from Bird 2002"}}, {"type": "Feature", "geometry": {"type": "LineString", "coordinates": [[149.0224, -0.5906], [149.3198, -0.7384]]}, "properties": {"type": "InferredPaleoBoundary", "length": 0.0058, "pid": 847, "name": "Manus trench from Bird 2002"}}, {"type": "Feature", "geometry": {"type": "LineString", "coordinates": [[149.3198, -0.7384], [149.481, -0.8185], [149.769, -1.0045], [150.023, -1.0214], [150.344, -1.1228], [150.717, -1.224], [151.089, -1.3083], [151.427, -1.4602], [151.816, -1.6456], [152.155, -1.8647], [152.578, -2.1341], [152.916, -2.1502], [153.119, -2.2003], [153.39, -2.4357], [153.542, -2.6039], [153.711, -2.6876], [153.882, -3.041], [154.035, -3.3268], [154.256, -3.6121], [154.359, -3.9485], [154.7, -4.2829], [154.955, -4.5503], [154.992, -4.8866], [154.978, -5.2401], [154.592, -5.5805], [154.545, -5.901], [154.533, -6.4232], [154.7214, -6.8391]]}, "properties": {"type": "InferredPaleoBoundary", "length": 0.1691, "pid": 847, "name": "Manus trench from Bird 2002"}}, {"type": "Feature", "geometry": {"type": "LineString", "coordinates": [[154.7214, -6.8391], [154.7254, -6.848]]}, "properties": {"type": "InferredPaleoBoundary", "length": 0.0002, "pid": 847, "name": "Manus trench from Bird 2002"}}, {"type": "Feature", "geometry": {"type": "LineString", "coordinates": [[124.6121, -0.7103], [126.0249, -1.4358], [126.9609, -1.6181]]}, "properties": {"type": "Transform", "length": 0.0444, "pid": 61502, "name": "PNG transform"}}, {"type": "Feature", "geometry": {"type": "LineString", "coordinates": [[126.9609, -1.6181], [127.3097, -1.686], [128.5659, -1.8629]]}, "properties": {"type": "Transform", "length": 0.0283, "pid": 61502, "name": "PNG transform"}}, {"type": "Feature", "geometry": {"type": "LineString", "coordinates": [[131.4874, 0.4265], [131.901, 0.3109]]}, "properties": {"type": "SubductionZone", "length": 0.0075, "pid": 697, "name": "PNG subduction", "polarity": "Right"}}, {"type": "Feature", "geometry": {"type": "LineString", "coordinates": [[131.901, 0.3109], [132.7082, 0.0854]]}, "properties": {"type": "SubductionZone", "length": 0.0146, "pid": 697, "name": "PNG subduction", "polarity": "Right"}}, {"type": "Feature", "geometry": {"type": "LineString", "coordinates": [[132.7082, 0.0854], [133.2583, -0.0682], [137.327, -0.8544], [140.0213, -1.6959]]}, "properties": {"type": "SubductionZone", "length": 0.1315, "pid": 697, "name": "PNG subduction", "polarity": "Right"}}, {"type": "Feature", "geometry": {"type": "LineString", "coordinates": [[140.0213, -1.6959], [140.3172, -1.788], [143.2745, -3.1721], [143.8667, -3.348]]}, "properties": {"type": "SubductionZone", "length": 0.0731, "pid": 697, "name": "PNG subduction", "polarity": "Right"}}, {"type": "Feature", "geometry": {"type": "LineString", "coordinates": [[144.7985, -4.9003], [144.741, -4.6074], [144.1725, -3.7835], [144.0168, -3.5619]]}, "properties": {"type": "Transform", "length": 0.0274, "pid": 69702, "name": "PNG"}}, {"type": "Feature", "geometry": {"type": "LineString", "coordinates": [[144.0168, -3.5619], [143.8667, -3.348]]}, "properties": {"type": "Transform", "length": 0.0046, "pid": 69702, "name": "PNG"}}, {"type": "Feature", "geometry": {"type": "LineString", "coordinates": [[-0.4202, -54.8658], [-0.4113, -54.8653], [-0.039, -54.6774], [0.4428, -54.451], [0.965, -54.8321], [1.6875, -54.403], [2.3576, -54.0384], [2.4263, -53.9991], [3.0254, -53.6507], [3.3675, -53.8333], [3.9559, -54.1263], [4.4149, -54.4303], [4.8258, -54.1612], [5.495, -54.5429], [5.9132, -54.284], [6.1831, -54.1152], [6.6255, -53.8145], [7.2367, -54.1011], [7.769, -54.3942], [8.2883, -54.0328], [8.8002, -53.6684], [9.0737, -53.48], [9.4473, -53.2179], [9.9931, -52.792], [10.5416, -53.0651], [10.9745, -53.3318], [11.7251, -52.7716], [12.3076, -52.3689], [12.8952, -51.9629], [13.1157, -52.09], [13.2669, -52.1776], [13.7876, -52.4767], [14.4634, -51.9972], [15.112, -52.3074], [15.4301, -52.0823], [15.8221, -51.7871], [16.7983, -52.1318], [17.5984, -52.3993], [17.802, -52.4655], [18.5374, -52.7344], [18.712, -52.5529], [19.993, -52.8168], [21.2504, -52.9088], [22.4937, -53.0501], [23.0752, -53.0975], [23.022, -53.2004], [23.8831, -53.3083], [24.6851, -53.4218], [24.8722, -53.3452], [25.1795, -53.4441], [25.6475, -53.4097], [25.8607, -53.4796], [25.987, -53.5818], [26.1811, -53.4283], [26.3387, -53.0632], [26.513, -52.6199], [26.7132, -52.3778], [27.3222, -52.5472], [27.3702, -52.6727], [27.4787, -52.7709], [28.1108, -52.9037], [28.3147, -52.5347], [28.4025, -52.2779], [28.6059, -51.7713], [29.257, -50.6532], [29.3142, -50.5565], [29.3508, -50.4953], [29.4399, -50.3579], [29.7117, -49.9334], [30.3624, -49.2149], [30.7047, -49.0107], [31.3063, -48.1633], [31.86, -47.2014], [33.1739, -47.2643], [33.5033, -46.4395]]}, "properties": {"type": "MidOceanRidge", "length": 0.544, "pid": 0, "name": "SW Indian Ridge, Africa/Antarctica, based on Bird (2003)"}}, {"type": "Feature", "geometry": {"type": "LineString", "coordinates": [[33.5033, -46.4395], [33.5399, -46.3463], [33.8182, -45.979], [33.9825, -46.0812], [34.0868, -46.0897], [34.267, -46.2123], [34.5036, -46.2215], [34.704, -45.9712], [34.869, -45.464], [35.0147, -45.1057], [35.1811, -44.8553], [35.6597, -44.8659], [35.9724, -44.9609], [36.304, -44.9665], [36.677, -44.9198], [37.0857, -44.8042], [37.5083, -44.8753], [38.0828, -44.6188], [38.1937, -44.401], [38.3383, -44.0547], [39.0729, -44.1648], [39.2673, -43.7257], [39.4588, -43.2862], [40.5058, -43.4376], [41.5578, -43.5794], [41.6859, -43.1174], [41.812, -42.6553], [42.4686, -42.7299], [42.5719, -42.2602], [42.6737, -41.7904], [42.774, -41.3205], [42.8729, -40.8505], [44.0092, -40.915], [44.023, -40.6708], [44.6858, -40.6911], [44.716, -40.3689], [45.3027, -40.3659], [45.3318, -40.1085], [46.0744, -40.119], [46.1602, -39.4945], [46.2444, -38.8699], [47.1353, -38.7637], [48.0234, -38.6507], [48.0171, -38.478], [48.6326, -38.0142], [49.0344, -37.9999], [49.0366, -37.7917], [49.9451, -37.7902], [49.9622, -37.5968], [50.8233, -37.5799], [50.827, -37.4507], [51.5548, -37.4415], [52.2827, -37.4322], [52.3106, -36.7973], [52.338, -36.1624], [52.9023, -36.153], [53.4665, -36.1409], [53.4706, -35.5167], [54.2161, -35.3024], [54.2551, -34.5416], [55.2747, -34.5605], [55.301, -34.2872], [55.6987, -34.235], [55.7379, -33.6528], [56.4006, -33.6268], [57.0607, -33.5542], [57.0912, -32.835], [57.1223, -32.3028], [57.153, -31.7706], [57.8, -31.722], [58.4563, -31.691], [58.5299, -31.0553], [59.1667, -31.0497], [59.188, -30.5671], [60.0054, -30.5607], [60.7628, -30.5315], [60.7473, -30.0145], [60.7624, -29.999], [60.7864, -29.4652], [60.8102, -28.9313], [61.5322, -28.9199], [61.5176, -28.7772], [62.1619, -28.8114], [62.1351, -28.4896], [62.7462, -28.4585], [62.703, -28.1525], [63.2112, -28.164], [63.1942, -28.0214], [63.6211, -28.0388], [63.6037, -27.8313], [64.4669, -27.8175], [65.3321, -27.8122], [65.3475, -27.5141], [66.359, -27.5145], [66.373, -27.2811], [67.129, -27.2692], [67.1555, -26.8674], [67.424, -26.8699], [67.4333, -26.5715], [67.9622, -26.583], [67.9791, -26.2906], [68.6219, -26.2625], [68.5979, -26.1206], [68.8197, -26.141], [68.8294, -26.0089], [69.15, -25.9933], [69.1379, -25.7843], [69.4603, -25.7822], [69.49, -25.6762], [69.9595, -25.6512], [69.9599, -25.6511]]}, "properties": {"type": "MidOceanRidge", "length": 0.8385, "pid": 0, "name": "SW Indian Ridge, Africa/Antarctica, based on Bird (2003)"}}, {"type": "Feature", "geometry": {"type": "LineString", "coordinates": [[-46.8316, 15.6223], [-46.7711, 15.5701], [-45.9475, 15.3604], [-45.13, 15.2673], [-45.1362, 14.6467], [-45.1423, 14.0261], [-45.0614, 13.9917], [-45.0493, 13.3358], [-45.0373, 12.6799], [-44.262, 12.6256], [-44.2775, 12.1008], [-43.8845, 12.0854], [-43.9026, 11.5062], [-43.9206, 10.927], [-43.4482, 10.9055], [-42.9758, 10.8832], [-42.5035, 10.8602], [-42.0313, 10.8365], [-41.5592, 10.8121], [-41.0871, 10.7869], [-41.0829, 9.9794], [-40.8615, 9.9727], [-40.8648, 9.3894], [-40.6402, 9.3728], [-40.6522, 8.8406], [-40.1196, 8.8153], [-40.1408, 8.2154], [-39.6608, 8.1973], [-39.1808, 8.1786], [-38.7009, 8.1593], [-38.221, 8.1395], [-38.2065, 7.7033], [-37.5356, 7.6794], [-36.8648, 7.6543], [-36.8514, 7.4009], [-36.0577, 7.3634], [-36.0469, 7.0232], [-35.3665, 6.935], [-35.3629, 6.6139], [-34.4937, 6.6158], [-33.6244, 6.6176], [-33.6203, 6.1042], [-33.5136, 6.0762], [-33.5068, 5.6495], [-32.978, 5.6472], [-32.9198, 4.8038], [-32.8617, 3.9604], [-32.387, 3.9859], [-31.9122, 4.0111], [-31.4374, 4.0361], [-30.9625, 4.0608], [-30.8868, 3.2548], [-30.8113, 2.4487], [-30.7358, 1.6427], [-30.0269, 1.6071], [-29.9203, 0.7974], [-29.2096, 0.8489], [-28.3465, 0.953], [-27.8309, 1.0075], [-27.3153, 1.0618], [-26.474, 1.1592], [-26.2887, 0.4981], [-25.6591, 0.5562], [-25.0294, 0.6141], [-24.8206, -0.2446], [-24.6117, -1.1033], [-24.0507, -1.0339], [-23.4897, -0.9643], [-22.9355, -0.8804], [-22.3813, -0.7964], [-21.5437, -0.6802], [-21.0168, -0.5885], [-20.4899, -0.4967], [-19.6747, -0.3334], [-18.8497, -0.1761], [-18.3693, -0.0728], [-17.8889, 0.0306], [-17.3229, 0.1496], [-16.7569, 0.2686], [-16.4982, 0.2989], [-16.2522, -0.5562], [-16.0372, -0.5196], [-15.8406, -1.1432], [-15.5652, -1.0732], [-15.4103, -1.4934], [-14.6594, -1.3009], [-13.9087, -1.1082], [-13.158, -0.9153], [-12.9298, -1.5072], [-12.7014, -2.0991], [-12.1641, -1.9454], [-11.9989, -2.4002], [-11.8336, -2.855], [-12.0293, -3.0134], [-11.8975, -3.4927], [-11.7655, -3.972], [-12.0968, -4.103], [-12.0386, -4.5874], [-12.1445, -4.6088], [-12.0185, -5.0256], [-11.6044, -4.9423], [-11.5161, -5.415], [-11.1669, -5.3771], [-11.0222, -5.9302], [-11.2671, -6.0202], [-11.1805, -6.7554], [-11.9933, -6.9608], [-12.8068, -7.1648], [-13.621, -7.3674], [-13.4894, -7.8891], [-13.3574, -8.4107], [-13.1911, -8.374], [-13.023, -9.2252], [-13.2482, -9.2765], [-13.1663, -9.7944], [-13.3151, -9.8247], [-13.1736, -10.6231], [-13.0313, -11.4215], [-13.5243, -11.5387], [-14.0177, -11.6551], [-14.5115, -11.7706], [-15.0058, -11.8853], [-14.9077, -12.339], [-14.8611, -12.3196], [-14.791, -12.6562], [-14.5501, -12.577], [-14.4102, -13.2181], [-14.5996, -13.2655], [-14.5391, -13.7366], [-14.4784, -14.2077], [-13.6428, -14.0355], [-13.4352, -14.8494], [-13.2261, -15.6632], [-13.3835, -15.6882], [-13.2386, -16.2117], [-13.7702, -16.3229], [-14.3024, -16.4327], [-14.2381, -16.7645], [-14.3688, -16.777], [-14.2242, -17.3859], [-14.0786, -17.9946], [-13.5189, -17.893], [-12.9598, -17.7898], [-12.8598, -18.2872], [-12.7593, -18.7845], [-12.4772, -18.7465], [-12.3703, -19.3409], [-12.2626, -19.9353], [-11.9446, -19.8248], [-11.8522, -20.2784], [-11.9708, -20.2991], [-11.7632, -21.1759], [-12.0066, -21.2091], [-11.8495, -21.7351], [-11.9359, -21.7522], [-11.8192, -22.1534], [-12.3643, -22.2671], [-12.9102, -22.379], [-12.8511, -22.6298], [-13.3398, -22.7302], [-13.8293, -22.8292], [-13.6637, -23.5442], [-13.5703, -23.5143], [-13.4259, -24.1458], [-13.2801, -24.7771], [-13.8106, -24.8874], [-13.6632, -25.648], [-14.0485, -25.7376], [-13.8156, -26.5856], [-13.6896, -26.5644], [-13.4823, -27.4429], [-13.2716, -28.321], [-12.7456, -28.2133], [-12.5326, -28.9409], [-13.9903, -29.2511], [-13.82, -29.852], [-13.7162, -29.828], [-13.3666, -31.1567], [-13.4989, -31.1793], [-13.2453, -32.1428], [-14.5231, -32.4004], [-14.3669, -33.499], [-14.7019, -33.5692], [-14.5152, -34.0431], [-15.274, -34.2379], [-15.0836, -34.6892], [-15.2659, -34.7703], [-15.1002, -35.1823], [-16.9615, -35.4993], [-17.703, -35.6632], [-17.0851, -36.4718], [-17.4405, -36.5625], [-17.3336, -36.9422], [-17.2335, -37.3743], [-17.533, -37.4724], [-17.388, -38.0251], [-17.0498, -38.447], [-16.7988, -38.4013], [-16.3606, -38.5584], [-16.0441, -38.883], [-15.9653, -39.3503], [-15.9223, -39.6807], [-16.4149, -39.7901], [-16.4697, -40.2729], [-16.8674, -40.3663], [-16.8165, -40.7887], [-16.6779, -41.5189], [-16.3309, -41.8066], [-16.2145, -42.338], [-16.4301, -42.8674], [-16.3294, -43.3874], [-16.2448, -43.683], [-15.5937, -45.4755], [-14.894, -45.3716], [-14.7154, -45.8986], [-13.81, -45.7972], [-13.3253, -47.5777], [-10.4839, -47.1254], [-9.7095, -49.2159], [-8.1392, -48.9609], [-8.022, -49.2824], [-7.9605, -49.2703], [-7.9094, -49.3977], [-7.7305, -49.8359], [-7.6377, -50.0587], [-7.4327, -50.0014], [-7.1588, -50.6098], [-6.6623, -50.5153], [-6.2121, -50.4274], [-5.6719, -50.3195], [-5.1695, -50.2161], [-4.2374, -52.0486], [-3.9556, -51.979], [-2.3721, -54.3274], [-1.3822, -54.0533], [-0.6719, -54.6569]]}, "properties": {"type": "MidOceanRidge", "length": 2.3476, "pid": 0, "name": "Mid Atlantic Ridge, based on Bird (2003)"}}, {"type": "Feature", "geometry": {"type": "LineString", "coordinates": [[-0.6719, -54.6569], [-0.4225, -54.8637], [-0.4202, -54.8658]]}, "properties": {"type": "MidOceanRidge", "length": 0.0044, "pid": 0, "name": "Mid Atlantic Ridge, based on Bird (2003)"}}, {"type": "Feature", "geometry": {"type": "LineString", "coordinates": [[69.9681, -25.637], [69.9847, -25.6446], [70.4086, -26.0604], [70.6654, -25.9124], [70.9943, -26.1873], [71.1354, -26.0831], [71.58, -26.4544], [71.7166, -26.3857], [72.0656, -26.656], [72.0084, -26.7182], [72.2958, -26.9896]]}, "properties": {"type": "MidOceanRidge", "length": 0.0519, "pid": 0, "name": "SE INDIAN OCEAN RIDGE, Australia/Antarctica, based on Bird (2003)"}}, {"type": "Feature", "geometry": {"type": "LineString", "coordinates": [[72.2958, -26.9896], [72.4626, -27.1462], [72.9202, -27.5728], [73.1227, -27.4458], [73.3995, -27.655], [73.5342, -27.5698], [73.9685, -27.9442], [74.4058, -28.3173], [74.1922, -28.5413], [74.5917, -28.9035], [74.994, -29.2645], [74.9376, -29.3284], [75.5539, -29.8394], [75.3641, -30.0058], [75.5149, -30.1176], [75.3926, -30.2401], [75.7972, -30.5735], [76.2045, -30.9057], [76.1481, -30.9704], [76.6894, -31.4649], [76.3948, -31.7191], [76.8124, -32.09], [77.2334, -32.4595], [77.6578, -32.8276], [78.0858, -33.1942], [77.3518, -33.8383], [77.9166, -34.3238], [78.4879, -34.8067], [78.4423, -34.8423], [78.8035, -35.1612], [78.2011, -35.6831], [78.6899, -36.098], [79.1625, -36.4931]]}, "properties": {"type": "MidOceanRidge", "length": 0.2435, "pid": 0, "name": "SE INDIAN OCEAN RIDGE, Australia/Antarctica, based on Bird (2003)"}}, {"type": "Feature", "geometry": {"type": "LineString", "coordinates": [[79.1625, -36.4931], [79.1839, -36.5109], [78.6063, -36.9983], [78.0213, -37.4829], [78.7061, -38.0006], [78.1815, -38.3932], [78.5293, -38.6592], [78.0731, -39.0049], [78.3839, -39.262], [78.0024, -39.5385], [78.4254, -39.9049], [77.8245, -40.326], [78.4837, -40.8664], [78.6586, -40.8722], [79.3191, -41.384], [79.99, -41.8919], [80.4635, -41.5119], [80.9315, -41.1299], [81.752, -41.7225], [82.5877, -42.3091], [83.439, -42.8896], [83.8533, -42.5506], [84.2631, -42.2101], [84.6686, -41.8682], [85.0697, -41.5249], [85.4665, -41.1802], [85.8592, -40.8341], [86.402, -41.1288], [86.9497, -41.421], [87.5023, -41.7105], [88.0599, -41.9974], [88.4884, -41.6859], [89.0106, -41.9442], [89.537, -42.2002], [90.0677, -42.4538], [90.6027, -42.7049], [91.142, -42.9534], [91.6857, -43.1994], [92.2337, -43.4428], [92.7862, -43.6836], [93.3431, -43.9217], [93.9044, -44.1571], [94.4702, -44.3897], [95.0405, -44.6195], [94.9257, -44.8053], [95.8064, -45.1414], [96.6975, -45.4707], [96.2738, -45.9963], [95.842, -46.5203], [96.458, -46.7718], [97.0797, -47.02], [97.7072, -47.2648], [98.3404, -47.5061], [98.9794, -47.7439], [99.6243, -47.9781], [100.202, -47.2665], [100.817, -47.4654], [101.436, -47.661], [102.06, -47.8533], [102.688, -48.0421], [103.321, -48.2275], [103.959, -48.4093], [104.601, -48.5877], [105.247, -48.7624], [105.898, -48.9335], [106.554, -49.1009], [106.692, -48.8414], [107.486, -49.0146], [108.285, -49.1823], [108.24, -49.2587], [109.351, -49.5235], [110.4722, -49.7795], [110.8692, -49.8293], [111.1293, -49.8005], [111.3557, -49.9253], [111.6655, -50.0839], [112.9673, -50.2004], [114.0242, -50.388], [114.3621, -49.8779], [115.5003, -49.9745], [115.9879, -49.8519], [116.2558, -49.5408], [116.6349, -49.2709], [117.5247, -49.6206], [118.1937, -49.8649], [118.5473, -49.802], [119.3681, -49.9388], [120.2728, -50.036], [120.5205, -49.5155], [120.842, -48.8897], [121.5553, -49.0059], [121.437, -49.62], [121.8674, -49.736], [122.2243, -49.8462], [122.5526, -49.8116], [122.7972, -49.7283], [123.0127, -49.5423], [123.3278, -49.5848], [123.7717, -49.121], [124.0065, -48.9059], [124.2118, -48.8474], [124.6071, -48.9836], [124.9921, -49.1531], [125.1249, -49.358], [125.2623, -49.5986], [125.8957, -49.7174], [126.0952, -49.3618], [126.2254, -49.1175], [126.2643, -49.0447], [126.434, -48.6298], [127.3129, -48.7639], [127.1433, -49.9761], [128.3174, -50.1605], [129.3954, -50.3449], [130.57, -50.525], [131.1108, -50.5873], [131.2558, -50.6038], [131.5151, -50.2223], [132.261, -50.2229], [133.4511, -50.3046], [134.0051, -50.3352], [135.0258, -50.3842], [135.2459, -50.2092], [136.2257, -50.2476], [136.9462, -50.2205], [137.7038, -50.2337], [137.9061, -50.2333], [138.4009, -50.2312], [139.0911, -50.255], [139.3324, -50.2659], [139.6448, -50.2792], [139.7364, -51.2055], [139.8127, -51.8375], [140.323, -51.7986], [140.4621, -52.6551], [140.4782, -52.7518], [140.5835, -53.5023], [140.6012, -53.5906], [140.6588, -53.8852], [142.2497, -54.2149], [143.7779, -54.2341], [144.2821, -54.7985], [145.4022, -54.7555], [146.8874, -54.6952], [147.9019, -57.5661], [148.0761, -57.5271], [148.8061, -57.4357], [150.0061, -59.5703], [150.7329, -59.4755], [151.2903, -60.4127], [153.6392, -59.9299], [156.4569, -62.9141], [160.0036, -61.8513]]}, "properties": {"type": "MidOceanRidge", "length": 1.4432, "pid": 0, "name": "SE INDIAN OCEAN RIDGE, Australia/Antarctica, based on Bird (2003)"}}, {"type": "Feature", "geometry": {"type": "LineString", "coordinates": [[68.29, -6.82], [67.81, -7.25], [68.07, -7.65], [67.7144, -7.9643]]}, "properties": {"type": "MidOceanRidge", "length": 0.0277, "pid": 0, "name": "CENTRAL INDIAN OCEAN RIDGE (INDIAN PLATE) (AFR/AUS)"}}, {"type": "Feature", "geometry": {"type": "LineString", "coordinates": [[67.7144, -7.9643], [67.64, -8.03], [68.04, -8.49], [67.09, -9.27], [67.38, -9.63], [66.46, -10.35], [66.79, -10.76], [66.17, -11.21], [66.42, -11.56], [65.7, -12.02], [66.37, -12.83], [65.82, -13.27], [66.21, -13.78], [65.93, -13.98], [66.49, -14.7], [66.89, -15.27], [67.29, -15.82], [67.38, -15.94], [67.03, -16.14], [67.41, -16.66], [66.71, -17.09], [66.14, -17.45], [65.54, -17.78], [65.01, -18.06], [65.52, -18.83], [66.03, -19.58], [66.43, -20.08], [66.75, -19.87], [67.04, -20.22], [67.31, -20.07], [67.59, -20.37], [67.77, -20.28], [67.9, -20.47], [68.21, -20.29], [68.56, -20.71], [68.28, -20.88], [68.65, -21.45], [69.2, -22.09], [68.8, -22.39], [69.16, -22.83], [69.56, -23.37], [69.85, -23.71], [69.4, -24.04], [69.68, -24.37], [69.94, -24.68], [69.59, -24.97], [70.09, -25.48], [69.9681, -25.637]]}, "properties": {"type": "MidOceanRidge", "length": 0.4658, "pid": 0, "name": "CENTRAL INDIAN OCEAN RIDGE (INDIAN PLATE) (AFR/AUS)"}}, {"type": "Feature", "geometry": {"type": "LineString", "coordinates": [[69.9681, -25.637], [69.962, -25.6449], [69.9599, -25.6511]]}, "properties": {"type": "MidOceanRidge", "length": 0.0003, "pid": 0, "name": "CENTRAL INDIAN OCEAN RIDGE (INDIAN PLATE) (AFR/AUS)"}}, {"type": "Feature", "geometry": {"type": "LineString", "coordinates": [[57.0897, 10.3747], [56.92, 9.97], [56.98, 9.86], [57.03, 9.86], [57.26, 9.68], [57.49, 9.94], [58.06, 9.53], [58.02, 9.45], [58.26, 9.29], [58.15, 9.09], [58.43, 8.86], [58.25, 8.65], [58.61, 8.4], [58.92, 8.17], [58.88, 8.1], [59.31, 7.77], [59.22, 7.67], [60.18, 6.95], [60.04, 6.77], [60.67, 6.31], [61.14, 5.91], [61.66, 5.49], [61.53, 5.26], [62.0, 4.91], [62.46, 4.52], [63.0, 4.11], [62.87, 3.89], [63.33, 3.63], [63.39, 3.7], [63.82, 3.48], [63.89, 3.6], [64.62, 3.22], [64.68, 3.3], [65.21, 2.92], [65.49, 3.3], [65.96, 2.97], [66.38, 2.75], [66.18, 2.39], [65.99, 2.05], [66.33, 1.86], [66.67, 1.62], [66.49, 1.33], [66.87, 1.07], [66.66, 0.72], [67.16, 0.34], [66.84, -0.04], [67.21, -0.34], [67.02, -0.58], [67.66, -1.04], [67.37, -1.44], [67.9225, -1.9037]]}, "properties": {"type": "MidOceanRidge", "length": 0.3783, "pid": 0, "name": "CENTRAL INDIAN OCEAN RIDGE (INDIAN PLATE) (Africa/India)"}}, {"type": "Feature", "geometry": {"type": "LineString", "coordinates": [[67.9225, -1.9037], [67.93, -1.91], [67.79, -2.09], [68.25, -2.54], [67.89, -2.89], [68.27, -3.35], [68.67, -3.77], [68.35, -4.12], [68.75, -4.55], [68.2, -5.04], [68.61, -5.47], [68.22, -5.89], [67.78, -6.26], [68.29, -6.82]]}, "properties": {"type": "MidOceanRidge", "length": 0.1195, "pid": 0, "name": "CENTRAL INDIAN OCEAN RIDGE (INDIAN PLATE) (Africa/India)"}}, {"type": "Feature", "geometry": {"type": "LineString", "coordinates": [[-6.4834, 70.5641], [-13.1373, 71.3196], [-13.4676, 71.2722], [-13.8504, 71.0301], [-14.1164, 70.7229], [-14.4418, 70.376], [-14.6815, 70.1195], [-15.0124, 69.8033], [-15.3142, 69.522], [-15.6456, 69.287], [-16.0688, 69.0578], [-16.4433, 68.7812], [-16.8917, 68.4947], [-17.3134, 68.2425], [-17.631, 67.9335], [-17.8734, 67.6496], [-17.9699, 67.3968], [-18.1109, 67.1185], [-18.2171, 66.743], [-18.1486, 66.4149], [-18.1937, 66.0717], [-18.015, 65.6955]]}, "properties": {"type": "MidOceanRidge", "length": 0.1457, "pid": 0, "name": "Jan Mayen MOR"}}, {"type": "Feature", "geometry": {"type": "LineString", "coordinates": [[-18.015, 65.6955], [-18.618, 65.5387], [-19.0965, 65.3987], [-19.7957, 65.2171], [-20.7525, 64.9813], [-21.5306, 64.6578], [-23.83, 63.584], [-26.4752, 61.9852], [-28.9363, 60.2946], [-30.0826, 59.5149], [-31.2639, 58.5906], [-31.7235, 58.3413], [-32.7248, 57.5991], [-33.0402, 57.6386], [-33.4486, 56.905], [-33.617, 56.9294], [-33.7472, 56.7176], [-33.7543, 56.7003]]}, "properties": {"type": "MidOceanRidge", "length": 0.2087, "pid": 0, "name": "Greenland - Eurasia"}}, {"type": "Feature", "geometry": {"type": "LineString", "coordinates": [[-33.7543, 56.7003], [-33.7717, 56.7007], [-34.6413, 56.7398], [-35.2584, 55.0684], [-35.6663, 52.6164], [-35.6639, 52.5962]]}, "properties": {"type": "MidOceanRidge", "length": 0.0817, "pid": 0, "name": "NATL-S ROCKALL ISO MOR"}}, {"type": "Feature", "geometry": {"type": "LineString", "coordinates": [[-27.7128, -60.7494], [-19.316, -60.8107], [-19.195, -60.0565], [-18.0824, -60.0467], [-18.0706, -59.4971], [-17.201, -59.5253], [-17.149, -59.2457], [-15.8544, -59.2218], [-15.8095, -58.425], [-13.4991, -58.4619], [-13.497, -58.1603], [-10.6904, -57.9877], [-7.4099, -57.8007], [-7.3539, -57.1806], [-6.0072, -57.1483], [-5.9758, -56.4607], [-4.3613, -56.3926], [-4.3458, -55.7066], [-2.9213, -55.5917], [-2.2253, -55.5141], [-0.6719, -54.6569]]}, "properties": {"type": "MidOceanRidge", "length": 0.3311, "pid": 0, "name": "Ridge from iso A5 from Antarctica at 10.9Ma"}}, {"type": "Feature", "geometry": {"type": "LineString", "coordinates": [[34.1997, -18.7601], [33.2805, -19.681], [33.0998, -21.3337], [29.2941, -22.4956], [27.4852, -24.4143], [27.8993, -26.1904], [26.591, -26.7714], [26.5886, -28.1584], [27.7591, -29.0597], [28.9068, -30.623], [37.5667, -36.9931], [32.7055, -46.1731], [33.5033, -46.4395]]}, "properties": {"type": "ContinentalRift", "length": 0.6456, "pid": 701, "name": "Somalia Africa boundary from PB03 GS"}}, {"type": "Feature", "geometry": {"type": "LineString", "coordinates": [[-64.595, -58.0818], [-64.1897, -58.2324]]}, "properties": {"type": "Transform", "length": 0.0046, "pid": 802, "name": "Shackleton Fracture Zone"}}, {"type": "Feature", "geometry": {"type": "LineString", "coordinates": [[-63.9885, -58.2748], [-62.2497, -58.6244], [-59.0402, -59.7295], [-56.7669, -60.6274]]}, "properties": {"type": "Transform", "length": 0.0768, "pid": 802, "name": "Shackleton Fracture Zone"}}, {"type": "Feature", "geometry": {"type": "LineString", "coordinates": [[-29.1597, -54.7923], [-29.6106, -54.8717], [-31.8747, -54.81], [-33.6977, -54.4383]]}, "properties": {"type": "Transform", "length": 0.047, "pid": 201, "name": "CLONE:NORTH SCOTIA RIDGE TRANSFORM FAULT"}}, {"type": "Feature", "geometry": {"type": "LineString", "coordinates": [[-43.7171, -53.0453], [-43.7238, -53.0452], [-45.3004, -52.8083]]}, "properties": {"type": "Transform", "length": 0.0172, "pid": 201, "name": "CLONE:NORTH SCOTIA RIDGE TRANSFORM FAULT"}}, {"type": "Feature", "geometry": {"type": "LineString", "coordinates": [[-108.232, 22.7117], [-108.01, 22.9856], [-107.3804, 24.0435], [-109.3087, 26.0492]]}, "properties": {"type": "MidOceanRidge", "length": 0.0734, "pid": 0, "name": "Duplicate:Pacific-Rivera MOR from Bird 2003 (NW15)"}}, {"type": "Feature", "geometry": {"type": "LineString", "coordinates": [[-108.8487, 24.0209], [-108.806, 23.9844], [-108.61, 23.8141], [-108.439, 23.6743], [-108.357, 23.6135], [-108.651, 23.2413], [-108.388, 23.0822], [-108.01, 22.9857]]}, "properties": {"type": "MidOceanRidge", "length": 0.03, "pid": 0, "name": "Spreading_Centre"}}, {"type": "Feature", "geometry": {"type": "LineString", "coordinates": [[-108.01, 22.9857], [-108.232, 22.7117]]}, "properties": {"type": "MidOceanRidge", "length": 0.006, "pid": 0, "name": "Spreading_Centre"}}, {"type": "Feature", "geometry": {"type": "LineString", "coordinates": [[34.1997, -18.7601], [33.2805, -19.681], [33.0998, -21.3337], [29.2941, -22.4956], [27.4852, -24.4143], [27.8993, -26.1904], [26.591, -26.7714], [26.5886, -28.1584], [27.7591, -29.0597], [28.9068, -30.623], [37.5667, -36.9931], [32.7055, -46.1731], [33.5033, -46.4395]]}, "properties": {"type": "ContinentalRift", "length": 0.6456, "pid": 701, "name": "Duplicate_Segment:Somalia Africa boundary from PB03 GS"}}, {"type": "Feature", "geometry": {"type": "LineString", "coordinates": [[30.6218, -7.5092], [31.6045, -7.6714], [32.6355, -8.5437], [33.9353, -9.788], [34.0735, -10.4382], [34.4192, -11.0034], [34.1741, -12.4092], [34.0713, -13.1779], [34.8484, -14.5446], [34.6046, -15.851], [34.6304, -15.8951]]}, "properties": {"type": "ContinentalRift", "length": 0.1847, "pid": 701, "name": "CLONE:Somalia Africa boundary from PB03 GS"}}, {"type": "Feature", "geometry": {"type": "LineString", "coordinates": [[178.4368, -40.594], [178.56, -40.42], [178.79, -40.09], [178.95, -39.68], [179.1727, -39.122], [179.4348, -38.4534]]}, "properties": {"type": "SubductionZone", "length": 0.0398, "pid": 806, "name": "Topology_Segment_Hikurangi& Kermadec TR", "polarity": "Left"}}, {"type": "Feature", "geometry": {"type": "LineString", "coordinates": [[88.2064, -4.6278], [88.206, -7.5942], [88.0888, -10.8584], [87.9734, -13.7846], [87.4323, -17.3693], [86.9868, -20.8061], [86.5147, -24.2147], [86.44, -24.5588]]}, "properties": {"type": "UnclassifiedFeature", "length": 0.3496, "pid": 511, "name": "Capricorn_Def_Line"}}, {"type": "Feature", "geometry": {"type": "LineString", "coordinates": [[86.44, -24.5588], [85.2634, -25.0289], [84.589, -25.0656], [83.6426, -26.5101], [80.3039, -26.9474], [78.3329, -27.1364], [74.4042, -27.0178], [72.6126, -26.9511], [72.2958, -26.9896]]}, "properties": {"type": "UnclassifiedFeature", "length": 0.2377, "pid": 511, "name": "Capricorn_Def_Line"}}, {"type": "Feature", "geometry": {"type": "LineString", "coordinates": [[88.2064, -4.6278], [87.6514, -4.4669], [85.8211, -4.477], [82.4293, -4.4136], [79.9758, -4.1319], [77.8904, -4.2404], [75.3758, -4.7504], [72.2511, -5.244], [70.5315, -6.9404], [70.1672, -8.0767], [68.2726, -8.0172], [67.7144, -7.9643]]}, "properties": {"type": "UnclassifiedFeature", "length": 0.3852, "pid": 511, "name": "Capricorn_Def_Line"}}, {"type": "Feature", "geometry": {"type": "LineString", "coordinates": [[-68.9807, 2.4102], [-69.9118, 1.8086], [-70.9923, 0.8247], [-72.2266, -0.2332], [-73.7074, -0.9459], [-75.4718, -0.9142], [-75.6848, -0.8621]]}, "properties": {"type": "UnclassifiedFeature", "length": 0.1365, "pid": 201, "name": "Inactive_UCCL_North_SAM_NBM"}}, {"type": "Feature", "geometry": {"type": "LineString", "coordinates": [[-107.6661, 40.5525], [-107.669, 40.5556], [-107.69, 40.5686], [-107.717, 40.5814], [-107.768, 40.5827], [-107.819, 40.5842], [-107.9031, 40.5882], [-107.992, 40.5869], [-108.087, 40.5803], [-108.175, 40.5742], [-108.2411, 40.5887], [-108.447, 40.6476], [-108.44, 40.6936], [-108.444, 40.7065], [-108.399, 40.6855], [-108.378, 40.6799], [-108.381, 40.7095], [-108.383, 40.7222], [-108.3971, 40.7669], [-108.444, 40.8404], [-108.5071, 40.89], [-108.624, 40.9498], [-108.754, 40.9856], [-108.839, 41.0191], [-108.873, 41.0279], [-109.004, 41.0405], [-109.224, 41.0516], [-109.3971, 41.0461], [-109.59, 41.013], [-109.669, 40.996], [-109.685, 40.9993], [-109.724, 41.0105], [-109.771, 41.0211], [-109.822, 41.0262], [-109.848, 41.0199], [-109.932, 40.9976], [-109.94, 41.0033], [-109.985, 41.0335], [-109.998, 41.0381], [-110.057, 41.0301], [-110.105, 41.0258], [-110.114, 41.0337], [-110.172, 41.0832], [-110.203, 41.0805], [-110.23, 41.0827], [-110.2601, 41.1183], [-110.277, 41.1446], [-110.2871, 41.1699], [-110.313, 41.1642], [-110.416, 41.1777], [-110.462, 41.1876], [-110.47, 41.207], [-110.408, 41.3038], [-110.306, 41.5041], [-110.27, 41.5844], [-110.2712, 41.6319], [-110.274, 41.6372], [-110.301, 41.8041], [-110.304, 41.8345], [-110.3081, 41.8926], [-110.3021, 41.9575], [-110.288, 41.9916], [-110.2712, 42.0346], [-110.248, 42.1088], [-110.241, 42.1592], [-110.244, 42.2206], [-110.249, 42.2873], [-110.249, 42.3285], [-110.25, 42.3792], [-110.279, 42.4644], [-110.315, 42.5202], [-110.381, 42.5558], [-110.3881, 42.5551], [-110.3912, 42.5898], [-110.392, 42.6303], [-110.39, 42.6557], [-110.3881, 42.6807], [-110.378, 42.7417], [-110.378, 42.764], [-110.361, 42.7655], [-110.499, 43.3249], [-110.617, 43.8028], [-110.899, 44.218], [-111.511, 44.5371], [-112.16, 44.3863], [-112.611, 44.0718], [-112.953, 43.8291], [-113.408, 43.6711], [-114.232, 43.3781], [-115.1271, 43.4512], [-115.9091, 43.6069], [-116.121, 44.3545], [-115.7991, 45.4526], [-115.816, 46.1817], [-116.1411, 47.0665], [-116.2311, 47.6903], [-116.5711, 48.1701], [-117.208, 48.3228], [-118.447, 48.3693], [-119.7781, 48.5827], [-121.2621, 48.9183], [-125.0048, 50.4864], [-126.819, 51.6399], [-128.631, 52.7085], [-130.4304, 54.3411]]}, "properties": {"type": "TerraneBoundary", "length": 0.4499, "pid": 101, "name": "Edge of Stable NAM mostly in US"}}, {"type": "Feature", "geometry": {"type": "LineString", "coordinates": [[-92.8998, 15.315], [-93.1672, 15.5436], [-94.5171, 16.5638], [-94.9658, 16.9563], [-95.7935, 17.8324], [-96.3027, 18.4228], [-96.5536, 18.7992], [-96.626, 19.263], [-96.5236, 19.4852], [-97.8666, 20.6374], [-98.7484, 22.3079], [-99.3848, 24.5187], [-99.8851, 25.4418], [-99.5982, 25.7666], [-99.7428, 26.5039], [-100.636, 27.2851], [-101.175, 27.739], [-101.133, 28.7075], [-101.6131, 29.5007], [-102.19, 30.3823], [-102.316, 30.4502], [-102.363, 30.4547], [-102.407, 30.448], [-102.4341, 30.4438], [-102.473, 30.4382], [-102.497, 30.4345], [-102.52, 30.4313], [-102.551, 30.4269], [-102.586, 30.4217], [-102.6561, 30.4493], [-102.7931, 30.5192], [-102.873, 30.5563], [-102.935, 30.5743], [-102.997, 30.5729], [-103.048, 30.5669], [-103.102, 30.5508], [-103.126, 30.5449], [-103.1351, 30.5424], [-103.2601, 30.5084], [-103.331, 30.4678], [-103.367, 30.5293], [-103.39, 30.5794], [-103.4181, 30.6386], [-103.459, 30.7197], [-103.464, 30.7261], [-103.509, 30.7484], [-103.5611, 30.7671], [-103.605, 30.7956], [-103.602, 30.8097], [-103.587, 30.8343], [-103.581, 30.8539], [-103.587, 30.8731], [-103.605, 30.8919], [-103.6351, 30.9155], [-103.681, 30.9335], [-103.727, 30.9515], [-103.773, 30.9745], [-103.7892, 30.9692], [-103.803, 30.95], [-103.8051, 30.9397], [-103.809, 30.9239], [-103.81, 30.9201], [-103.843, 30.8901], [-103.849, 30.8826], [-103.871, 30.8989], [-104.0, 30.9968], [-104.033, 31.0162], [-104.0462, 31.0238], [-104.0521, 31.0291], [-104.069, 31.0384], [-104.185, 31.1023], [-104.2601, 31.1291], [-104.34, 31.17], [-104.474, 31.2284], [-104.5251, 31.2364], [-104.589, 31.2583], [-104.657, 31.2559], [-104.652, 31.2803], [-104.6601, 31.314], [-104.727, 31.3812], [-104.761, 31.4293], [-104.8111, 31.5079], [-104.816, 31.5156], [-104.825, 31.5307], [-104.8911, 31.6003], [-104.958, 31.7108], [-105.005, 31.7911], [-105.053, 31.8555], [-105.069, 31.9566], [-105.095, 32.0809], [-105.125, 32.1626], [-105.154, 32.2437], [-105.191, 32.2809], [-105.203, 32.2289], [-105.205, 32.1544], [-105.212, 32.0484], [-105.212, 32.0364], [-105.292, 31.8658], [-105.2931, 31.8401], [-105.288, 31.7645], [-105.277, 31.7226], [-105.258, 31.6735], [-105.206, 31.6659], [-105.1832, 31.6572], [-105.13, 31.6254], [-105.089, 31.6077], [-105.048, 31.5802], [-105.0071, 31.5528], [-104.989, 31.5341], [-104.956, 31.3707], [-104.9541, 31.3127], [-104.892, 31.3151], [-104.8821, 31.3138], [-104.801, 31.3039], [-104.846, 31.22], [-104.846, 31.2199], [-104.864, 31.1745], [-104.887, 31.1166], [-104.899, 31.0972], [-104.94, 31.042], [-104.943, 30.9936], [-104.932, 30.96], [-104.9301, 30.9552], [-104.935, 30.9514], [-104.997, 30.9097], [-105.0021, 30.9059], [-105.003, 30.9106], [-105.0161, 30.9754], [-105.051, 31.0154], [-105.095, 31.0573], [-105.1531, 31.0955], [-105.2, 31.1314], [-105.242, 31.1771], [-105.259, 31.1941], [-105.3072, 31.2219], [-105.316, 31.2347], [-105.3681, 31.256], [-105.419, 31.2772], [-105.45, 31.3126], [-105.486, 31.3108], [-105.56, 31.3076], [-105.661, 31.2788], [-105.703, 31.3157], [-105.7571, 31.3714], [-105.864, 31.4536], [-105.9181, 31.5044], [-105.949, 31.5368], [-105.997, 31.5782], [-106.0392, 31.61], [-106.063, 31.6476], [-106.099, 31.6701], [-106.1591, 31.7156], [-106.208, 31.7617], [-106.221, 31.7852], [-106.233, 31.8088], [-106.242, 31.8471], [-106.241, 31.9102], [-106.25, 31.9628], [-106.2482, 32.021], [-106.227, 32.0559], [-106.206, 32.081], [-106.1801, 32.1114], [-106.1631, 32.1172], [-106.1531, 32.1321], [-106.143, 32.1568], [-106.123, 32.2013], [-106.0911, 32.2319], [-106.059, 32.2672], [-106.027, 32.2931], [-105.994, 32.3188], [-105.965, 32.3346], [-105.944, 32.3598], [-105.9301, 32.3895], [-105.931, 32.404], [-105.916, 32.4482], [-105.901, 32.478], [-105.886, 32.5029], [-105.876, 32.5324], [-105.883, 32.5515], [-105.879, 32.5807], [-105.876, 32.6146], [-105.878, 32.6486], [-105.8911, 32.6769], [-105.9211, 32.6949], [-105.94, 32.7182], [-105.947, 32.7565], [-105.934, 32.8057], [-105.932, 32.8589], [-105.9301, 32.9124], [-105.938, 32.9506], [-105.952, 32.9839], [-105.959, 33.0222], [-105.974, 33.0651], [-106.001, 33.1122], [-106.0161, 33.1551], [-106.032, 33.2172], [-106.078, 33.3214], [-106.119, 33.3873], [-106.1381, 33.4153], [-106.1621, 33.4258], [-106.1681, 33.4284], [-106.167, 33.4333], [-106.16, 33.4724], [-106.155, 33.4919], [-106.146, 33.5215], [-106.129, 33.5316], [-106.111, 33.5425], [-106.084, 33.5583], [-106.051, 33.5842], [-106.0131, 33.6151], [-105.974, 33.6508], [-105.941, 33.6766], [-105.92, 33.7067], [-105.899, 33.7366], [-105.901, 33.7657], [-105.902, 33.7849], [-105.9151, 33.8036], [-105.928, 33.8177], [-105.9121, 33.8328], [-105.908, 33.8622], [-105.916, 33.8909], [-105.929, 33.9096], [-105.947, 33.9329], [-105.961, 33.9565], [-105.98, 33.9749], [-106.0151, 33.9781], [-106.044, 33.9765], [-106.072, 33.9751], [-106.102, 33.9786], [-106.125, 33.9678], [-106.1471, 33.9522], [-106.164, 33.9368], [-106.1681, 33.9173], [-106.1612, 33.9031], [-106.1321, 33.8949], [-106.114, 33.8862], [-106.095, 33.8761], [-106.0891, 33.8728], [-106.0891, 33.8678], [-106.0891, 33.8631], [-106.081, 33.844], [-106.08, 33.8295], [-106.077, 33.825], [-106.074, 33.8203], [-106.08, 33.8184], [-106.0911, 33.8147], [-106.108, 33.804], [-106.117, 33.789], [-106.128, 33.7692], [-106.133, 33.7496], [-106.131, 33.7255], [-106.13, 33.7062], [-106.129, 33.6917], [-106.1561, 33.6709], [-106.172, 33.646], [-106.1871, 33.6114], [-106.208, 33.5861], [-106.227, 33.6094], [-106.246, 33.6278], [-106.265, 33.6462], [-106.2901, 33.6739], [-106.316, 33.7017], [-106.328, 33.7297], [-106.354, 33.7481], [-106.373, 33.7665], [-106.395, 33.7944], [-106.399, 33.7991], [-106.398, 33.8038], [-106.3881, 33.8916], [-106.384, 33.9886], [-106.364, 34.0573], [-106.358, 34.1109], [-106.354, 34.1402], [-106.361, 34.1687], [-106.38, 34.1775], [-106.404, 34.186], [-106.4271, 34.1799], [-106.449, 34.1594], [-106.459, 34.1347], [-106.474, 34.1097], [-106.485, 34.0994], [-106.499, 34.1181], [-106.511, 34.1318], [-106.5281, 34.1262], [-106.539, 34.1063], [-106.5371, 34.0919], [-106.547, 34.0623], [-106.568, 34.0322], [-106.572, 34.0078], [-106.5581, 33.9843], [-106.539, 33.9611], [-106.538, 33.9418], [-106.5422, 33.9271], [-106.554, 33.9216], [-106.572, 33.9398], [-106.59, 33.9535], [-106.61, 33.9662], [-106.629, 33.9902], [-106.6471, 33.9941], [-106.669, 33.9832], [-106.709, 33.9761], [-106.709, 33.8988], [-106.706, 33.8746], [-106.697, 33.8316], [-106.703, 33.8216], [-106.721, 33.8304], [-106.746, 33.8434], [-106.764, 33.8522], [-106.777, 33.866], [-106.7871, 33.9284], [-106.7862, 33.9817], [-106.783, 34.0204], [-106.785, 34.0446], [-106.792, 34.0538], [-106.806, 34.0917], [-106.815, 34.1349], [-106.816, 34.1397], [-106.818, 34.1444], [-106.7961, 34.1843], [-106.776, 34.2193], [-106.744, 34.2598], [-106.705, 34.2873], [-106.699, 34.2912], [-106.694, 34.2963], [-106.682, 34.3115], [-106.678, 34.3166], [-106.678, 34.3215], [-106.6622, 34.3368], [-106.651, 34.3471], [-106.628, 34.3532], [-106.617, 34.3586], [-106.593, 34.3551], [-106.575, 34.3656], [-106.554, 34.4491], [-106.524, 34.5185], [-106.504, 34.5679], [-106.483, 34.6125], [-106.459, 34.6623], [-106.422, 34.7223], [-106.447, 34.7404], [-106.449, 34.7595], [-106.456, 34.7834], [-106.453, 34.8126], [-106.444, 34.8663], [-106.452, 34.953], [-106.465, 35.0535], [-106.459, 35.0595], [-106.422, 35.0954], [-106.351, 35.1624], [-106.265, 35.2555], [-106.1651, 35.3398], [-106.032, 35.4143], [-105.889, 35.4998], [-105.8111, 35.5665], [-105.804, 35.6201], [-105.803, 35.6251], [-105.8021, 35.6298], [-105.7952, 35.6738], [-105.788, 35.7122], [-105.7871, 35.7178], [-105.786, 35.7227], [-105.746, 35.8263], [-105.717, 35.9196], [-105.688, 35.9404], [-105.666, 35.9609], [-105.655, 35.9759], [-105.6441, 35.9958], [-105.6472, 36.0247], [-105.637, 36.0543], [-105.6381, 36.0737], [-105.6621, 36.0725], [-105.6591, 36.1161], [-105.646, 36.1846], [-105.6441, 36.2428], [-105.6472, 36.2766], [-105.6381, 36.3254], [-105.627, 36.4229], [-105.605, 36.5305], [-105.602, 36.5497], [-105.6011, 36.5559], [-105.596, 36.5503], [-105.5881, 36.5407], [-105.581, 36.5352], [-105.5611, 36.5131], [-105.547, 36.4847], [-105.535, 36.4756], [-105.512, 36.4961], [-105.489, 36.5165], [-105.459, 36.5227], [-105.4421, 36.5236], [-105.411, 36.52], [-105.381, 36.5165], [-105.375, 36.5149], [-105.349, 36.5082], [-105.319, 36.4999], [-105.3, 36.4765], [-105.298, 36.4718], [-105.2961, 36.4658], [-105.2871, 36.4697], [-105.2701, 36.4779], [-105.247, 36.4983], [-105.217, 36.5044], [-105.187, 36.5009], [-105.188, 36.5056], [-105.191, 36.5116], [-105.181, 36.509], [-105.1381, 36.4981], [-105.113, 36.4846], [-105.083, 36.4763], [-105.09, 36.4524], [-105.086, 36.4278], [-105.065, 36.3946], [-105.0461, 36.3713], [-105.048, 36.4002], [-105.0372, 36.4249], [-105.008, 36.4406], [-104.985, 36.4609], [-104.986, 36.4851], [-104.97, 36.5003], [-104.941, 36.5209], [-104.9361, 36.5406], [-104.95, 36.5787], [-104.9331, 36.5891], [-104.9031, 36.5855], [-104.8911, 36.5812], [-104.874, 36.6011], [-104.874, 36.6109], [-104.851, 36.6167], [-104.815, 36.6278], [-104.798, 36.6431], [-104.788, 36.6726], [-104.783, 36.7017], [-104.7721, 36.7167], [-104.7601, 36.7124], [-104.736, 36.7134], [-104.7, 36.7244], [-104.67, 36.7257], [-104.6582, 36.7261], [-104.6471, 36.7508], [-104.63, 36.7708], [-104.619, 36.7858], [-104.589, 36.7869], [-104.571, 36.7925], [-104.5602, 36.8075], [-104.5431, 36.8275], [-104.508, 36.8481], [-104.496, 36.8583], [-104.492, 36.8875], [-104.4751, 36.9027], [-104.456, 36.9083], [-104.4382, 36.8945], [-104.419, 36.8806], [-104.3941, 36.8767], [-104.3402, 36.8738], [-104.298, 36.8848], [-104.242, 36.887], [-104.188, 36.8744], [-104.145, 36.8613], [-104.114, 36.8576], [-104.084, 36.8537], [-104.066, 36.8577], [-104.0591, 36.8597], [-104.066, 36.8637], [-104.0491, 36.8792], [-104.0431, 36.8803], [-104.044, 36.889], [-104.044, 36.9036], [-104.057, 36.9224], [-104.0581, 36.9418], [-104.045, 36.9618], [-104.042, 36.9667], [-104.048, 36.9712], [-104.054, 36.9759], [-104.0431, 36.9909], [-104.0341, 36.9934], [-104.0131, 37.0035], [-104.069, 37.0191], [-104.125, 37.0463], [-104.175, 37.0784], [-104.209, 37.145], [-104.242, 37.2021], [-104.295, 37.2632], [-104.351, 37.2903], [-104.422, 37.346], [-104.467, 37.3877], [-104.494, 37.4401], [-104.5221, 37.4971], [-104.568, 37.5536], [-104.602, 37.6056], [-104.64, 37.6283], [-104.6591, 37.6276], [-104.6861, 37.6702], [-104.712, 37.703], [-104.7571, 37.7304], [-104.8021, 37.7577], [-104.846, 37.7752], [-104.883, 37.7786], [-104.901, 37.7826], [-104.925, 37.7718], [-104.9361, 37.7568], [-104.947, 37.7468], [-104.953, 37.7319], [-104.965, 37.7267], [-104.989, 37.7304], [-105.0021, 37.7297], [-105.0341, 37.7432], [-105.059, 37.7776], [-105.0741, 37.8023], [-105.057, 37.7959], [-105.0401, 37.7869], [-105.021, 37.7852], [-105.012, 37.7877], [-105.0001, 37.796], [-104.988, 37.8163], [-104.977, 37.8586], [-104.97, 37.8941], [-104.971, 37.9251], [-104.973, 37.9299], [-104.974, 37.9346], [-104.98, 37.9518], [-104.992, 37.9696], [-104.979, 37.975], [-104.944, 37.9813], [-104.907, 37.9781], [-104.935, 38.0095], [-104.973, 38.048], [-105.0251, 38.0731], [-105.015, 38.093], [-105.009, 38.1029], [-105.0161, 38.1171], [-105.035, 38.1212], [-105.066, 38.1246], [-105.086, 38.1529], [-105.101, 38.191], [-105.1561, 38.271], [-105.209, 38.3316], [-105.238, 38.3789], [-105.264, 38.3971], [-105.304, 38.4342], [-105.319, 38.4624], [-105.315, 38.4966], [-105.3081, 38.5648], [-105.291, 38.5898], [-105.273, 38.6051], [-105.255, 38.6059], [-105.229, 38.5974], [-105.202, 38.5598], [-105.182, 38.5365], [-105.163, 38.5324], [-105.126, 38.5437], [-105.086, 38.5842], [-105.021, 38.6259], [-104.947, 38.6532], [-104.851, 38.691], [-104.866, 38.7755], [-104.864, 38.7826], [-104.8801, 38.9342], [-104.896, 39.0722], [-104.9001, 39.1323], [-104.899, 39.2099], [-104.913, 39.2239], [-104.98, 39.2987], [-105.029, 39.3597], [-105.044, 39.4053], [-105.045, 39.4101], [-105.047, 39.4149], [-105.069, 39.489], [-105.105, 39.5553], [-105.143, 39.636], [-105.1832, 39.7411], [-105.221, 39.8267], [-105.236, 39.8667], [-105.264, 39.8949], [-105.2781, 39.9184], [-105.292, 39.9275], [-105.298, 39.9321], [-105.301, 39.9368], [-105.313, 39.9558], [-105.339, 40.0514], [-105.346, 40.1335], [-105.346, 40.1383], [-105.346, 40.148], [-105.355, 40.1863], [-105.346, 40.2159], [-105.328, 40.2313], [-105.316, 40.2464], [-105.3181, 40.2608], [-105.319, 40.2753], [-105.3072, 40.2904], [-105.303, 40.3149], [-105.292, 40.3396], [-105.288, 40.3543], [-105.2871, 40.3592], [-105.2841, 40.3642], [-105.265, 40.399], [-105.242, 40.4291], [-105.224, 40.459], [-105.227, 40.4831], [-105.233, 40.4973], [-105.1961, 40.4941], [-105.1771, 40.4999], [-105.185, 40.514], [-105.191, 40.533], [-105.1961, 40.5765], [-105.185, 40.6062], [-105.206, 40.639], [-105.23, 40.6818], [-105.247, 40.744], [-105.253, 40.8214], [-105.2631, 40.8742], [-105.264, 40.879], [-105.267, 40.8837], [-105.2721, 40.8933], [-105.241, 40.9044], [-105.223, 40.9198], [-105.206, 40.9495], [-105.197, 40.9983], [-105.188, 41.0327], [-105.187, 41.0376], [-105.181, 41.0425], [-105.163, 41.0572], [-105.1531, 41.0916], [-105.161, 41.1155], [-105.1381, 41.1659], [-105.133, 41.1749], [-105.13, 41.209], [-105.131, 41.2284], [-105.1481, 41.2811], [-105.1681, 41.3723], [-105.2, 41.4395], [-105.215, 41.4722], [-105.253, 41.5583], [-105.255, 41.563], [-105.2572, 41.5678], [-105.2781, 41.6056], [-105.197, 41.7306], [-105.155, 41.7761], [-105.173, 41.8334], [-105.2, 41.8516], [-105.191, 41.8517], [-105.154, 41.925], [-105.0981, 41.9288], [-105.036, 41.9917], [-105.041, 42.0613], [-105.114, 42.0994], [-105.155, 42.1032], [-105.1481, 42.1526], [-105.1352, 42.1899], [-105.117, 42.2214], [-105.107, 42.2602], [-105.1381, 42.3171], [-105.143, 42.3192], [-105.1411, 42.3381], [-105.166, 42.3905], [-105.194, 42.4131], [-105.199, 42.4166], [-105.218, 42.4313], [-105.239, 42.4393], [-105.2221, 42.4693], [-105.235, 42.5047], [-105.238, 42.541], [-105.2812, 42.5765], [-105.337, 42.5986], [-105.33, 42.6073], [-105.289, 42.719], [-105.34, 42.7523], [-105.363, 42.7665], [-105.37, 42.7739], [-105.371, 42.7881], [-105.438, 42.7959], [-105.444, 42.7964], [-105.577, 42.8038], [-105.63, 42.8034], [-105.629, 42.7964], [-105.629, 42.7869], [-105.633, 42.767], [-105.6531, 42.7612], [-105.6991, 42.7591], [-105.751, 42.7516], [-105.7901, 42.7297], [-105.798, 42.7251], [-105.807, 42.7197], [-105.89, 42.6912], [-106.02, 42.6651], [-106.116, 42.6358], [-106.1801, 42.6227], [-106.218, 42.6217], [-106.256, 42.6208], [-106.23, 42.6053], [-106.202, 42.5778], [-106.155, 42.5658], [-106.11, 42.5779], [-106.0891, 42.5645], [-106.053, 42.5324], [-106.008, 42.4911], [-106.003, 42.4866], [-106.0071, 42.4815], [-106.02, 42.4663], [-106.0411, 42.4066], [-106.0371, 42.3683], [-106.009, 42.3505], [-106.001, 42.3315], [-106.0251, 42.306], [-106.029, 42.2816], [-105.971, 42.2357], [-105.928, 42.185], [-105.899, 42.1525], [-105.864, 42.1397], [-105.849, 42.1114], [-105.825, 42.0593], [-105.834, 42.0153], [-105.958, 41.9458], [-105.9172, 41.9286], [-105.864, 41.9166], [-105.7712, 41.8972], [-105.724, 41.8898], [-105.657, 41.8592], [-105.627, 41.822], [-105.631, 41.7829], [-105.614, 41.7449], [-105.617, 41.7012], [-105.608, 41.5949], [-105.614, 41.5267], [-105.6321, 41.4288], [-105.611, 41.4202], [-105.584, 41.4069], [-105.581, 41.378], [-105.593, 41.3483], [-105.604, 41.3235], [-105.621, 41.2986], [-105.645, 41.2779], [-105.681, 41.2521], [-105.712, 41.236], [-105.73, 41.2206], [-105.755, 41.2095], [-105.785, 41.1886], [-105.822, 41.1722], [-105.854, 41.1609], [-105.878, 41.1499], [-105.911, 41.1532], [-105.937, 41.1615], [-105.956, 41.1654], [-105.977, 41.1788], [-105.998, 41.1923], [-106.0251, 41.2005], [-106.053, 41.2281], [-106.027, 41.2296], [-106.008, 41.2306], [-106.003, 41.2454], [-105.998, 41.265], [-106.0071, 41.2839], [-106.021, 41.3026], [-106.024, 41.3315], [-106.021, 41.3559], [-106.02, 41.3608], [-106.021, 41.3657], [-106.0221, 41.3849], [-106.023, 41.3898], [-106.023, 41.3946], [-106.0251, 41.4091], [-106.0522, 41.427], [-106.105, 41.4389], [-106.1441, 41.4368], [-106.1871, 41.4199], [-106.205, 41.3995], [-106.215, 41.3699], [-106.246, 41.3586], [-106.2661, 41.3623], [-106.2722, 41.3661], [-106.2781, 41.3704], [-106.2841, 41.365], [-106.434, 41.2319], [-106.512, 41.2034], [-106.514, 41.1983], [-106.52, 41.1945], [-106.575, 41.1609], [-106.605, 41.1525], [-106.614, 41.1538], [-106.6441, 41.1424], [-106.657, 41.1418], [-106.663, 41.1414], [-106.72, 41.1378], [-106.792, 41.1427], [-106.798, 41.1431], [-106.8051, 41.1441], [-106.864, 41.1538], [-106.9361, 41.1688], [-107.026, 41.1634], [-107.116, 41.1675], [-107.161, 41.1544], [-107.157, 41.1512], [-107.11, 41.1099], [-107.087, 41.0869], [-107.072, 41.0636], [-107.0561, 41.0307], [-107.047, 41.0215], [-107.042, 41.017], [-107.042, 41.0122], [-107.039, 40.9881], [-107.023, 40.9552], [-107.0071, 40.9271], [-106.992, 40.9086], [-106.95, 40.8868], [-106.938, 40.8294], [-106.94, 40.7761], [-106.947, 40.7319], [-106.964, 40.7019], [-106.953, 40.6638], [-106.938, 40.6405], [-106.923, 40.6171], [-106.9082, 40.5988], [-107.6661, 40.5525]]}, "properties": {"type": "TerraneBoundary", "length": 0.8335, "pid": 101, "name": "Edge of Stable NAM mostly in US"}}, {"type": "Feature", "geometry": {"type": "LineString", "coordinates": [[-130.4304, 54.3411], [-130.389, 53.8906], [-130.265, 53.3027], [-130.221, 52.6863], [-130.2219, 52.6504]]}, "properties": {"type": "TerraneBoundary", "length": 0.0296, "pid": 101, "name": "Line to close Northern portion of the zone of Cenozoic deformation in Western U.S."}}, {"type": "Feature", "geometry": {"type": "LineString", "coordinates": [[-125.1682, 41.3535], [-125.181, 41.38], [-125.3091, 41.6522], [-125.2811, 41.8175], [-125.313, 41.9856], [-125.331, 42.1419], [-125.2902, 42.2845], [-125.2092, 42.3588], [-125.1981, 42.4917], [-125.268, 42.5613], [-125.289, 42.8625], [-125.289, 43.0514], [-125.342, 43.1426], [-125.3941, 43.267], [-125.473, 43.426], [-125.48, 43.7374], [-125.45, 43.9254], [-125.429, 44.0023], [-125.3621, 44.0663], [-125.3721, 44.3226], [-125.3721, 44.5227], [-125.375, 44.6674], [-125.434, 44.7255], [-125.437, 44.8813], [-125.435, 45.1036], [-125.517, 45.4738], [-125.655, 45.946], [-125.773, 46.295], [-125.8762, 46.6433], [-125.998, 46.9697], [-126.084, 47.3503], [-126.37, 47.747], [-126.486, 47.9956], [-126.733, 48.29], [-127.017, 48.5646], [-127.378, 48.7502], [-127.608, 48.8768], [-127.818, 49.0801], [-127.852, 49.4905], [-128.029, 49.7813], [-128.282, 49.8847], [-128.413, 50.0855], [-128.718, 50.3103], [-129.009, 50.4787], [-129.4601, 50.6472], [-129.738, 50.836], [-129.982, 51.1013], [-130.211, 51.2777], [-130.548, 51.398], [-130.8635, 51.5865]]}, "properties": {"type": "SubductionZone", "length": 0.2025, "pid": 12001, "name": "JF\\NA                      by Peter Bird   1999", "polarity": "Right"}}, {"type": "Feature", "geometry": {"type": "LineString", "coordinates": [[-117.3108, 30.5524], [-117.619, 30.4894], [-118.2008, 30.3682], [-118.658, 30.4556], [-119.0711, 30.51], [-119.482, 31.173], [-120.559, 32.3713], [-121.4101, 33.5275], [-122.035, 34.5334], [-122.5782, 35.631], [-123.468, 37.2386], [-124.051, 38.3551], [-124.959, 39.8295], [-125.0836, 40.3438]]}, "properties": {"type": "TransitionalCrust", "length": 0.2201, "pid": 10521, "name": "Western Bndy Central part of California which latched onto PAC"}}, {"type": "Feature", "geometry": {"type": "LineString", "coordinates": [[-125.0836, 40.3438], [-125.252, 41.0261], [-125.1682, 41.3535]]}, "properties": {"type": "TransitionalCrust", "length": 0.0179, "pid": 10521, "name": "Western Bndy Central part of California which latched onto PAC"}}, {"type": "Feature", "geometry": {"type": "LineString", "coordinates": [[-99.1992, 15.9999], [-99.4002, 16.1], [-99.9001, 16.3], [-100.7, 16.6], [-101.4001, 16.8999], [-102.099, 17.1999], [-102.9001, 17.6], [-103.599, 18.0], [-104.3, 18.4], [-104.7677, 18.8677]]}, "properties": {"type": "SubductionZone", "length": 0.1063, "pid": 101, "name": "COCOS - NORTH AMERICA TRENCH 1", "polarity": "Right"}}, {"type": "Feature", "geometry": {"type": "LineString", "coordinates": [[-110.4083, 22.5848], [-110.587, 22.7952], [-110.9826, 23.0522], [-111.2587, 23.2304], [-112.199, 23.8302], [-113.428, 24.9225], [-114.9941, 26.8587], [-116.352, 28.4474], [-116.806, 29.2709], [-116.902, 29.549], [-117.0341, 29.8928], [-117.261, 30.4384], [-117.3108, 30.5524]]}, "properties": {"type": "PassiveContinentalBoundary", "length": 0.1797, "pid": 10528, "name": "So California, Baja"}}, {"type": "Feature", "geometry": {"type": "LineString", "coordinates": [[-110.4083, 22.5848], [-110.1407, 22.6661], [-110.0515, 22.6542], [-109.9117, 22.6542], [-109.7481, 22.6364], [-109.5964, 22.6394], [-109.4328, 22.6542], [-109.2901, 22.7078], [-109.1651, 22.7554], [-109.0819, 22.8208], [-109.0432, 22.8833], [-109.0135, 22.9368], [-109.0105, 23.0141]]}, "properties": {"type": "ContinentalCrust", "length": 0.0261, "pid": 105, "name": "Baja_California_Boundary"}}, {"type": "Feature", "geometry": {"type": "LineString", "coordinates": [[-109.0105, 23.0141], [-109.0313, 23.1034], [-109.07, 23.1748], [-109.07, 23.2432], [-109.0491, 23.2967], [-109.0194, 23.3413], [-108.9599, 23.4068], [-109.1562, 23.5436], [-109.2663, 23.6328], [-109.3704, 23.7131], [-109.4566, 23.7845], [-109.415, 23.847], [-109.3287, 23.8916], [-109.2365, 23.9213], [-109.1057, 23.96], [-108.9956, 23.9867], [-109.07, 24.0492], [-109.1681, 24.1533], [-109.2276, 24.2217], [-109.2841, 24.3139], [-109.3317, 24.3942], [-109.3525, 24.4597], [-109.3882, 24.5251], [-109.3496, 24.5905], [-109.3139, 24.6649], [-109.3347, 24.7095], [-109.3971, 24.7749], [-109.4596, 24.7928], [-109.528, 24.8285], [-109.5417, 24.8541], [-109.5203, 24.8773], [-109.4953, 24.9076], [-109.506, 24.9254], [-109.5702, 24.9718], [-109.6363, 25.02], [-109.6916, 25.0664], [-109.7648, 25.136], [-109.8058, 25.1699], [-109.8522, 25.2163], [-109.904, 25.2627], [-109.9397, 25.2841], [-109.9611, 25.2663], [-110.0075, 25.1735], [-110.0914, 25.0968], [-110.1306, 25.0611], [-110.1645, 25.0736], [-110.2395, 25.1342], [-110.2966, 25.2377], [-110.3287, 25.3377], [-110.3805, 25.4537], [-110.3912, 25.5483], [-110.384, 25.6464], [-110.3448, 25.741], [-110.2698, 25.832], [-110.2769, 25.8588], [-110.3626, 25.9123], [-110.484, 25.9962], [-110.5982, 26.0801], [-110.6999, 26.1711], [-110.8034, 26.2389], [-110.8819, 26.2942], [-110.9551, 26.3335], [-111.0015, 26.371], [-111.0568, 26.4316], [-111.0622, 26.4887], [-111.0532, 26.6101], [-111.146, 26.6779], [-111.4369, 26.8867], [-111.6529, 27.0384], [-111.7992, 27.1544], [-111.9295, 27.2561], [-112.0491, 27.3311], [-112.0723, 27.3632], [-112.0723, 27.4078], [-112.1222, 27.4596], [-111.3037, 28.0284]]}, "properties": {"type": "ContinentalCrust", "length": 0.1349, "pid": 105, "name": "Baja_California_Boundary"}}, {"type": "Feature", "geometry": {"type": "LineString", "coordinates": [[-111.3037, 28.0284], [-109.3087, 26.0492]]}, "properties": {"type": "ContinentalCrust", "length": 0.0464, "pid": 105, "name": "Baja_California_Boundary"}}, {"type": "Feature", "geometry": {"type": "LineString", "coordinates": [[-111.3037, 28.0284], [-109.3087, 26.0492]]}, "properties": {"type": "ContinentalCrust", "length": 0.0464, "pid": 105, "name": "Baja_California_Boundary"}}, {"type": "Feature", "geometry": {"type": "LineString", "coordinates": [[-105.7, 20.3207], [-106.0368, 20.6739], [-106.1486, 20.7929], [-106.1962, 20.8952], [-106.22, 20.9523], [-106.2342, 21.0737], [-106.2914, 21.1356], [-106.3485, 21.1927], [-106.4341, 21.2569], [-106.5174, 21.3188], [-106.6054, 21.3878], [-106.6364, 21.4068], [-106.8172, 21.4282], [-106.8886, 21.4354], [-106.9671, 21.4211], [-107.0052, 21.433], [-107.098, 21.4758], [-107.1694, 21.5662], [-107.1908, 21.6471], [-107.1408, 21.7899], [-107.0694, 21.8756], [-107.0409, 21.9327], [-107.0242, 22.016], [-107.0671, 22.0873], [-107.1337, 22.1444], [-107.2003, 22.1849], [-107.2646, 22.1897], [-107.3264, 22.2063], [-107.4264, 22.2634], [-107.4716, 22.2848], [-107.4763, 22.3086], [-107.4501, 22.3562], [-107.3954, 22.4252], [-107.3907, 22.4609], [-107.3954, 22.5085], [-107.4311, 22.5561], [-107.4501, 22.5846], [-107.6643, 22.7369], [-107.8309, 22.8488], [-107.7809, 22.9416], [-107.7571, 23.0701], [-107.7428, 23.1843], [-107.7452, 23.2509], [-107.7738, 23.3223], [-107.8056, 23.3311]]}, "properties": {"type": "PassiveContinentalBoundary", "length": 0.0749, "pid": 104, "name": "NAM_Boundary"}}, {"type": "Feature", "geometry": {"type": "LineString", "coordinates": [[-109.0105, 23.0141], [-109.0313, 23.1034], [-109.07, 23.1748], [-109.07, 23.2432], [-109.0491, 23.2967], [-109.0194, 23.3413], [-108.9599, 23.4068], [-109.1562, 23.5436], [-109.2663, 23.6328], [-109.3704, 23.7131], [-109.4566, 23.7845], [-109.415, 23.847], [-109.3287, 23.8916], [-109.2365, 23.9213], [-109.1057, 23.96], [-108.9956, 23.9867], [-108.8487, 24.0209]]}, "properties": {"type": "ContinentalCrust", "length": 0.0287, "pid": 105, "name": "Duplicate_Section:Baja_California_Boundary"}}, {"type": "Feature", "geometry": {"type": "LineString", "coordinates": [[105.9127, 41.5566], [105.8158, 41.4424], [105.1753, 40.6786], [104.6091, 39.9485], [104.1644, 39.3126], [103.8066, 38.4847], [103.8393, 37.6346], [104.2136, 36.3941], [104.6185, 35.5847], [105.0113, 34.4802], [104.8253, 33.4225], [104.2944, 32.3374], [103.7568, 31.7652], [103.3165, 31.2895], [102.6903, 30.6923], [102.1608, 30.1626], [101.8693, 29.2902], [101.8465, 27.79]]}, "properties": {"type": "InferredPaleoBoundary", "length": 0.264, "pid": 301999, "name": "Eastern boundary of Eastern Asia"}}, {"type": "Feature", "geometry": {"type": "LineString", "coordinates": [[144.3749, 41.1318], [144.0955, 39.2637], [143.831, 37.9219], [143.281, 36.9702], [142.6881, 36.0671], [142.3309, 35.5632], [141.9646, 35.256]]}, "properties": {"type": "SubductionZone", "length": 0.1102, "pid": 601, "name": "", "polarity": "Right"}}, {"type": "Feature", "geometry": {"type": "LineString", "coordinates": [[141.9646, 35.256], [141.9096, 35.2096], [141.2866, 34.9673], [140.6788, 34.7896], [140.32, 34.8066], [140.049, 34.7518], [139.6646, 34.7728], [139.1815, 34.8856], [138.9424, 34.6584], [138.6871, 34.3639], [138.3127, 34.0018], [138.1108, 33.8404], [137.4203, 33.3732], [136.2587, 32.7935], [136.2172, 32.7837]]}, "properties": {"type": "SubductionZone", "length": 0.0994, "pid": 601, "name": "", "polarity": "Right"}}, {"type": "Feature", "geometry": {"type": "LineString", "coordinates": [[136.2172, 32.7837], [134.9524, 32.4784], [134.1065, 32.0221], [133.4507, 31.6957], [132.9848, 31.3187], [132.1833, 30.5578], [130.7074, 27.9455], [129.779, 26.6307], [128.9659, 25.8267], [127.9422, 24.9861], [127.0287, 24.3047], [125.8496, 23.6485], [124.2553, 23.2917], [124.1228, 23.2887]]}, "properties": {"type": "SubductionZone", "length": 0.2607, "pid": 601, "name": "", "polarity": "Right"}}, {"type": "Feature", "geometry": {"type": "LineString", "coordinates": [[124.1228, 23.2887], [124.2553, 23.2917], [125.8496, 23.6485], [127.0287, 24.3047], [127.9422, 24.9861], [128.9659, 25.8267], [129.779, 26.6307], [130.7074, 27.9455], [132.1833, 30.5578], [132.9848, 31.3187], [133.4507, 31.6957], [134.1065, 32.0221], [134.9524, 32.4784], [136.2172, 32.7837]]}, "properties": {"type": "Transform", "length": 0.2607, "pid": 601, "name": ""}}, {"type": "Feature", "geometry": {"type": "LineString", "coordinates": [[-66.9195, 11.3776], [-67.9268, 9.9279], [-68.6065, 8.5743], [-68.9022, 6.893], [-68.9001, 3.8782], [-68.9807, 2.4102]]}, "properties": {"type": "UnclassifiedFeature", "length": 0.1651, "pid": 201, "name": "Northern_South_America_Line"}}, {"type": "Feature", "geometry": {"type": "LineString", "coordinates": [[-75.6848, -0.8621], [-76.1318, -1.5618], [-76.7217, -2.2332], [-77.5691, -3.2023], [-77.9973, -3.7255], [-78.1207, -4.6712], [-78.0462, -5.0214]]}, "properties": {"type": "UnclassifiedFeature", "length": 0.0872, "pid": 201, "name": "Northern_Andes_Deformation_Topology"}}, {"type": "Feature", "geometry": {"type": "LineString", "coordinates": [[-77.0917, 10.1891], [-76.998, 9.8496]]}, "properties": {"type": "UnclassifiedFeature", "length": 0.0061, "pid": 2031, "name": "Northern_Andes_Boundary_Deformation"}}, {"type": "Feature", "geometry": {"type": "LineString", "coordinates": [[-79.83, 8.774], [-79.1629, 9.3508], [-78.5504, 9.8844], [-77.849, 9.9849], [-77.0917, 10.1891]]}, "properties": {"type": "UnclassifiedFeature", "length": 0.055, "pid": 2031, "name": "Northern_Andes_Boundary_Deformation"}}, {"type": "Feature", "geometry": {"type": "LineString", "coordinates": [[134.6074, -4.8114], [135.0799, -4.8499], [136.422, -4.8125], [138.538, -4.8142], [140.6291, -5.442], [142.3341, -6.2908], [144.041, -7.2483], [146.3722, -7.9873], [147.6648, -9.2996], [148.6981, -10.1248]]}, "properties": {"type": "UnclassifiedFeature", "length": 0.2706, "pid": 615, "name": "PNG_Mesh_Boundary"}}, {"type": "Feature", "geometry": {"type": "LineString", "coordinates": [[148.0862, -6.7721], [147.9568, -6.258], [147.5401, -5.9701], [146.6058, -5.0586], [146.0855, -4.8426], [144.5505, -3.875], [144.0509, -3.5589]]}, "properties": {"type": "UnclassifiedFeature", "length": 0.0925, "pid": 69702, "name": "PNG_Mesh_Boundary"}}, {"type": "Feature", "geometry": {"type": "LineString", "coordinates": [[148.6981, -10.1248], [148.7596, -10.1012], [149.0923, -10.2207], [149.4395, -10.345], [149.7327, -10.4496], [150.3657, -10.6742], [151.5181, -10.9885], [152.6621, -10.6746], [152.2862, -10.2069], [151.7565, -10.1004], [151.8299, -9.9044]]}, "properties": {"type": "UnclassifiedFeature", "length": 0.0947, "pid": 615, "name": "PNG_Mesh_Boundary"}}, {"type": "Feature", "geometry": {"type": "LineString", "coordinates": [[151.8299, -9.9044], [151.8715, -9.7931]]}, "properties": {"type": "UnclassifiedFeature", "length": 0.0021, "pid": 615, "name": "PNG_Mesh_Boundary"}}, {"type": "Feature", "geometry": {"type": "LineString", "coordinates": [[150.7517, -8.0677], [150.7383, -8.0547], [149.6718, -7.7378], [148.9532, -7.7143], [148.378, -7.3017], [148.3588, -7.2274]]}, "properties": {"type": "UnclassifiedFeature", "length": 0.0456, "pid": 615, "name": "PNG_Mesh_Boundary"}}, {"type": "Feature", "geometry": {"type": "LineString", "coordinates": [[147.4603, -6.9407], [148.0862, -6.7721]]}, "properties": {"type": "UnclassifiedFeature", "length": 0.0112, "pid": 69702, "name": "PNG_Mesh_Boundary"}}, {"type": "Feature", "geometry": {"type": "LineString", "coordinates": [[154.1292, -8.9708], [154.1109, -9.2464], [153.718, -9.5722], [153.2026, -9.6236], [152.2225, -9.8851], [151.8715, -9.7931]]}, "properties": {"type": "InferredPaleoBoundary", "length": 0.0463, "pid": 829, "name": "duplicate_section_Topology"}}, {"type": "Feature", "geometry": {"type": "LineString", "coordinates": [[150.7517, -8.0677], [151.6885, -8.3061], [152.4122, -8.3922], [152.9995, -8.639], [153.2673, -9.1665]]}, "properties": {"type": "InferredPaleoBoundary", "length": 0.0506, "pid": 829, "name": "duplicate_section_topology"}}, {"type": "Feature", "geometry": {"type": "LineString", "coordinates": [[153.2673, -9.1665], [153.2893, -9.2096], [153.9633, -8.881], [154.1292, -8.9708]]}, "properties": {"type": "InferredPaleoBoundary", "length": 0.0171, "pid": 829, "name": "duplicate_section_topology"}}, {"type": "Feature", "geometry": {"type": "LineString", "coordinates": [[132.2765, -3.8537], [132.3252, -3.8977], [132.3528, -3.9087]]}, "properties": {"type": "UnclassifiedFeature", "length": 0.0017, "pid": 61502, "name": "CLONE:PNG_Boundary_Topology"}}, {"type": "Feature", "geometry": {"type": "LineString", "coordinates": [[132.3528, -3.9087], [133.5437, -4.3814], [134.6074, -4.8114]]}, "properties": {"type": "UnclassifiedFeature", "length": 0.0423, "pid": 61502, "name": "CLONE:PNG_Boundary_Topology"}}, {"type": "Feature", "geometry": {"type": "LineString", "coordinates": [[131.7735, -3.3992], [132.2765, -3.8537]]}, "properties": {"type": "UnclassifiedFeature", "length": 0.0118, "pid": 61502, "name": "CLONE:PNG_Boundary_Topology_1.9_0"}}, {"type": "Feature", "geometry": {"type": "LineString", "coordinates": [[131.2651, -2.9391], [131.7735, -3.3992]]}, "properties": {"type": "UnclassifiedFeature", "length": 0.012, "pid": 61502, "name": "CLONE:PNG_Boundary_Topology_1.9_0"}}, {"type": "Feature", "geometry": {"type": "LineString", "coordinates": [[132.259, -0.605], [131.3827, -0.7318], [130.8831, -0.907], [129.9101, -1.4382], [130.5049, -2.25], [131.2651, -2.9391]]}, "properties": {"type": "UnclassifiedFeature", "length": 0.0795, "pid": 61502, "name": "CLONE:PNG_Boundary_Topology"}}, {"type": "Feature", "geometry": {"type": "LineString", "coordinates": [[-56.7669, -60.6274], [-56.8219, -60.6444], [-58.1437, -61.1235], [-61.4905, -61.8958], [-59.5717, -62.5401], [-57.1742, -63.1516], [-55.9221, -63.4681], [-55.3555, -63.6055], [-54.4578, -63.816], [-53.2042, -64.0957], [-52.3781, -64.2712], [-51.7814, -64.3449], [-49.5989, -64.5909]]}, "properties": {"type": "UnclassifiedFeature", "length": 0.1502, "pid": 802, "name": ""}}, {"type": "Feature", "geometry": {"type": "LineString", "coordinates": [[-42.2285, -60.8187], [-41.809, -60.5417], [-41.5529, -60.3127], [-41.4381, -60.217], [-41.2263, -60.0387], [-40.8029, -59.666], [-40.6687, -59.5492]]}, "properties": {"type": "ExtendedContinentalCrust", "length": 0.026, "pid": 818, "name": "Bruce Bank COB"}}, {"type": "Feature", "geometry": {"type": "LineString", "coordinates": [[-44.8723, -60.3905], [-44.6866, -60.2134], [-44.5074, -59.9671], [-44.2729, -59.6713], [-43.9712, -59.2703], [-43.6695, -58.8738]]}, "properties": {"type": "ExtendedContinentalCrust", "length": 0.0285, "pid": 8182, "name": "Pirie Bank COB"}}, {"type": "Feature", "geometry": {"type": "LineString", "coordinates": [[-76.7202, -51.623], [-73.9175, -52.8913], [-69.8055, -54.245], [-65.3025, -54.2109], [-63.6381, -53.9871], [-62.6879, -53.7043], [-61.6312, -53.3853], [-60.7845, -53.2563], [-59.7995, -53.1878], [-57.866, -53.2113], [-54.6703, -52.6804], [-52.4791, -52.4246], [-50.275, -52.3958], [-47.4178, -52.2972], [-46.0246, -52.4738], [-45.6136, -52.5258]]}, "properties": {"type": "UnclassifiedFeature", "length": 0.3444, "pid": 201, "name": "edge of deformation"}}, {"type": "Feature", "geometry": {"type": "LineString", "coordinates": [[-33.6977, -54.4383], [-33.7374, -54.5529]]}, "properties": {"type": "ExtendedContinentalCrust", "length": 0.002, "pid": 817, "name": "edge of deformation South Georgia NW15"}}, {"type": "Feature", "geometry": {"type": "LineString", "coordinates": [[-33.7374, -54.5529], [-33.9995, -55.2919], [-34.3679, -55.565], [-35.3091, -55.6463], [-35.7833, -55.6305], [-36.6893, -55.2534], [-38.3915, -54.9061], [-39.1032, -54.5279], [-39.0854, -54.3797]]}, "properties": {"type": "ExtendedContinentalCrust", "length": 0.0748, "pid": 817, "name": "edge of deformation South Georgia NW15"}}, {"type": "Feature", "geometry": {"type": "LineString", "coordinates": [[-61.801, -54.5591], [-61.6399, -54.5928], [-61.1565, -54.6923], [-60.6777, -54.7776], [-60.3581, -54.8332], [-59.9661, -54.9002], [-59.3426, -54.8636], [-58.5163, -54.8101], [-58.061, -54.8784], [-57.4816, -54.9625], [-56.611, -54.9881], [-55.6324, -54.7563], [-54.6246, -54.5064], [-54.6795, -54.2015]]}, "properties": {"type": "ExtendedContinentalCrust", "length": 0.0806, "pid": 820, "name": "Burdwood Bank COB"}}, {"type": "Feature", "geometry": {"type": "LineString", "coordinates": [[-49.1486, -57.8298], [-49.7518, -58.4819], [-49.8833, -58.7199], [-49.9761, -58.8858], [-50.2699, -59.4004], [-50.4509, -59.9332], [-50.6498, -60.4992], [-50.6577, -60.5223]]}, "properties": {"type": "ExtendedContinentalCrust", "length": 0.0492, "pid": 8181, "name": "Terror Rise COB"}}, {"type": "Feature", "geometry": {"type": "LineString", "coordinates": [[-47.015, -58.8149], [-47.381, -59.3101], [-47.9337, -60.3902], [-48.0143, -60.5483]]}, "properties": {"type": "ExtendedContinentalCrust", "length": 0.0316, "pid": 8182, "name": "Pirie Bank COB"}}, {"type": "Feature", "geometry": {"type": "LineString", "coordinates": [[-54.6795, -54.2015], [-54.3457, -54.2074], [-54.2586, -54.2088], [-54.1131, -54.2109], [-53.8692, -54.2142], [-53.7233, -54.2043], [-53.5561, -54.1699], [-53.4074, -54.139], [-53.3269, -54.1222], [-53.0781, -54.0338], [-52.7578, -54.1042], [-52.3527, -54.1938], [-52.0956, -54.148], [-51.7409, -54.0838], [-51.3758, -54.0163], [-51.1056, -53.9656], [-50.9858, -53.6227], [-50.4665, -53.5281], [-50.1295, -53.4653], [-49.7767, -53.3983], [-49.7088, -53.2113], [-49.6562, -53.0651], [-48.5343, -53.0584], [-48.0011, -53.0485]]}, "properties": {"type": "ExtendedContinentalCrust", "length": 0.0809, "pid": 8191, "name": "Davis Bank COB"}}, {"type": "Feature", "geometry": {"type": "LineString", "coordinates": [[-48.0011, -53.0485], [-47.8608, -53.1277], [-47.4053, -53.2851], [-46.9141, -53.2957], [-46.5178, -53.3048], [-46.3741, -53.3078], [-45.9039, -53.2979], [-45.6537, -53.2918], [-45.5426, -53.2889], [-45.4338, -53.286], [-45.1917, -53.0973], [-45.3004, -52.8083]]}, "properties": {"type": "ExtendedContinentalCrust", "length": 0.0374, "pid": 8192, "name": "Barker Bank COB"}}, {"type": "Feature", "geometry": {"type": "LineString", "coordinates": [[-45.3004, -52.8083], [-45.3496, -52.6762], [-45.6136, -52.5258]]}, "properties": {"type": "ExtendedContinentalCrust", "length": 0.0062, "pid": 8192, "name": "Barker Bank COB"}}, {"type": "Feature", "geometry": {"type": "LineString", "coordinates": [[-42.2266, -52.8883], [-43.2176, -52.7894], [-43.7171, -53.0453]]}, "properties": {"type": "ExtendedContinentalCrust", "length": 0.0175, "pid": 8171, "name": "Shag Rocks COB"}}, {"type": "Feature", "geometry": {"type": "LineString", "coordinates": [[-43.7171, -53.0453], [-43.8281, -53.1014], [-44.0543, -53.3397], [-43.7601, -53.4838], [-42.9364, -53.6489], [-42.2089, -53.7889], [-41.8112, -53.8976], [-41.6863, -53.9489], [-40.3797, -54.1524], [-39.726, -54.2288], [-39.0854, -54.3797]]}, "properties": {"type": "ExtendedContinentalCrust", "length": 0.0609, "pid": 8171, "name": "Shag Rocks COB"}}, {"type": "Feature", "geometry": {"type": "LineString", "coordinates": [[-48.5296, -60.9258], [-48.597, -61.0811], [-48.6479, -61.1349], [-48.6884, -61.3429], [-47.5933, -61.899], [-47.3851, -62.0016], [-47.1281, -62.1267], [-46.6371, -62.3617], [-46.3341, -62.504], [-45.4464, -62.9097], [-45.112, -63.0582], [-44.9258, -63.1399], [-44.7657, -63.2097], [-44.1853, -63.4581], [-43.1933, -63.2744], [-41.7667, -62.8769], [-41.1883, -62.6438], [-40.3487, -62.4359], [-37.1465, -61.5408], [-35.5435, -61.1107], [-34.1255, -60.6389], [-33.3584, -60.3983]]}, "properties": {"type": "ExtendedContinentalCrust", "length": 0.1631, "pid": 812, "name": "South Orkney COB"}}, {"type": "Feature", "geometry": {"type": "LineString", "coordinates": [[-52.1699, -62.0136], [-51.4804, -62.4759], [-51.1596, -62.6851], [-50.6063, -63.0374], [-50.3773, -63.1801], [-49.6489, -63.6225], [-49.286, -63.8366], [-49.1217, -63.9322], [-48.605, -64.2273], [-48.9895, -64.3614], [-49.5989, -64.5909]]}, "properties": {"type": "ExtendedContinentalCrust", "length": 0.0576, "pid": 802, "name": "Antarctic Peninsular COB"}}, {"type": "Feature", "geometry": {"type": "LineString", "coordinates": [[-67.5766, -57.5001], [-67.3694, -57.1834], [-65.5877, -55.932], [-64.437, -56.2545], [-63.5414, -55.5031], [-63.0881, -55.5852], [-62.1928, -54.8804], [-61.801, -54.5591]]}, "properties": {"type": "ExtendedContinentalCrust", "length": 0.0887, "pid": 819, "name": "West Scotia COB NW15"}}, {"type": "Feature", "geometry": {"type": "LineString", "coordinates": [[-55.1539, -61.3746], [-54.5934, -60.6223], [-55.826, -60.3955], [-54.4489, -58.9581], [-53.1024, -59.1513], [-52.4264, -58.3153], [-51.924, -58.3487], [-51.233, -57.5596], [-49.1486, -57.8298]]}, "properties": {"type": "UnclassifiedFeature", "length": 0.1213, "pid": 8181, "name": "Terror Rise/West Scotia Ridge COB NW15"}}, {"type": "Feature", "geometry": {"type": "LineString", "coordinates": [[-43.6695, -58.8738], [-43.673, -58.8691], [-44.1079, -58.6342], [-44.7203, -58.6529], [-45.2959, -58.6577], [-46.0971, -58.734], [-46.8843, -58.7651], [-47.015, -58.8149]]}, "properties": {"type": "UnclassifiedFeature", "length": 0.0326, "pid": 8182, "name": "Northern Pirie Bank"}}, {"type": "Feature", "geometry": {"type": "LineString", "coordinates": [[-42.2285, -60.8187], [-43.2726, -60.5437], [-44.3549, -60.4549], [-44.8723, -60.3905]]}, "properties": {"type": "ExtendedContinentalCrust", "length": 0.0242, "pid": 812, "name": "South Orkley northern COB"}}, {"type": "Feature", "geometry": {"type": "LineString", "coordinates": [[-48.0143, -60.5483], [-48.4631, -60.5646], [-49.1001, -60.5608], [-50.0061, -60.5503], [-50.6577, -60.5223]]}, "properties": {"type": "ExtendedContinentalCrust", "length": 0.0227, "pid": 812, "name": "South Orkley northern COB"}}, {"type": "Feature", "geometry": {"type": "LineString", "coordinates": [[-38.3641, -60.6339], [-37.0858, -60.2042], [-36.7123, -60.0806], [-35.8759, -59.8361], [-35.8749, -59.8299]]}, "properties": {"type": "ExtendedContinentalCrust", "length": 0.0258, "pid": 8184, "name": "Discovery Bank COB"}}, {"type": "Feature", "geometry": {"type": "LineString", "coordinates": [[-38.3641, -60.6339], [-38.3696, -60.2904], [-38.5068, -59.9974], [-39.0581, -59.5398], [-40.1138, -59.4624], [-40.6687, -59.5492]]}, "properties": {"type": "ExtendedContinentalCrust", "length": 0.0352, "pid": 818, "name": "Bruce Bank COB"}}, {"type": "Feature", "geometry": {"type": "LineString", "coordinates": [[-39.8435, -53.1967], [-39.696, -53.3054], [-38.7517, -53.4623], [-37.9843, -53.4227], [-37.1747, -53.244], [-35.6606, -53.5102], [-34.7121, -54.0481], [-33.8841, -54.5002], [-33.7374, -54.5529]]}, "properties": {"type": "ExtendedContinentalCrust", "length": 0.0729, "pid": 817, "name": "South Georgia northern COB"}}, {"type": "Feature", "geometry": {"type": "LineString", "coordinates": [[-35.8749, -59.8299], [-34.6943, -59.8978], [-33.412, -59.6578], [-32.7877, -59.6933], [-32.402, -59.757], [-32.0711, -59.6657], [-31.136, -59.5757], [-31.0346, -59.746]]}, "properties": {"type": "UnclassifiedFeature", "length": 0.0464, "pid": 8185, "name": "Herdman bank COB"}}, {"type": "Feature", "geometry": {"type": "LineString", "coordinates": [[-33.3584, -60.3983], [-32.7245, -60.4314]]}, "properties": {"type": "UnclassifiedFeature", "length": 0.0055, "pid": 8184, "name": "Discovery bank COB"}}, {"type": "Feature", "geometry": {"type": "LineString", "coordinates": [[-48.5296, -60.9258], [-49.6312, -60.9443], [-50.0001, -61.0631], [-50.3372, -61.1699], [-50.8196, -61.3704], [-51.722, -61.6358], [-52.1699, -62.0136]]}, "properties": {"type": "UnclassifiedFeature", "length": 0.0382, "pid": 802, "name": "Elephant Island COB"}}, {"type": "Feature", "geometry": {"type": "LineString", "coordinates": [[-31.0346, -59.746], [-31.1981, -59.8518], [-31.4867, -59.9902], [-31.6783, -60.131], [-31.6955, -60.2796], [-31.6409, -60.4215], [-31.177, -60.5143]]}, "properties": {"type": "UnclassifiedFeature", "length": 0.0182, "pid": 8185, "name": "Herdman Bank COB"}}, {"type": "Feature", "geometry": {"type": "LineString", "coordinates": [[-31.177, -60.5143], [-31.0964, -60.5303]]}, "properties": {"type": "UnclassifiedFeature", "length": 0.0007, "pid": 8185, "name": "Herdman Bank COB"}}, {"type": "Feature", "geometry": {"type": "LineString", "coordinates": [[-31.0964, -60.5303], [-30.5956, -60.6277], [-30.6173, -60.8032], [-31.4425, -60.9236], [-32.3548, -60.8096], [-32.4823, -60.632], [-32.7245, -60.4314]]}, "properties": {"type": "UnclassifiedFeature", "length": 0.0304, "pid": 8185, "name": "Herdman Bank COB"}}, {"type": "Feature", "geometry": {"type": "LineString", "coordinates": [[-42.2266, -52.8883], [-41.2312, -52.9788], [-41.119, -52.9901], [-40.1643, -53.169], [-39.8435, -53.1967]]}, "properties": {"type": "UnclassifiedFeature", "length": 0.0257, "pid": 201, "name": "CLONE:edge of deformation"}}, {"type": "Feature", "geometry": {"type": "LineString", "coordinates": [[155.8779, 52.7118], [155.0422, 53.1314]]}, "properties": {"type": "UnclassifiedFeature", "length": 0.0114, "pid": 43201, "name": "Siberia_Mesh_Line"}}, {"type": "Feature", "geometry": {"type": "LineString", "coordinates": [[144.1498, 58.7362], [142.7726, 59.4535], [139.9418, 60.6727], [138.749, 62.1476], [135.135, 63.2503], [133.394, 63.3988], [130.6687, 64.6382], [128.0128, 65.7341], [126.0543, 66.8059], [125.7521, 68.2889], [126.324, 69.9813], [131.9432, 71.9276], [132.1873, 71.9219]]}, "properties": {"type": "UnclassifiedFeature", "length": 0.3106, "pid": 43201, "name": "Siberia_Mesh_Line"}}, {"type": "Feature", "geometry": {"type": "LineString", "coordinates": [[141.503, 71.4652], [142.2356, 71.6721], [146.2084, 72.044], [162.0924, 69.9505]]}, "properties": {"type": "UnclassifiedFeature", "length": 0.125, "pid": 42100, "name": "Siberia_Mesh_Line"}}, {"type": "Feature", "geometry": {"type": "LineString", "coordinates": [[142.0839, 58.0006], [142.2617, 58.0665], [144.1498, 58.7362]]}, "properties": {"type": "UnclassifiedFeature", "length": 0.0229, "pid": 401, "name": "Siberia_Mesh_Line"}}, {"type": "Feature", "geometry": {"type": "LineString", "coordinates": [[162.0924, 69.9505], [159.9263, 68.1807], [153.0585, 66.589], [151.8397, 64.5966], [152.9611, 63.6794], [154.1297, 62.646], [156.1986, 62.295], [157.2405, 62.1032], [158.0134, 61.9543], [159.4529, 61.6612], [161.1588, 61.2865], [161.09, 61.1607]]}, "properties": {"type": "UnclassifiedFeature", "length": 0.2263, "pid": 44103, "name": "Siberia_Mesh_Line"}}, {"type": "Feature", "geometry": {"type": "LineString", "coordinates": [[155.8779, 52.7118], [156.0089, 52.3866], [156.3894, 51.7462], [156.7604, 51.1027]]}, "properties": {"type": "UnclassifiedFeature", "length": 0.0297, "pid": 406, "name": "Siberia_Mesh_Line"}}, {"type": "Feature", "geometry": {"type": "LineString", "coordinates": [[156.7604, 51.1027], [156.8375, 50.9908], [158.0152, 51.7752]]}, "properties": {"type": "UnclassifiedFeature", "length": 0.0209, "pid": 406, "name": "Siberia_Mesh_Line"}}, {"type": "Feature", "geometry": {"type": "LineString", "coordinates": [[158.0152, 51.7752], [160.2402, 53.0281], [162.3052, 54.7098], [163.0044, 56.1176], [163.0961, 56.2572]]}, "properties": {"type": "UnclassifiedFeature", "length": 0.0966, "pid": 406, "name": "Siberia_Mesh_Line"}}, {"type": "Feature", "geometry": {"type": "LineString", "coordinates": [[163.0961, 56.2572], [163.765, 57.2425], [164.1467, 58.0462]]}, "properties": {"type": "UnclassifiedFeature", "length": 0.0328, "pid": 406, "name": "Siberia_Mesh_Line"}}, {"type": "Feature", "geometry": {"type": "LineString", "coordinates": [[164.1467, 58.0462], [167.4885, 59.3314], [171.4307, 61.6756], [170.0182, 61.779], [168.0059, 61.5199], [166.3927, 61.2328], [164.8904, 60.9432], [164.0863, 60.7789], [161.09, 61.1607]]}, "properties": {"type": "UnclassifiedFeature", "length": 0.1816, "pid": 406, "name": "Siberia_Mesh_Line"}}, {"type": "Feature", "geometry": {"type": "LineString", "coordinates": [[138.5367, 71.6624], [141.503, 71.4652]]}, "properties": {"type": "UnclassifiedFeature", "length": 0.0167, "pid": 43201, "name": "CLONE:Siberia_Mesh_Line"}}, {"type": "Feature", "geometry": {"type": "LineString", "coordinates": [[144.4241, 44.5374], [145.8286, 44.7604], [146.8934, 45.2371], [148.7565, 45.97], [149.9416, 46.2649], [150.5715, 46.5928], [151.2075, 46.7936], [152.2833, 47.5089], [152.7451, 47.766], [154.1449, 49.3771]]}, "properties": {"type": "UnclassifiedFeature", "length": 0.15, "pid": 6662, "name": "Kurli_Arc_Mask_Boundary_Topology"}}, {"type": "Feature", "geometry": {"type": "LineString", "coordinates": [[154.1449, 49.3771], [152.1084, 48.7104], [150.8748, 48.2218], [149.3233, 47.6973], [148.9717, 47.577], [146.3141, 47.3605], [144.7523, 47.2067]]}, "properties": {"type": "UnclassifiedFeature", "length": 0.1179, "pid": 406, "name": "Kurli_Arc_Mask_Boundary_Topology"}}, {"type": "Feature", "geometry": {"type": "LineString", "coordinates": [[111.2687, 12.2043], [111.6653, 12.3604], [112.4723, 12.6799], [113.1561, 13.2587], [113.128, 13.6245], [113.678, 14.3043], [113.7019, 14.5583], [113.8107, 14.6425], [114.3048, 14.9462], [114.9157, 15.6898], [115.0787, 16.1176], [115.4239, 16.8052], [115.6596, 17.0171], [115.781, 17.2447], [115.768, 17.3138], [115.1317, 17.2461], [114.8612, 17.2556], [114.6353, 17.0731], [114.2253, 16.7289], [113.9152, 16.7158], [113.7193, 16.9159], [113.6464, 17.2453], [114.2354, 18.3583], [114.7396, 18.5475], [114.9009, 18.5686], [115.9404, 18.2013], [116.4248, 18.2096], [116.7571, 18.2796], [116.9329, 18.3445], [117.0758, 18.4679], [117.2176, 18.641], [118.0163, 19.0202], [119.3333, 19.1642], [119.7667, 19.667], [119.0906, 21.7557], [117.8122, 25.3098]]}, "properties": {"type": "UnclassifiedFeature", "length": 0.3967, "pid": 612, "name": "South_China_Sea_Deformation_Boundary"}}, {"type": "Feature", "geometry": {"type": "LineString", "coordinates": [[117.8122, 25.3098], [116.7984, 24.3735], [115.7055, 23.782], [114.4253, 23.1895], [113.0824, 23.0199], [111.9255, 22.4317], [111.3335, 22.2534], [110.6271, 22.0092], [109.8877, 21.8161], [108.8774, 22.0905], [108.3648, 22.2043], [107.5002, 21.8935], [106.975, 21.5528], [106.4411, 21.1676], [105.8058, 20.7572], [105.732, 20.7331]]}, "properties": {"type": "UnclassifiedFeature", "length": 0.2196, "pid": 602, "name": "South_China_Sea_Deformation_Boundary_1"}}, {"type": "Feature", "geometry": {"type": "LineString", "coordinates": [[118.9689, 12.3769], [118.5625, 12.3387], [117.4138, 12.2808], [116.9434, 12.5966], [116.2822, 12.8187], [116.1506, 12.4533], [115.8541, 12.0995], [115.2945, 11.9873], [114.5315, 12.0058], [113.9643, 11.8011], [113.5028, 11.3822], [113.134, 11.083], [112.5734, 10.7637], [111.7277, 10.357], [111.3753, 10.6668], [111.2687, 12.2043]]}, "properties": {"type": "UnclassifiedFeature", "length": 0.1773, "pid": 613, "name": "CLONE:South_China_Sea_Deformation_Boundary"}}, {"type": "Feature", "geometry": {"type": "LineString", "coordinates": [[120.5181, 12.4992], [120.5796, 12.654], [120.267, 13.4611], [120.2497, 13.5006]]}, "properties": {"type": "UnclassifiedFeature", "length": 0.0187, "pid": 677, "name": "South_China_Sea_Deformation_Boundary"}}, {"type": "Feature", "geometry": {"type": "LineString", "coordinates": [[120.5181, 12.4992], [119.9834, 12.5056], [119.6781, 12.5278], [119.1619, 12.4965], [119.0899, 12.4939], [119.0597, 12.452], [118.9935, 12.4087], [118.9689, 12.3769]]}, "properties": {"type": "UnclassifiedFeature", "length": 0.0273, "pid": 677, "name": "South_China_Sea_Deformation_Boundary"}}, {"type": "Feature", "geometry": {"type": "LineString", "coordinates": [[117.4166, 8.6425], [119.4543, 10.1417], [119.8159, 10.2281], [119.8294, 10.3118], [120.3387, 10.9461], [121.2467, 11.8576], [121.5479, 12.2874]]}, "properties": {"type": "UnclassifiedFeature", "length": 0.0971, "pid": 677, "name": "South_China_Sea_Deformation_Boundary"}}, {"type": "Feature", "geometry": {"type": "LineString", "coordinates": [[120.2497, 13.5006], [120.3893, 13.5169]]}, "properties": {"type": "UnclassifiedFeature", "length": 0.0024, "pid": 677, "name": "South_China_Sea_Deformation_Boundary"}}, {"type": "Feature", "geometry": {"type": "MultiLineString", "coordinates": [[[165.6592, -51.9905], [165.8207, -51.8751], [166.4397, -51.4254], [166.8926, -51.0885], [167.5126, -50.6163], [168.7178, -50.0335], [169.8938, -49.4385], [170.6882, -48.9542], [171.4673, -48.4644], [172.2315, -47.9696], [173.0053, -47.5172], [173.7657, -47.0596], [174.5087, -46.6236], [175.2397, -46.1828], [176.0074, -45.7886], [176.7643, -45.3894], [177.6083, -44.9315], [178.4388, -44.4674], [179.1657, -43.9904], [179.8809, -43.5087], [180.0, -43.3738]], [[-180.0, -43.3738], [-179.5742, -42.8851], [-179.155, -42.3949], [-178.7559, -41.61], [-178.4938, -41.2385], [-178.3296, -41.0032]]]}, "properties": {"type": "UnclassifiedFeature", "length": 0.2733, "pid": 950, "name": "Cambell_Deformation_Boundary"}}, {"type": "Feature", "geometry": {"type": "MultiLineString", "coordinates": [[[-178.3296, -41.0032], [-178.496, -40.9936], [-178.6995, -40.9816], [-178.9759, -40.9648], [-179.1074, -40.9565], [-179.2232, -40.9491], [-179.6577, -40.9203], [-180.0, -40.8965]], [[180.0, -40.8965], [179.9374, -40.892], [179.5024, -40.8599], [179.0592, -40.8256], [178.4287, -40.7737], [178.3812, -40.8068]]]}, "properties": {"type": "UnclassifiedFeature", "length": 0.0438, "pid": 879, "name": "Cambell_Deformation_Boundary"}}, {"type": "Feature", "geometry": {"type": "LineString", "coordinates": [[165.1454, -46.557], [165.1748, -46.7999]]}, "properties": {"type": "UnclassifiedFeature", "length": 0.0043, "pid": 950, "name": "Cambell_Deformation_Boundary"}}, {"type": "Feature", "geometry": {"type": "LineString", "coordinates": [[165.1748, -46.7999], [165.1887, -46.9141], [165.1843, -47.227], [165.2079, -47.532], [165.3212, -47.8979], [165.4977, -48.357], [165.9981, -48.9986], [165.9864, -49.256], [165.9781, -49.4351], [165.9727, -49.551], [165.968, -49.6526], [165.9629, -49.7614], [165.9575, -49.8761], [165.8887, -50.1562], [165.8208, -50.4292], [165.7446, -50.8206], [165.7267, -51.0423], [165.7059, -51.298], [165.6935, -51.4844], [165.6758, -51.7466], [165.6669, -51.8778], [165.6621, -51.9481], [165.6592, -51.9905]]}, "properties": {"type": "UnclassifiedFeature", "length": 0.0926, "pid": 950, "name": "Cambell_Deformation_Boundary"}}, {"type": "Feature", "geometry": {"type": "LineString", "coordinates": [[176.1211, -35.7842], [176.3737, -35.8077], [177.0272, -35.6842], [178.0958, -35.4992]]}, "properties": {"type": "UnclassifiedFeature", "length": 0.0286, "pid": 833, "name": "North_NZ_Mesh_Boundary"}}, {"type": "Feature", "geometry": {"type": "LineString", "coordinates": [[178.4368, -40.594], [178.4063, -40.667], [178.3812, -40.8068]]}, "properties": {"type": "UnclassifiedFeature", "length": 0.0038, "pid": 868, "name": "Boundary"}}, {"type": "Feature", "geometry": {"type": "LineString", "coordinates": [[178.0958, -35.4992], [178.7477, -35.6947], [179.3729, -35.878], [179.8933, -36.0274], [179.8257, -36.56], [179.9333, -36.8665], [179.975, -37.1061]]}, "properties": {"type": "UnclassifiedFeature", "length": 0.0462, "pid": 833, "name": "NZ_Mesh"}}, {"type": "Feature", "geometry": {"type": "MultiLineString", "coordinates": [[[179.975, -37.1061], [180.0, -37.2494]], [[-180.0, -37.2494], [-179.996, -37.2722], [-180.0, -37.3021]], [[180.0, -37.3021], [179.9475, -37.6921], [179.6673, -38.1242], [179.5899, -38.2342], [179.476, -38.3952], [179.4355, -38.4524], [179.4348, -38.4534]]]}, "properties": {"type": "UnclassifiedFeature", "length": 0.0253, "pid": 833, "name": "NZ_Mesh"}}, {"type": "Feature", "geometry": {"type": "LineString", "coordinates": [[167.1958, -44.1194], [167.6492, -43.1757], [168.7167, -42.3266], [169.5345, -41.6847], [170.224, -41.3167], [170.9317, -40.5164], [171.1091, -39.4066], [171.9856, -38.6093], [172.7834, -38.06], [173.4048, -37.4313], [172.8099, -36.881], [172.5441, -36.3212], [172.3467, -35.8997], [172.1546, -35.4852], [171.8921, -34.9108], [171.6739, -34.4271], [171.5114, -34.0627], [171.5369, -33.834], [171.5726, -33.5128], [171.5935, -33.4934]]}, "properties": {"type": "UnclassifiedFeature", "length": 0.2225, "pid": 833, "name": "NZ_Mesh"}}]}